[kernel-build] canonical self-log: evidence/builds/kernel_4k_hoolock-7.0.12_20260929.log
[kernel-build] host: Linux 7.1.5-76070105-generic, 12 cores
[kernel-build] cross gcc: aarch64-buildroot-linux-gnu-gcc.br_real (toolchains.bootlin.com 2026.08-1) 15.3.0
[kernel-build] checking upstream tree /home/potato/grafene/pomme/upstream/linux-hoolock
[kernel-build] upstream present; verifying pin
[kernel-build] upstream verified: dfa4d42081312dd34ec33ee8d23174309f683188 (2026-06-12 12:28:16 +0800)
[kernel-build] patch already applied, skipping: 0001-backlight-apple_pmic_bl-add-default-case-to-get_brightness.patch
[kernel-build] config in: /home/potato/grafene/pomme/tooling/kernel/config-postmarketos-apple-4k.aarch64
[kernel-build] config-in sha256: f26e42ef7247d183f8e57568399d82103beda8c1d4494be02b344b2ed52d91b4
[kernel-build] flavor: 4k (CONFIG_ARM64_4K_PAGES=y; device scope: A7/A8/A8X (iPhone 5s/6/6+, iPad Air/Air 2, iPad mini 2/3/4))
[kernel-build] artifacts dir: /home/potato/grafene/pomme/artifacts/kernel-4k
[kernel-build] olddefconfig (settles any new symbols against the pinned config)
make[1]: Entering directory '/home/potato/grafene/pomme/upstream/linux-hoolock'
make[2]: Entering directory '/home/potato/grafene/pomme/upstream/linux-hoolock/out-4k'
  GEN     Makefile
  HOSTCC  scripts/basic/fixdep
  HOSTCC  scripts/kconfig/conf.o
  HOSTCC  scripts/kconfig/confdata.o
  HOSTCC  scripts/kconfig/expr.o
  LEX     scripts/kconfig/lexer.lex.c
  YACC    scripts/kconfig/parser.tab.[ch]
  HOSTCC  scripts/kconfig/lexer.lex.o
  HOSTCC  scripts/kconfig/menu.o
  HOSTCC  scripts/kconfig/parser.tab.o
  HOSTCC  scripts/kconfig/preprocess.o
  HOSTCC  scripts/kconfig/symbol.o
  HOSTCC  scripts/kconfig/util.o
  HOSTLD  scripts/kconfig/conf
#
# configuration written to .config
#
make[2]: Leaving directory '/home/potato/grafene/pomme/upstream/linux-hoolock/out-4k'
make[1]: Leaving directory '/home/potato/grafene/pomme/upstream/linux-hoolock'
[kernel-build] settled config -> /home/potato/grafene/pomme/tooling/kernel/config-settled-4k.aarch64 (sha256: e1279fe355501b3d93dca17b45f130112b72355007dd357f2e45dd51398faad5)
[kernel-build] toolchain as seen by kconfig: CC=15.3.0 (CC_IS_GCC=y)
[kernel-build] note: CONFIG_RUST dropped by olddefconfig (no rustc/bindgen for the GCC toolchain; no boot-critical driver needs it)
[kernel-build] CONFIG_ARM64_4K_PAGES=y confirmed in settled config
[kernel-build] building Image + dtbs with -j8 (this is the long part; expect several GB of RAM use)
make[1]: Entering directory '/home/potato/grafene/pomme/upstream/linux-hoolock'
make[2]: Entering directory '/home/potato/grafene/pomme/upstream/linux-hoolock/out-4k'
  GEN     Makefile
  UPD     include/generated/uapi/linux/version.h
  UPD     include/generated/compile.h
  WRAP    arch/arm64/include/generated/uapi/asm/kvm_para.h
  WRAP    arch/arm64/include/generated/uapi/asm/errno.h
  WRAP    arch/arm64/include/generated/uapi/asm/ioctl.h
  WRAP    arch/arm64/include/generated/uapi/asm/ioctls.h
  WRAP    arch/arm64/include/generated/uapi/asm/ipcbuf.h
  HOSTCC  scripts/dtc/dtc.o
  WRAP    arch/arm64/include/generated/uapi/asm/msgbuf.h
  HOSTCC  scripts/dtc/flattree.o
  WRAP    arch/arm64/include/generated/uapi/asm/poll.h
  WRAP    arch/arm64/include/generated/uapi/asm/resource.h
  HOSTCC  scripts/dtc/fstree.o
  HOSTCC  scripts/dtc/livetree.o
  HOSTCC  scripts/dtc/data.o
  WRAP    arch/arm64/include/generated/uapi/asm/sembuf.h
  HOSTCC  scripts/dtc/treesource.o
  WRAP    arch/arm64/include/generated/uapi/asm/shmbuf.h
  WRAP    arch/arm64/include/generated/uapi/asm/siginfo.h
  WRAP    arch/arm64/include/generated/uapi/asm/socket.h
  WRAP    arch/arm64/include/generated/uapi/asm/sockios.h
  WRAP    arch/arm64/include/generated/uapi/asm/stat.h
  WRAP    arch/arm64/include/generated/uapi/asm/swab.h
  WRAP    arch/arm64/include/generated/uapi/asm/termbits.h
  WRAP    arch/arm64/include/generated/uapi/asm/termios.h
  WRAP    arch/arm64/include/generated/uapi/asm/types.h
  SYSHDR  arch/arm64/include/generated/uapi/asm/unistd_64.h
  HOSTCC  scripts/dtc/srcpos.o
  HOSTCC  scripts/dtc/checks.o
  HOSTCC  scripts/dtc/util.o
  LEX     scripts/dtc/dtc-lexer.lex.c
  WRAP    arch/arm64/include/generated/asm/early_ioremap.h
  WRAP    arch/arm64/include/generated/asm/fprobe.h
  WRAP    arch/arm64/include/generated/asm/mcs_spinlock.h
  WRAP    arch/arm64/include/generated/asm/mmzone.h
  WRAP    arch/arm64/include/generated/asm/qrwlock.h
  WRAP    arch/arm64/include/generated/asm/qspinlock.h
  WRAP    arch/arm64/include/generated/asm/parport.h
  WRAP    arch/arm64/include/generated/asm/user.h
  WRAP    arch/arm64/include/generated/asm/delay.h
  WRAP    arch/arm64/include/generated/asm/div64.h
  WRAP    arch/arm64/include/generated/asm/dma-mapping.h
  WRAP    arch/arm64/include/generated/asm/dma.h
  WRAP    arch/arm64/include/generated/asm/emergency-restart.h
  WRAP    arch/arm64/include/generated/asm/hw_irq.h
  WRAP    arch/arm64/include/generated/asm/irq_regs.h
  WRAP    arch/arm64/include/generated/asm/kdebug.h
  WRAP    arch/arm64/include/generated/asm/kmap_size.h
  WRAP    arch/arm64/include/generated/asm/local.h
  WRAP    arch/arm64/include/generated/asm/local64.h
  YACC    scripts/dtc/dtc-parser.tab.[ch]
  WRAP    arch/arm64/include/generated/asm/mmiowb.h
  WRAP    arch/arm64/include/generated/asm/msi.h
  WRAP    arch/arm64/include/generated/asm/serial.h
  WRAP    arch/arm64/include/generated/asm/softirq_stack.h
  WRAP    arch/arm64/include/generated/asm/switch_to.h
  WRAP    arch/arm64/include/generated/asm/trace_clock.h
  WRAP    arch/arm64/include/generated/asm/unwind_user.h
  WRAP    arch/arm64/include/generated/asm/vga.h
  WRAP    arch/arm64/include/generated/asm/video.h
  SYSTBL  arch/arm64/include/generated/asm/syscall_table_32.h
  HOSTCC  scripts/dtc/libfdt/fdt.o
  SYSTBL  arch/arm64/include/generated/asm/syscall_table_64.h
  SYSHDR  arch/arm64/include/generated/asm/unistd_32.h
  SYSHDR  arch/arm64/include/generated/asm/unistd_compat_32.h
  HOSTCC  scripts/dtc/libfdt/fdt_ro.o
  HOSTCC  scripts/dtc/libfdt/fdt_wip.o
  HOSTCC  scripts/dtc/libfdt/fdt_sw.o
  HOSTCC  scripts/dtc/libfdt/fdt_rw.o
  HOSTCC  scripts/dtc/libfdt/fdt_strerror.o
  HOSTCC  scripts/dtc/libfdt/fdt_empty_tree.o
  HOSTCC  scripts/dtc/libfdt/fdt_addresses.o
  HOSTCC  scripts/dtc/libfdt/fdt_overlay.o
  HOSTCC  scripts/dtc/fdtoverlay.o
  HOSTCC  scripts/dtc/dtc-lexer.lex.o
  HOSTCC  scripts/dtc/dtc-parser.tab.o
  HOSTLD  scripts/dtc/fdtoverlay
  HOSTLD  scripts/dtc/dtc
  HOSTCC  scripts/kallsyms
  HOSTCC  scripts/sorttable.o
  HOSTCC  scripts/elf-parse.o
  HOSTCC  scripts/asn1_compiler
  HOSTCC  scripts/tracepoint-update.o
  TOUCH   include/generated/gcc-plugins.h
  HOSTLD  scripts/tracepoint-update
  HOSTLD  scripts/sorttable
  UPD     include/config/kernel.release
  UPD     include/generated/utsrelease.h
  GEN     arch/arm64/include/generated/asm/cpucap-defs.h
  GEN     arch/arm64/include/generated/asm/sysreg-defs.h
  DTC     arch/arm64/boot/dts/apple/s5l8960x-j71.dtb
  DTC     arch/arm64/boot/dts/apple/s5l8960x-j73.dtb
  DTC     arch/arm64/boot/dts/apple/s5l8960x-j85m.dtb
  DTC     arch/arm64/boot/dts/apple/s5l8960x-j86m.dtb
  DTC     arch/arm64/boot/dts/apple/s5l8960x-j87m.dtb
  DTC     arch/arm64/boot/dts/apple/s5l8960x-n53.dtb
  DTC     arch/arm64/boot/dts/apple/s5l8960x-j72.dtb
  DTC     arch/arm64/boot/dts/apple/s5l8960x-j85.dtb
  CC      scripts/mod/empty.o
  HOSTCC  scripts/mod/mk_elfconfig
  DTC     arch/arm64/boot/dts/apple/s5l8960x-j86.dtb
  DTC     arch/arm64/boot/dts/apple/s5l8960x-j87.dtb
  DTC     arch/arm64/boot/dts/apple/s5l8960x-n51.dtb
  CC      scripts/mod/devicetable-offsets.s
  DTC     arch/arm64/boot/dts/apple/t7000-j42d.dtb
  DTC     arch/arm64/boot/dts/apple/t7000-j96.dtb
  DTC     arch/arm64/boot/dts/apple/t7000-j97.dtb
  DTC     arch/arm64/boot/dts/apple/t7000-n102.dtb
  DTC     arch/arm64/boot/dts/apple/t7000-n56.dtb
  DTC     arch/arm64/boot/dts/apple/t7000-n61.dtb
  DTC     arch/arm64/boot/dts/apple/t7001-j81.dtb
  DTC     arch/arm64/boot/dts/apple/t7001-j82.dtb
  DTC     arch/arm64/boot/dts/apple/s8000-j71s.dtb
  DTC     arch/arm64/boot/dts/apple/s8000-j72s.dtb
  MKELF   scripts/mod/elfconfig.h
  UPD     scripts/mod/devicetable-offsets.h
  HOSTCC  scripts/mod/sumversion.o
  HOSTCC  scripts/mod/symsearch.o
  DTC     arch/arm64/boot/dts/apple/s8000-n66.dtb
  DTC     arch/arm64/boot/dts/apple/s8000-n69u.dtb
  DTC     arch/arm64/boot/dts/apple/s8000-n71.dtb
  DTC     arch/arm64/boot/dts/apple/s8003-j71t.dtb
  DTC     arch/arm64/boot/dts/apple/s8003-j72t.dtb
  DTC     arch/arm64/boot/dts/apple/s8003-n66m.dtb
  DTC     arch/arm64/boot/dts/apple/s8003-n69.dtb
  DTC     arch/arm64/boot/dts/apple/s8003-n71m.dtb
  DTC     arch/arm64/boot/dts/apple/s8001-j127.dtb
  DTC     arch/arm64/boot/dts/apple/s8001-j128.dtb
  DTC     arch/arm64/boot/dts/apple/s8001-j98a.dtb
  DTC     arch/arm64/boot/dts/apple/s8001-j99a.dtb
  DTC     arch/arm64/boot/dts/apple/t8010-d101.dtb
  DTC     arch/arm64/boot/dts/apple/t8010-d10.dtb
  DTC     arch/arm64/boot/dts/apple/t8010-d111.dtb
  DTC     arch/arm64/boot/dts/apple/t8010-d11.dtb
  DTC     arch/arm64/boot/dts/apple/t8010-j171.dtb
  DTC     arch/arm64/boot/dts/apple/t8010-j172.dtb
  DTC     arch/arm64/boot/dts/apple/t8010-j71b.dtb
  DTC     arch/arm64/boot/dts/apple/t8010-j72b.dtb
  DTC     arch/arm64/boot/dts/apple/t8010-n112.dtb
  DTC     arch/arm64/boot/dts/apple/t8011-j105a.dtb
  DTC     arch/arm64/boot/dts/apple/t8011-j120.dtb
  DTC     arch/arm64/boot/dts/apple/t8011-j121.dtb
  DTC     arch/arm64/boot/dts/apple/t8011-j207.dtb
  DTC     arch/arm64/boot/dts/apple/t8011-j208.dtb
  DTC     arch/arm64/boot/dts/apple/t8012-j132.dtb
  DTC     arch/arm64/boot/dts/apple/t8012-j137.dtb
  DTC     arch/arm64/boot/dts/apple/t8012-j140a.dtb
  DTC     arch/arm64/boot/dts/apple/t8012-j140k.dtb
  DTC     arch/arm64/boot/dts/apple/t8012-j160.dtb
  DTC     arch/arm64/boot/dts/apple/t8012-j152f.dtb
  DTC     arch/arm64/boot/dts/apple/t8012-j174.dtb
  DTC     arch/arm64/boot/dts/apple/t8012-j185.dtb
  DTC     arch/arm64/boot/dts/apple/t8012-j185f.dtb
  DTC     arch/arm64/boot/dts/apple/t8012-j213.dtb
  DTC     arch/arm64/boot/dts/apple/t8012-j215.dtb
  DTC     arch/arm64/boot/dts/apple/t8012-j223.dtb
  HOSTCC  scripts/mod/modpost.o
  HOSTCC  scripts/mod/file2alias.o
  DTC     arch/arm64/boot/dts/apple/t8012-j230k.dtb
  DTC     arch/arm64/boot/dts/apple/t8012-j214k.dtb
  DTC     arch/arm64/boot/dts/apple/t8012-j680.dtb
  DTC     arch/arm64/boot/dts/apple/t8012-j780.dtb
  DTC     arch/arm64/boot/dts/apple/t8015-d201.dtb
  DTC     arch/arm64/boot/dts/apple/t8015-d20.dtb
  DTC     arch/arm64/boot/dts/apple/t8015-d211.dtb
  DTC     arch/arm64/boot/dts/apple/t8015-d21.dtb
  DTC     arch/arm64/boot/dts/apple/t8015-d221.dtb
  DTC     arch/arm64/boot/dts/apple/t8015-d22.dtb
  DTC     arch/arm64/boot/dts/apple/t8103-j274.dtb
  DTC     arch/arm64/boot/dts/apple/t8103-j293.dtb
  DTC     arch/arm64/boot/dts/apple/t8103-j313.dtb
  DTC     arch/arm64/boot/dts/apple/t8103-j456.dtb
  DTC     arch/arm64/boot/dts/apple/t8103-j457.dtb
  DTC     arch/arm64/boot/dts/apple/t6000-j314s.dtb
  DTC     arch/arm64/boot/dts/apple/t6001-j314c.dtb
  DTC     arch/arm64/boot/dts/apple/t6000-j316s.dtb
  DTC     arch/arm64/boot/dts/apple/t6001-j316c.dtb
  DTC     arch/arm64/boot/dts/apple/t6001-j375c.dtb
  DTC     arch/arm64/boot/dts/apple/t6002-j375d.dtb
  DTC     arch/arm64/boot/dts/apple/t6022-j180d.dtb
  DTC     arch/arm64/boot/dts/apple/t6020-j414s.dtb
  DTC     arch/arm64/boot/dts/apple/t6021-j414c.dtb
  DTC     arch/arm64/boot/dts/apple/t6020-j416s.dtb
  DTC     arch/arm64/boot/dts/apple/t6021-j416c.dtb
  DTC     arch/arm64/boot/dts/apple/t6020-j474s.dtb
  DTC     arch/arm64/boot/dts/apple/t6021-j475c.dtb
  DTC     arch/arm64/boot/dts/apple/t6022-j475d.dtb
  DTC     arch/arm64/boot/dts/apple/t8112-j413.dtb
  DTC     arch/arm64/boot/dts/apple/t8112-j415.dtb
  DTC     arch/arm64/boot/dts/apple/t8112-j473.dtb
  DTC     arch/arm64/boot/dts/apple/t8112-j493.dtb
  HOSTLD  scripts/mod/modpost
  CC      kernel/bounds.s
  CHKSHA1 ../include/linux/atomic/atomic-arch-fallback.h
  CHKSHA1 ../include/linux/atomic/atomic-instrumented.h
  CHKSHA1 ../include/linux/atomic/atomic-long.h
  UPD     include/generated/timeconst.h
  UPD     include/generated/bounds.h
  CC      arch/arm64/kernel/asm-offsets.s
  UPD     include/generated/asm-offsets.h
  CC      kernel/sched/rq-offsets.s
  UPD     include/generated/rq-offsets.h
  CALL    ../scripts/checksyscalls.sh
  LDS     arch/arm64/kernel/vdso/vdso.lds
  CC      arch/arm64/kernel/vdso/vgettimeofday.o
  AS      arch/arm64/kernel/vdso/note.o
  AS      arch/arm64/kernel/vdso/sigreturn.o
  CC      arch/arm64/kernel/vdso/vgetrandom.o
  AS      arch/arm64/kernel/vdso/vgetrandom-chacha.o
  LD      arch/arm64/kernel/vdso/vdso.so.dbg
  VDSOSYM include/generated/vdso-offsets.h
  OBJCOPY arch/arm64/kernel/vdso/vdso.so
  LDS     scripts/module.lds
  CC      init/main.o
  HOSTCC  usr/gen_init_cpio
  CC      certs/system_keyring.o
  UPD     init/utsversion-tmp.h
  CC      mm/filemap.o
  CC      mm/mempool.o
  CC      fs/notify/dnotify/dnotify.o
  CC      arch/arm64/kernel/pi/idreg-override.o
  CC      kernel/sched/core.o
  HOSTCC  certs/extract-cert
  GEN     usr/initramfs_data.cpio
  CERT    certs/x509_certificate_list
  CERT    certs/signing_key.x509
  AS      certs/system_certificates.o
  COPY    usr/initramfs_inc_data
  AS      usr/initramfs_data.o
  AR      usr/built-in.a
  AR      certs/built-in.a
  CC      kernel/sched/fair.o
  CC      kernel/sched/build_policy.o
  HOSTCC  arch/arm64/kernel/pi/relacheck
  CC      arch/arm64/kernel/pi/map_kernel.o
  AR      fs/notify/dnotify/built-in.a
  CC      fs/notify/inotify/inotify_fsnotify.o
  CC      arch/arm64/kernel/pi/map_range.o
  CC      arch/arm64/kernel/pi/lib-fdt.o
  CC      mm/oom_kill.o
  CC      fs/notify/inotify/inotify_user.o
  CC      arch/arm64/kernel/pi/lib-fdt_ro.o
  CC      init/do_mounts.o
  CC      arch/arm64/kernel/pi/relocate.o
  CC      arch/arm64/kernel/pi/kaslr_early.o
  AR      fs/notify/inotify/built-in.a
  CC      fs/notify/fanotify/fanotify.o
  OBJCOPY arch/arm64/kernel/pi/idreg-override.pi.o
  OBJCOPY arch/arm64/kernel/pi/map_kernel.pi.o
  OBJCOPY arch/arm64/kernel/pi/map_range.pi.o
  OBJCOPY arch/arm64/kernel/pi/lib-fdt.pi.o
  OBJCOPY arch/arm64/kernel/pi/lib-fdt_ro.pi.o
  OBJCOPY arch/arm64/kernel/pi/relocate.pi.o
  OBJCOPY arch/arm64/kernel/pi/kaslr_early.pi.o
  AR      arch/arm64/kernel/pi/built-in.a
  CC      fs/notify/fsnotify.o
  CC      mm/fadvise.o
  CC      arch/arm64/kernel/probes/kprobes.o
  CC      fs/notify/fanotify/fanotify_user.o
  CC      mm/maccess.o
  CC      arch/arm64/kernel/probes/decode-insn.o
  CC      arch/arm64/mm/dma-mapping.o
  CC      arch/arm64/mm/extable.o
  AS      arch/arm64/kernel/probes/kprobes_trampoline.o
  CC      mm/page-writeback.o
  CC      mm/folio-compat.o
  CC      mm/readahead.o
  CC      arch/arm64/kernel/probes/simulate-insn.o
  AR      fs/notify/fanotify/built-in.a
  CC      fs/notify/notification.o
  CC      arch/arm64/kernel/probes/uprobes.o
  CC      kernel/sched/build_utility.o
  CC      mm/swap.o
  CC      mm/truncate.o
  CC      fs/notify/group.o
  AR      arch/arm64/kernel/probes/built-in.a
  CC      arch/arm64/kernel/debug-monitors.o
  CC      arch/arm64/mm/fault.o
  CC      arch/arm64/mm/init.o
  AS      arch/arm64/kernel/entry.o
  CC      mm/vmscan.o
  CC      arch/arm64/kernel/irq.o
  CC      fs/notify/mark.o
  CC      fs/notify/fdinfo.o
  AS      arch/arm64/mm/cache.o
  AR      fs/notify/built-in.a
  CC      mm/shrinker.o
  CC      arch/arm64/mm/copypage.o
  CC      arch/arm64/kernel/fpsimd.o
  CC      mm/shmem.o
  CC      arch/arm64/mm/flush.o
  CC      arch/arm64/kernel/entry-common.o
  CC      arch/arm64/mm/ioremap.o
  CC      arch/arm64/mm/mmap.o
  CC      arch/arm64/net/bpf_jit_comp.o
  CC      fs/nfs_common/nfs_ssc.o
  CC      arch/arm64/mm/pgd.o
  AS      arch/arm64/kernel/entry-fpsimd.o
  CC      arch/arm64/kernel/process.o
  CC      arch/arm64/mm/mem_encrypt.o
  CC      arch/arm64/mm/mmu.o
  CC      arch/arm64/kernel/ptrace.o
  CC      arch/arm64/mm/context.o
  AS      arch/arm64/mm/proc.o
  CC      arch/arm64/kernel/setup.o
  CC      arch/arm64/mm/pageattr.o
  CC      arch/arm64/mm/fixmap.o
  CC      arch/arm64/crypto/sm3-ce-glue.o
  CC      mm/util.o
  AS      arch/arm64/crypto/sm3-ce-core.o
  CC      arch/arm64/mm/contpte.o
  CC      arch/arm64/kernel/signal.o
  CC      arch/arm64/crypto/sm4-ce-cipher-glue.o
  AS      arch/arm64/crypto/sm4-ce-cipher-core.o
  CC      arch/arm64/crypto/sm4-ce-glue.o
  CC      arch/arm64/mm/hugetlbpage.o
  CC      fs/nfs_common/common.o
  CC      init/do_mounts_initrd.o
  AS      arch/arm64/net/bpf_timed_may_goto.o
  AR      kernel/sched/built-in.a
  AS      arch/arm64/crypto/sm4-ce-core.o
  AR      arch/arm64/net/built-in.a
  CC      arch/arm64/crypto/sm4-neon-glue.o
  AS      arch/arm64/crypto/sm4-neon-core.o
  CC      arch/arm64/crypto/ghash-ce-glue.o
  AS      arch/arm64/crypto/ghash-ce-core.o
  CC      arch/arm64/crypto/aes-ce-ccm-glue.o
  AS      arch/arm64/crypto/aes-ce-ccm-core.o
  CC      arch/arm64/crypto/aes-glue-ce.o
  CC      init/initramfs.o
  CC      kernel/locking/mutex.o
  CC      mm/mmzone.o
  CC      kernel/power/qos.o
  CC      init/calibrate.o
  CC      kernel/locking/semaphore.o
  CC      mm/vmstat.o
  CC      init/init_task.o
  CC      kernel/locking/rwsem.o
  CC      kernel/power/main.o
  CC      init/version.o
  CC      kernel/locking/percpu-rwsem.o
  CC      mm/backing-dev.o
  CC      kernel/locking/spinlock.o
  CC [M]  fs/nfs_common/nfsacl.o
  CC      kernel/locking/osq_lock.o
  AR      init/built-in.a
  CC      mm/mm_init.o
  CC      kernel/locking/qspinlock.o
  CC      arch/arm64/mm/gcs.o
  CC      arch/arm64/kernel/sys.o
  AS      arch/arm64/crypto/aes-ce.o
  CC      kernel/power/process.o
  CC      kernel/locking/rtmutex_api.o
  CC      arch/arm64/crypto/aes-glue-neon.o
  CC      kernel/locking/qrwlock.o
  CC [M]  fs/nfs_common/grace.o
  CC      arch/arm64/kernel/stacktrace.o
  CC      fs/iomap/trace.o
  CC      mm/percpu.o
  CC      kernel/power/poweroff.o
  AR      arch/arm64/mm/built-in.a
  CC      fs/iomap/iter.o
  AR      kernel/locking/built-in.a
  CC      kernel/power/energy_model.o
  CC      fs/iomap/buffered-io.o
  CC      kernel/power/em_netlink_autogen.o
  LD [M]  fs/nfs_common/nfs_acl.o
  CC      fs/quota/dquot.o
  AR      fs/nfs_common/built-in.a
  CC      fs/iomap/direct-io.o
  CC      kernel/power/em_netlink.o
  CC      kernel/printk/printk.o
  CC      arch/arm64/kernel/time.o
  CC      mm/slab_common.o
  CC      fs/quota/quota_v1.o
  AR      kernel/power/built-in.a
  CC      fs/iomap/ioend.o
  CC      fs/iomap/fiemap.o
  CC      fs/quota/quota_v2.o
  CC      fs/quota/quota_tree.o
  CC      fs/iomap/seek.o
  CC      mm/compaction.o
  CC      arch/arm64/kernel/traps.o
  CC      fs/quota/quota.o
  CC      fs/iomap/bio.o
  CC      fs/iomap/swapfile.o
  AS      arch/arm64/crypto/aes-neon.o
  CC      arch/arm64/kernel/io.o
  AS      arch/arm64/crypto/aes-neonbs-core.o
  CC      arch/arm64/crypto/aes-neonbs-glue.o
  CC      kernel/printk/printk_safe.o
  CC      kernel/printk/nbcon.o
  CC      arch/arm64/kernel/vdso.o
  AR      fs/iomap/built-in.a
  CC      mm/show_mem.o
  CC      kernel/printk/braille.o
  CC      kernel/irq/irqdesc.o
  CC      kernel/rcu/update.o
  CC      fs/quota/kqid.o
  CC      kernel/printk/printk_ringbuffer.o
  AR      arch/arm64/crypto/built-in.a
  CC      kernel/printk/sysctl.o
  CC      kernel/rcu/sync.o
  CC      kernel/irq/handle.o
  AS      arch/arm64/kernel/hyp-stub.o
  AR      fs/quota/built-in.a
  CC      arch/arm64/kernel/psci.o
  AR      kernel/printk/built-in.a
  CC      kernel/irq/manage.o
  CC      fs/proc/task_mmu.o
  CC      fs/proc/inode.o
  CC      fs/proc/root.o
  CC      kernel/rcu/srcutree.o
  CC      arch/arm64/kernel/cpu_ops.o
  CC      kernel/irq/spurious.o
  CC      mm/interval_tree.o
  CC      mm/list_lru.o
  CC      fs/kernfs/mount.o
  CC      kernel/irq/resend.o
  CC      kernel/irq/chip.o
  CC      fs/proc/base.o
  CC      kernel/rcu/tree.o
  CC      arch/arm64/kernel/return_address.o
  CC      arch/arm64/kernel/cpuinfo.o
  CC      fs/kernfs/inode.o
  CC      fs/kernfs/dir.o
  CC      arch/arm64/kernel/cpu_errata.o
  CC      fs/kernfs/file.o
  CC      kernel/irq/dummychip.o
  CC      fs/sysfs/file.o
  CC      fs/configfs/inode.o
  CC      kernel/irq/devres.o
  CC      fs/sysfs/dir.o
  CC      fs/configfs/file.o
  CC      arch/arm64/kernel/cpufeature.o
  CC      fs/sysfs/symlink.o
  CC      fs/kernfs/symlink.o
  CC      kernel/irq/kexec.o
  CC      fs/sysfs/mount.o
  CC      fs/configfs/dir.o
  CC      kernel/irq/autoprobe.o
  AR      fs/kernfs/built-in.a
  CC      kernel/irq/irqdomain.o
  CC      fs/devpts/inode.o
  CC      kernel/irq/proc.o
  CC      kernel/irq/cpuhotplug.o
  AR      fs/devpts/built-in.a
  CC      fs/configfs/symlink.o
  CC      kernel/irq/msi.o
  CC      kernel/irq/ipi.o
  CC      fs/sysfs/group.o
  CC      fs/proc/generic.o
  CC      fs/configfs/mount.o
  CC      fs/configfs/item.o
  AR      fs/sysfs/built-in.a
  CC      kernel/irq/ipi-mux.o
  CC      fs/proc/array.o
  AR      fs/configfs/built-in.a
  CC      mm/workingset.o
  CC      mm/debug.o
  CC      kernel/irq/affinity.o
  AR      kernel/irq/built-in.a
  CC      fs/proc/fd.o
  CC      mm/gup.o
  AR      kernel/livepatch/built-in.a
  CC      fs/ext4/balloc.o
  CC      ipc/compat.o
  CC      fs/jbd2/transaction.o
  CC      fs/proc/proc_tty.o
  CC      arch/arm64/kernel/alternative.o
  CC      fs/proc/cmdline.o
  CC      fs/proc/consoles.o
  CC      fs/proc/cpuinfo.o
  CC      arch/arm64/kernel/cacheinfo.o
  CC      fs/proc/devices.o
  CC      fs/jbd2/commit.o
  CC      ipc/util.o
  CC      arch/arm64/kernel/smp.o
  CC      fs/ext4/bitmap.o
  CC      mm/mmap_lock.o
  CC      fs/ramfs/inode.o
  CC      fs/proc/interrupts.o
  CC      fs/proc/loadavg.o
  CC      fs/jbd2/recovery.o
  CC      fs/ramfs/file-mmu.o
  CC      fs/proc/meminfo.o
  CC      fs/ext4/block_validity.o
  CC      mm/vma_init.o
  AR      fs/ramfs/built-in.a
  CC      ipc/msgutil.o
  CC      fs/jbd2/checkpoint.o
  CC      mm/highmem.o
  CC      fs/ext4/dir.o
  CC      fs/proc/stat.o
  CC      ipc/msg.o
  CC      ipc/sem.o
  CC      mm/memory.o
  CC      fs/jbd2/revoke.o
  CC      fs/proc/uptime.o
  CC      fs/proc/util.o
  CC      fs/jbd2/journal.o
  CC      ipc/shm.o
  CC      kernel/rcu/rcu_segcblist.o
  CC      arch/arm64/kernel/smp_spin_table.o
  CC      fs/ext4/ext4_jbd2.o
  CC      arch/arm64/kernel/topology.o
  CC      fs/proc/version.o
  CC      fs/ext4/extents.o
  CC      fs/ext4/extents_status.o
  AR      kernel/rcu/built-in.a
  AS      arch/arm64/kernel/smccc-call.o
  CC      fs/proc/softirqs.o
  AR      kernel/liveupdate/built-in.a
  CC      arch/arm64/kernel/syscall.o
  CC      kernel/dma/mapping.o
  CC      ipc/syscall.o
  CC      mm/mincore.o
  CC      ipc/ipc_sysctl.o
  AR      fs/jbd2/built-in.a
  CC      fs/ext4/file.o
  CC      kernel/dma/direct.o
  CC      security/keys/gc.o
  CC      fs/proc/namespaces.o
  CC      security/keys/key.o
  CC      security/keys/keyring.o
  CC      security/keys/keyctl.o
  CC      security/keys/permission.o
  CC      fs/proc/self.o
  CC      security/keys/process_keys.o
  CC      security/keys/request_key.o
  CC      fs/proc/thread_self.o
  CC      fs/ext4/fsmap.o
  CC      fs/proc/proc_sysctl.o
  CC      security/keys/request_key_auth.o
  CC      kernel/dma/contiguous.o
  CC      ipc/mqueue.o
  CC      arch/arm64/kernel/proton-pack.o
  CC      mm/mlock.o
  CC      security/yama/yama_lsm.o
  CC      security/keys/user_defined.o
  CC      fs/ext4/fsync.o
  CC      fs/ext4/hash.o
  CC      security/keys/compat.o
  CC      fs/ext4/ialloc.o
  CC      security/keys/compat_dh.o
  CC      arch/arm64/kernel/idle.o
  CC      arch/arm64/kernel/patching.o
  CC      security/keys/proc.o
  CC      security/keys/sysctl.o
  CC      security/keys/dh.o
  CC      arch/arm64/kernel/rsi.o
  CC      security/keys/keyctl_pkey.o
  CC      arch/arm64/kernel/jump_label.o
  CC      arch/arm64/kernel/sys32.o
  AR      security/keys/built-in.a
  CC      arch/arm64/kernel/signal32.o
  CC      security/bpf/hooks.o
  CC      arch/arm64/kernel/sys_compat.o
  CC      kernel/dma/coherent.o
  CC      kernel/dma/swiotlb.o
  AS      arch/arm64/kernel/sigreturn32.o
  AS      arch/arm64/kernel/kuser32.o
  CC      arch/arm64/kernel/ftrace.o
  AS      arch/arm64/kernel/entry-ftrace.o
  CC      kernel/dma/pool.o
  CC      arch/arm64/kernel/module.o
  CC      kernel/dma/remap.o
  CC      arch/arm64/kernel/module-plts.o
  AR      kernel/dma/built-in.a
  CC      arch/arm64/kernel/perf_regs.o
  CC      arch/arm64/kernel/perf_callchain.o
  CC      kernel/entry/common.o
  AR      security/yama/built-in.a
  AR      security/bpf/built-in.a
  CC      fs/proc/proc_net.o
  CC      ipc/namespace.o
  CC      fs/ext4/indirect.o
  CC      mm/mmap.o
  CC      fs/ext4/inline.o
  CC      arch/arm64/kernel/hw_breakpoint.o
  CC      security/integrity/iint.o
  CC      ipc/mq_sysctl.o
  CC      fs/proc/kmsg.o
  AR      ipc/built-in.a
  CC      security/integrity/integrity_audit.o
  CC      fs/proc/page.o
  AR      security/integrity/built-in.a
  CC      fs/proc/bootconfig.o
  CC      security/commoncap.o
  AR      kernel/entry/built-in.a
  CC      arch/arm64/kernel/efi.o
  AR      fs/proc/built-in.a
  AR      kernel/unwind/built-in.a
  CC      kernel/module/main.o
  CC      block/partitions/core.o
  CC      crypto/asymmetric_keys/asymmetric_type.o
  CC      crypto/asymmetric_keys/restrict.o
  CC      security/lsm_syscalls.o
  CC [M]  crypto/async_tx/async_tx.o
  CC      block/partitions/msdos.o
  CC      crypto/asymmetric_keys/signature.o
  AS      arch/arm64/kernel/efi-rt-wrapper.o
  CC      kernel/module/strict_rwx.o
  CC      security/min_addr.o
  CC      crypto/asymmetric_keys/public_key.o
  CC [M]  crypto/async_tx/async_xor.o
  CC      arch/arm64/kernel/kaslr.o
  CC      block/partitions/efi.o
  CC      fs/ext4/inode.o
  CC      arch/arm64/kernel/pointer_auth.o
  CC      security/security.o
  AS      arch/arm64/kernel/vdso-wrap.o
  CC      kernel/module/kmod.o
  AR      block/partitions/built-in.a
  CC      block/bdev.o
  AS      arch/arm64/kernel/head.o
  ASN.1   crypto/asymmetric_keys/x509.asn1.[ch]
  ASN.1   crypto/asymmetric_keys/x509_akid.asn1.[ch]
  CC      crypto/asymmetric_keys/x509_loader.o
  CC      block/fops.o
  CC      kernel/module/decompress.o
  CC      crypto/asymmetric_keys/x509_public_key.o
  CC      kernel/module/tree_lookup.o
  LDS     arch/arm64/kernel/vmlinux.lds
  ASN.1   crypto/asymmetric_keys/pkcs7.asn1.[ch]
  CC      crypto/asymmetric_keys/pkcs7_trust.o
  CC      kernel/module/kallsyms.o
  CC      crypto/api.o
  AR      arch/arm64/kernel/built-in.a
  CC      crypto/asymmetric_keys/pkcs7_verify.o
  CC      block/bio.o
  CC      kernel/module/procfs.o
  CC      block/elevator.o
  CC      kernel/module/sysfs.o
  ASN.1   crypto/asymmetric_keys/pkcs8.asn1.[ch]
  CC      crypto/asymmetric_keys/x509.asn1.o
  CC      crypto/asymmetric_keys/x509_akid.asn1.o
  CC      crypto/asymmetric_keys/x509_cert_parser.o
  AR      kernel/module/built-in.a
  CC      crypto/cipher.o
  AR      arch/arm64/built-in.a
  CC      crypto/asymmetric_keys/pkcs7.asn1.o
  CC      crypto/asymmetric_keys/pkcs7_parser.o
  CC      kernel/time/time.o
  CC      fs/ext4/ioctl.o
  CC      block/blk-core.o
  CC      fs/ext4/mballoc.o
  CC [M]  crypto/asymmetric_keys/pkcs8.asn1.o
  CC [M]  crypto/asymmetric_keys/pkcs8_parser.o
  AR      crypto/asymmetric_keys/built-in.a
  LD [M]  crypto/asymmetric_keys/pkcs8_key_parser.o
  CC      crypto/algapi.o
  CC      mm/mmu_gather.o
  CC      crypto/scatterwalk.o
  CC      crypto/proc.o
  CC      io_uring/io_uring.o
  CC      io_uring/opdef.o
  CC      kernel/time/timer.o
  CC      security/lsm_notifier.o
  CC      io_uring/kbuf.o
  CC      crypto/aead.o
  CC      fs/ext4/migrate.o
  CC      mm/mprotect.o
  CC      block/blk-sysfs.o
  CC      fs/hugetlbfs/inode.o
  CC      security/lsm_init.o
  CC      crypto/geniv.o
  CC      security/inode.o
  CC      io_uring/rsrc.o
  CC      security/lsm_audit.o
  CC      io_uring/notif.o
  CC      io_uring/tctx.o
  CC      security/device_cgroup.o
  AR      security/built-in.a
  CC      io_uring/filetable.o
  AS      arch/arm64/lib/clear_page.o
  AS      arch/arm64/lib/clear_user.o
  AS      arch/arm64/lib/copy_from_user.o
  AS      arch/arm64/lib/copy_page.o
  AS      arch/arm64/lib/copy_to_user.o
  CC      arch/arm64/lib/csum.o
  CC      arch/arm64/lib/delay.o
  CC      arch/arm64/lib/insn.o
  AS      arch/arm64/lib/memchr.o
  AS      arch/arm64/lib/memcmp.o
  AS      arch/arm64/lib/memcpy.o
  AS      arch/arm64/lib/memset.o
  AS      arch/arm64/lib/strchr.o
  AS      arch/arm64/lib/strcmp.o
  AS      arch/arm64/lib/strlen.o
  AS      arch/arm64/lib/strncmp.o
  AS      arch/arm64/lib/strnlen.o
  AS      arch/arm64/lib/strrchr.o
  AS      arch/arm64/lib/tishift.o
  CC      arch/arm64/lib/xor-neon.o
  AR      arch/arm64/lib/lib.a
  AR      arch/arm64/lib/built-in.a
  CC      crypto/lskcipher.o
  CC      io_uring/rw.o
  CC      block/blk-flush.o
  CC      fs/ext4/mmp.o
  CC      fs/ext4/move_extent.o
  CC      block/blk-settings.o
  AR      fs/hugetlbfs/built-in.a
  CC      fs/ext4/namei.o
  CC      io_uring/poll.o
  CC      kernel/time/hrtimer.o
  CC      mm/mremap.o
  CC      mm/msync.o
  AR      lib/kunit/built-in.a
  AR      lib/math/tests/built-in.a
  CC      crypto/skcipher.o
  CC      lib/math/div64.o
  CC      lib/math/gcd.o
  CC      block/blk-ioc.o
  CC      lib/math/lcm.o
  CC      lib/math/int_log.o
  CC      lib/math/int_pow.o
  CC      lib/math/int_sqrt.o
  CC      lib/math/reciprocal_div.o
  CC      lib/math/rational.o
  AR      lib/math/built-in.a
  AR      lib/crc/tests/built-in.a
  CC      lib/crc/crc16.o
  CC      lib/crc/crc-t10dif-main.o
  AS      lib/crc/arm64/crc-t10dif-core.o
  HOSTCC  lib/crc/gen_crc32table
  AS      lib/crc/arm64/crc32-core.o
  HOSTCC  lib/crc/gen_crc64table
  CC [M]  lib/crc/crc-itu-t.o
  GEN     lib/crc/crc32table.h
  GEN     lib/crc/crc64table.h
  CC      lib/crc/crc32-main.o
  CC      lib/crc/crc64-main.o
  AR      lib/crc/built-in.a
  CC      lib/crypto/mpi/generic_mpih-lshift.o
  CC      lib/crypto/mpi/generic_mpih-mul1.o
  CC      lib/crypto/mpi/generic_mpih-mul2.o
  CC      lib/crypto/mpi/generic_mpih-mul3.o
  CC      lib/crypto/mpi/generic_mpih-rshift.o
  CC      lib/crypto/mpi/generic_mpih-sub1.o
  CC      lib/crypto/mpi/generic_mpih-add1.o
  CC      lib/crypto/mpi/mpicoder.o
  CC      lib/crypto/mpi/mpi-add.o
  CC      lib/crypto/mpi/mpi-bit.o
  CC      lib/crypto/mpi/mpi-cmp.o
  CC      block/blk-map.o
  CC      lib/crypto/mpi/mpi-sub-ui.o
  CC      kernel/time/sleep_timeout.o
  CC      lib/crypto/mpi/mpi-div.o
  CC      block/blk-merge.o
  CC      kernel/time/timekeeping.o
  CC      block/blk-timeout.o
  CC      lib/crypto/mpi/mpi-mod.o
  CC      lib/crypto/mpi/mpi-mul.o
  CC      lib/crypto/mpi/mpih-cmp.o
  CC      lib/crypto/mpi/mpih-div.o
  CC      fs/fat/cache.o
  CC      lib/crypto/mpi/mpih-mul.o
  CC      lib/crypto/mpi/mpi-pow.o
  CC      fs/fat/dir.o
  CC      lib/crypto/mpi/mpiutil.o
  AR      lib/crypto/mpi/built-in.a
  CC      lib/crypto/hash_info.o
  CC      lib/crypto/memneq.o
  CC      lib/crypto/utils.o
  CC      lib/crypto/aes.o
  AS      lib/crypto/arm64/aes-cipher-core.o
  AS      lib/crypto/arm64/aes-ce-core.o
  CC      lib/crypto/gf128mul.o
  CC      lib/crypto/blake2b.o
  CC      lib/crypto/blake2s.o
  CC      lib/crypto/chacha-block-generic.o
  CC      lib/crypto/chacha.o
  AS      lib/crypto/arm64/chacha-neon-core.o
  CC      lib/crypto/md5.o
  CC      kernel/time/ntp.o
  CC      fs/fat/fatent.o
  CC      crypto/bpf_crypto_skcipher.o
  CC      mm/page_vma_mapped.o
  CC      io_uring/tw.o
  CC      block/blk-lib.o
  CC      lib/crypto/sha1.o
  CC      crypto/seqiv.o
  CC      crypto/ahash.o
  AS      lib/crypto/arm64/sha1-ce-core.o
  CC      lib/crypto/sha256.o
  CC      block/blk-mq.o
  CC      fs/ext4/page-io.o
  CC      kernel/time/clocksource.o
  CC      mm/pagewalk.o
  CC      io_uring/wait.o
  CC      fs/fat/file.o
  PERLASM lib/crypto/arm64/sha256-core.S
  CC      fs/ext4/readpage.o
  CC      fs/fat/inode.o
  CC      kernel/time/jiffies.o
  CC      mm/pgtable-generic.o
  AS      lib/crypto/arm64/sha256-ce.o
  CC      lib/crypto/sha512.o
  CC      kernel/time/timer_list.o
  PERLASM lib/crypto/arm64/sha512-core.S
  CC      fs/ext4/resize.o
  CC      mm/rmap.o
  AS      lib/crypto/arm64/sha512-ce-core.o
  CC      lib/crypto/sha3.o
  CC      kernel/time/timeconv.o
  CC      crypto/shash.o
  CC      fs/fat/misc.o
  CC      fs/fat/nfs.o
  CC      kernel/time/timecounter.o
  CC      fs/ext4/super.o
  CC      crypto/akcipher.o
  CC      kernel/time/alarmtimer.o
  AS      lib/crypto/arm64/sha3-ce-core.o
  CC      lib/crypto/sm3.o
  CC      fs/fat/namei_vfat.o
  CC [M]  lib/crypto/arc4.o
  AR      fs/fat/built-in.a
  CC      crypto/sig.o
  CC [M]  lib/crypto/chacha20poly1305.o
  CC      kernel/time/posix-timers.o
  CC      io_uring/eventfd.o
  CC [M]  lib/crypto/curve25519.o
  CC [M]  lib/crypto/curve25519-hacl64.o
  CC      mm/vmalloc.o
  CC [M]  lib/crypto/des.o
  CC      fs/exportfs/expfs.o
  CC [M]  lib/crypto/poly1305.o
  PERLASM lib/crypto/arm64/poly1305-core.S
  LD [M]  lib/crypto/libarc4.o
  LD [M]  lib/crypto/libchacha20poly1305.o
  LD [M]  lib/crypto/libcurve25519.o
  LD [M]  lib/crypto/libdes.o
  AS [M]  lib/crypto/arm64/poly1305-core.o
  AS      lib/crypto/arm64/sha256-core.o
  AS      lib/crypto/arm64/sha512-core.o
  LD [M]  lib/crypto/libpoly1305.o
  AR      lib/crypto/built-in.a
  AR      lib/tests/built-in.a
  CC      lib/vdso/datastore.o
  AR      fs/exportfs/built-in.a
  CC      io_uring/uring_cmd.o
  CC      fs/nls/nls_base.o
  CC      fs/nls/nls_cp437.o
  AR      lib/vdso/built-in.a
  CC      fs/nls/nls_ascii.o
  CC      lib/842/842_compress.o
  CC      fs/nls/nls_iso8859-1.o
  CC [M]  fs/nls/nls_ucs2_utils.o
  AR      fs/nls/built-in.a
  CC      lib/842/842_decompress.o
  CC      lib/zlib_inflate/inffast.o
  AR      lib/842/built-in.a
  CC      lib/zlib_inflate/inflate.o
  CC      lib/zlib_inflate/infutil.o
  CC      lib/zlib_inflate/inftrees.o
  CC      block/blk-mq-tag.o
  CC      kernel/time/posix-cpu-timers.o
  CC      io_uring/openclose.o
  CC      crypto/kpp.o
  CC      fs/ext4/symlink.o
  CC      lib/zlib_inflate/inflate_syms.o
  AR      lib/zlib_inflate/built-in.a
  CC      lib/zlib_deflate/deflate.o
  CC      crypto/dh.o
  CC      block/blk-mq-dma.o
  CC      mm/vma.o
  CC      lib/zlib_deflate/deftree.o
  CC      lib/zlib_deflate/deflate_syms.o
  AR      lib/zlib_deflate/built-in.a
  CC      kernel/time/posix-clock.o
  CC      crypto/dh_helper.o
  CC      lib/reed_solomon/reed_solomon.o
  ASN.1   crypto/rsapubkey.asn1.[ch]
  ASN.1   crypto/rsaprivkey.asn1.[ch]
  CC      crypto/rsa.o
  CC      crypto/rsa_helper.o
  AR      lib/reed_solomon/built-in.a
  CC      mm/vma_exec.o
  CC      lib/lzo/lzo1x_compress.o
  CC      kernel/time/itimer.o
  CC      crypto/rsa-pkcs1pad.o
  CC      crypto/rsassa-pkcs1.o
  CC      lib/lzo/lzo1x_compress_safe.o
  CC      io_uring/sqpoll.o
  CC      block/blk-stat.o
  CC      mm/process_vm_access.o
  CC      lib/lzo/lzo1x_decompress_safe.o
  CC      kernel/time/clockevents.o
  CC      mm/mseal.o
  CC      block/blk-mq-sysfs.o
  AR      lib/lzo/built-in.a
  CC      lib/lz4/lz4_compress.o
  CC      block/blk-mq-cpumap.o
  CC      kernel/time/tick-common.o
  CC      lib/lz4/lz4hc_compress.o
  CC      block/blk-mq-sched.o
  CC      lib/lz4/lz4_decompress.o
  AR      lib/lz4/built-in.a
  CC      lib/zstd/zstd_compress_module.o
  CC      lib/zstd/compress/fse_compress.o
  CC      lib/zstd/compress/hist.o
  CC      lib/zstd/compress/huf_compress.o
  CC      lib/zstd/compress/zstd_compress.o
  CC      lib/zstd/compress/zstd_compress_literals.o
  CC      lib/zstd/compress/zstd_compress_sequences.o
  CC      lib/zstd/compress/zstd_compress_superblock.o
  CC      lib/zstd/compress/zstd_double_fast.o
  CC      lib/zstd/compress/zstd_fast.o
  CC      crypto/acompress.o
  CC      lib/zstd/compress/zstd_lazy.o
  CC      block/ioctl.o
  CC      lib/zstd/compress/zstd_ldm.o
  CC      block/genhd.o
  CC      crypto/scompress.o
  CC      kernel/time/tick-broadcast.o
  CC      io_uring/xattr.o
  CC      fs/ext4/sysfs.o
  CC      mm/page_alloc.o
  CC      fs/ext4/xattr.o
  CC      lib/zstd/compress/zstd_opt.o
  CC      kernel/time/tick-broadcast-hrtimer.o
  CC      crypto/algboss.o
  CC      lib/zstd/compress/zstd_preSplit.o
  CC      lib/zstd/zstd_decompress_module.o
  CC      lib/zstd/decompress/huf_decompress.o
  CC      lib/zstd/decompress/zstd_ddict.o
  CC      lib/zstd/decompress/zstd_decompress.o
  CC      kernel/time/sched_clock.o
  CC      io_uring/nop.o
  CC      lib/zstd/decompress/zstd_decompress_block.o
  CC      kernel/time/tick-oneshot.o
  CC      io_uring/fs.o
  CC      lib/zstd/zstd_common_module.o
  CC      lib/zstd/common/debug.o
  CC      lib/zstd/common/entropy_common.o
  CC      lib/zstd/common/error_private.o
  CC      lib/zstd/common/fse_decompress.o
  CC      lib/zstd/common/zstd_common.o
  AR      lib/zstd/built-in.a
  CC      lib/xz/xz_dec_syms.o
  CC      lib/xz/xz_dec_stream.o
  CC      lib/xz/xz_dec_lzma2.o
  AR      lib/xz/built-in.a
  CC      lib/raid6/algos.o
  CC      lib/raid6/recov.o
  HOSTCC  lib/raid6/mktables
  UNROLL  lib/raid6/int1.c
  UNROLL  lib/raid6/int2.c
  UNROLL  lib/raid6/int4.c
  UNROLL  lib/raid6/int8.c
  CC      lib/raid6/neon.o
  UNROLL  lib/raid6/neon1.c
  CC      kernel/time/tick-sched.o
  UNROLL  lib/raid6/neon2.c
  UNROLL  lib/raid6/neon4.c
  UNROLL  lib/raid6/neon8.c
  CC      lib/raid6/recov_neon.o
  CC      lib/raid6/recov_neon_inner.o
  TABLE   lib/raid6/tables.c
  CC      lib/raid6/int1.o
  CC      lib/fonts/fonts.o
  CC      lib/fonts/font_8x8.o
  CC      lib/raid6/int2.o
  CC      lib/fonts/font_8x16.o
  AR      lib/fonts/built-in.a
  CC      lib/raid6/int4.o
  CC      block/ioprio.o
  CC      kernel/time/timer_migration.o
  CC      lib/raid6/int8.o
  CC      lib/raid6/neon1.o
  CC      block/badblocks.o
  CC      io_uring/splice.o
  CC      crypto/testmgr.o
  CC      crypto/hmac.o
  CC      lib/raid6/neon2.o
  CC      fs/ext4/xattr_hurd.o
  CC      block/blk-rq-qos.o
  CC      lib/raid6/neon4.o
  CC      crypto/xcbc.o
  CC      lib/raid6/neon8.o
  CC      io_uring/sync.o
  CC      kernel/time/vsyscall.o
  CC      io_uring/msg_ring.o
  CC      fs/ext4/xattr_trusted.o
  CC      lib/raid6/tables.o
  CC      block/disk-events.o
  CC      crypto/crypto_null.o
  CC      kernel/time/timekeeping_debug.o
  CC      block/blk-ia-ranges.o
  CC      io_uring/advise.o
  CC      fs/ext4/xattr_user.o
  AR      lib/raid6/built-in.a
  CC      lib/argv_split.o
  CC      crypto/md5.o
  CC      fs/ext4/fast_commit.o
  CC      kernel/time/namespace.o
  CC      lib/bug.o
  CC      mm/page_frag_cache.o
  CC      mm/init-mm.o
  CC      block/early-lookup.o
  CC      io_uring/statx.o
  CC      crypto/rmd160.o
  CC      lib/buildid.o
  AR      kernel/time/built-in.a
  CC      lib/clz_tab.o
  CC      mm/memblock.o
  CC      block/blk-cgroup.o
  CC      kernel/futex/core.o
  CC      kernel/cgroup/cgroup.o
  CC      io_uring/timeout.o
  CC      lib/cmdline.o
  CC      lib/cpumask.o
  CC      lib/ctype.o
  CC      lib/dec_and_lock.o
  CC      crypto/sha1.o
  CC      io_uring/cancel.o
  CC      fs/ext4/orphan.o
  CC      lib/decompress.o
  CC      crypto/sha256.o
  CC      lib/decompress_bunzip2.o
  CC      fs/ext4/acl.o
  CC      io_uring/waitid.o
  CC      crypto/sha512.o
  CC      crypto/sha3.o
  CC      io_uring/register.o
  CC      lib/decompress_inflate.o
  CC      fs/ext4/xattr_security.o
  CC      crypto/sm3_generic.o
  CC      crypto/blake2b.o
  CC      lib/decompress_unlz4.o
  AR      fs/ext4/built-in.a
  AR      fs/unicode/built-in.a
  CC      fs/autofs/init.o
  CC      crypto/ecb.o
  CC      lib/decompress_unlzma.o
  CC      lib/decompress_unlzo.o
  CC      lib/decompress_unxz.o
  CC      lib/decompress_unzstd.o
  CC      lib/dump_stack.o
  CC      lib/earlycpio.o
  CC      crypto/cbc.o
  CC      lib/extable.o
  CC      lib/fdt.o
  CC      crypto/cts.o
  CC      mm/slub.o
  CC      lib/fdt_addresses.o
  CC      lib/fdt_empty_tree.o
  CC      lib/fdt_ro.o
  CC      crypto/xts.o
  CC      lib/fdt_rw.o
  CC      crypto/ctr.o
  CC      lib/fdt_strerror.o
  CC      crypto/gcm.o
  CC      lib/fdt_sw.o
  CC      lib/fdt_wip.o
  CC      lib/flex_proportions.o
  CC      crypto/ccm.o
  CC      lib/idr.o
  CC      lib/iomem_copy.o
  CC      crypto/cryptd.o
  CC      lib/irq_regs.o
  CC      mm/madvise.o
  CC      lib/is_single_threaded.o
  CC      crypto/aes.o
  CC      lib/klist.o
  CC      crypto/sm4.o
  CC      lib/kobject.o
  CC      crypto/sm4_generic.o
  CC      crypto/chacha.o
  CC      lib/kobject_uevent.o
  CC      crypto/deflate.o
  CC      crypto/michael_mic.o
  CC      crypto/crc32c.o
  CC      crypto/authenc.o
  CC      crypto/authencesn.o
  CC      crypto/lzo.o
  CC      crypto/lzo-rle.o
  CC      crypto/lz4.o
  CC      kernel/futex/syscalls.o
  CC      fs/autofs/inode.o
  CC      lib/logic_pio.o
  CC      io_uring/truncate.o
  CC      mm/page_io.o
  CC      block/blk-cgroup-rwstat.o
  CC      crypto/lz4hc.o
  CC      lib/maple_tree.o
  CC      io_uring/memmap.o
  CC      fs/autofs/root.o
  CC      kernel/futex/pi.o
  CC      block/blk-throttle.o
  CC      mm/swap_state.o
  CC      crypto/xxhash_generic.o
  CC      kernel/futex/requeue.o
  CC      kernel/cgroup/rstat.o
  CC      fs/autofs/symlink.o
  CC      io_uring/alloc_cache.o
  CC      crypto/842.o
  CC      io_uring/query.o
  CC      crypto/rng.o
  CC      fs/autofs/waitq.o
  CC      kernel/cgroup/namespace.o
  CC      fs/autofs/expire.o
  CC      kernel/futex/waitwake.o
  CC      fs/autofs/dev-ioctl.o
  CC      kernel/cgroup/cgroup-v1.o
  AR      kernel/futex/built-in.a
  CC      kernel/cgroup/freezer.o
  CC      io_uring/zcrx.o
  CC      kernel/cgroup/legacy_freezer.o
  CC      kernel/trace/trace_clock.o
  CC      kernel/cgroup/pids.o
  AR      fs/autofs/built-in.a
  CC      kernel/trace/ftrace.o
  CC      kernel/cgroup/cpuset.o
  AR      fs/hostfs/built-in.a
  CC      fs/debugfs/inode.o
  CC      fs/debugfs/file.o
  AR      fs/debugfs/built-in.a
  CC      fs/tracefs/inode.o
  CC      fs/tracefs/event_inode.o
  AR      fs/tracefs/built-in.a
  CC      fs/btrfs/super.o
  CC      block/mq-deadline.o
  CC      block/kyber-iosched.o
  AR      kernel/cgroup/built-in.a
  CC      block/bio-integrity.o
  CC      block/blk-integrity.o
  CC      io_uring/io-wq.o
  CC      block/t10-pi.o
  CC      block/bio-integrity-auto.o
  CC      block/blk-mq-debugfs.o
  CC      kernel/trace/ring_buffer.o
  CC      io_uring/futex.o
  CC      lib/memcat_p.o
  CC      mm/swapfile.o
  CC      crypto/drbg.o
  CC      lib/nmi_backtrace.o
  CC      mm/dmapool.o
  CC      io_uring/epoll.o
  CC      lib/objpool.o
  CC      crypto/jitterentropy.o
  CC      crypto/jitterentropy-kcapi.o
  CC      block/blk-pm.o
  CC      block/blk-crypto.o
  CC      lib/plist.o
  CC      lib/radix-tree.o
  CC      crypto/ghash-generic.o
  CC      io_uring/napi.o
  CC      crypto/af_alg.o
  CC      mm/hugetlb.o
  CC      block/blk-crypto-profile.o
  CC      lib/ratelimit.o
  CC      crypto/algif_rng.o
  CC      lib/rbtree.o
  CC      io_uring/net.o
  CC      kernel/trace/trace.o
  CC      lib/seq_buf.o
  CC      block/blk-crypto-sysfs.o
  CC      block/blk-crypto-fallback.o
  CC      lib/siphash.o
  CC      block/holder.o
  CC      lib/string.o
  CC      lib/sys_info.o
  CC [M]  block/bsg.o
  CC      lib/timerqueue.o
  CC      lib/union_find.o
  CC      lib/vsprintf.o
  CC      kernel/trace/trace_output.o
  AR      block/built-in.a
  CC      fs/btrfs/ctree.o
  CC      fs/btrfs/extent-tree.o
  CC      lib/win_minmax.o
  CC      mm/hugetlb_sysfs.o
  CC      io_uring/cmd_net.o
  CC      io_uring/fdinfo.o
  CC      fs/btrfs/print-tree.o
  CC      fs/btrfs/root-tree.o
  CC      fs/btrfs/dir-item.o
  CC      fs/btrfs/file-item.o
  CC      lib/xarray.o
  CC      kernel/bpf/core.o
  CC      fs/btrfs/inode-item.o
  CC      fs/btrfs/disk-io.o
  CC      kernel/bpf/syscall.o
  CC      crypto/algif_aead.o
  CC      fs/btrfs/transaction.o
  CC      fs/btrfs/inode.o
  CC      mm/hugetlb_sysctl.o
  CC      mm/hugetlb_cma.o
  CC      mm/sparse.o
  CC      mm/sparse-vmemmap.o
  CC      mm/ksm.o
  CC      mm/migrate.o
  CC      crypto/zstd.o
  CC      mm/huge_memory.o
  CC      lib/lockref.o
  CC      lib/bcd.o
  CC      io_uring/bpf_filter.o
  CC      lib/sort.o
  CC      lib/parser.o
  AR      io_uring/built-in.a
  CC      crypto/ecc.o
  CC      kernel/trace/trace_seq.o
  CC      crypto/essiv.o
  CC      lib/debug_locks.o
  CC      kernel/trace/trace_stat.o
  CC      lib/random32.o
  CC      lib/bust_spinlocks.o
  CC      crypto/ecdh.o
  CC      kernel/trace/trace_printk.o
  CC      mm/khugepaged.o
  CC      fs/btrfs/file.o
  CC      crypto/ecdh_helper.o
  CC      lib/kasprintf.o
  CC      kernel/bpf/verifier.o
  CC      fs/btrfs/defrag.o
  CC      crypto/xor.o
  CC      lib/bitmap.o
  CC      crypto/kdf_sp800108.o
  CC      kernel/trace/trace_pid.o
  CC      lib/scatterlist.o
  CC      kernel/trace/pid_list.o
  CC [M]  crypto/cmac.o
  CC      lib/list_sort.o
  CC      kernel/trace/trace_sched_switch.o
  CC      lib/uuid.o
  CC      fs/btrfs/extent_map.o
  CC [M]  crypto/md4.o
  CC      kernel/trace/trace_functions.o
  CC      lib/iov_iter.o
  CC      kernel/trace/trace_nop.o
  CC [M]  crypto/des_generic.o
  CC      lib/clz_ctz.o
  CC      lib/bsearch.o
  CC      mm/page_counter.o
  CC      fs/f2fs/dir.o
  CC [M]  crypto/camellia_generic.o
  CC [M]  crypto/algif_hash.o
  CC      lib/find_bit.o
  CC      kernel/trace/trace_functions_graph.o
  CC      lib/llist.o
  CC      lib/lwq.o
  CC      kernel/events/core.o
  CC      lib/memweight.o
  CC      lib/kfifo.o
  CC      kernel/trace/fgraph.o
  CC      lib/percpu-refcount.o
  CC      lib/rhashtable.o
  CC      kernel/trace/blktrace.o
  CC      lib/base64.o
  CC      lib/once.o
  CC      lib/refcount.o
  CC      lib/rcuref.o
  CC      lib/usercopy.o
  CC      lib/errseq.o
  CC      lib/bucket_locks.o
  CC      lib/generic-radix-tree.o
  CC      lib/bitmap-str.o
  CC      lib/string_helpers.o
  CC      lib/hexdump.o
  CC      lib/kstrtox.o
  CC      kernel/trace/trace_events.o
  CC      mm/memcontrol.o
  CC      lib/iomap_copy.o
  CC      lib/devres.o
  CC      lib/cache_maint.o
  CC      kernel/trace/trace_export.o
  CC      fs/btrfs/sysfs.o
  CC      fs/f2fs/file.o
  CC [M]  crypto/algif_skcipher.o
  CC      lib/hweight.o
  CC      lib/interval_tree.o
  CC      kernel/trace/trace_event_perf.o
  CC      lib/assoc_array.o
  CC      mm/vmpressure.o
  CC      crypto/rsapubkey.asn1.o
  CC      lib/bitrev.o
  CC      lib/xxhash.o
  CC      mm/swap_cgroup.o
  CC      crypto/rsaprivkey.asn1.o
  AR      crypto/built-in.a
  CC      fs/btrfs/accessors.o
  CC      fs/btrfs/xattr.o
  CC      kernel/trace/trace_events_filter.o
  CC      lib/genalloc.o
  CC      mm/bpf_memcontrol.o
  CC      mm/hugetlb_cgroup.o
  CC      fs/btrfs/ordered-data.o
  CC      kernel/trace/trace_events_trigger.o
  CC      lib/percpu_counter.o
  CC      mm/memory-failure.o
  CC      lib/audit.o
  CC      fs/btrfs/extent_io.o
  CC      lib/compat_audit.o
  CC      kernel/fork.o
  CC      lib/syscall.o
  CC      lib/dynamic_debug.o
  CC      fs/btrfs/volumes.o
  CC      mm/page_isolation.o
  CC      kernel/trace/trace_eprobe.o
  CC      mm/zsmalloc.o
  CC      kernel/trace/bpf_trace.o
  CC      mm/early_ioremap.o
  CC      mm/cma.o
  CC      mm/secretmem.o
  CC      lib/errname.o
  CC      fs/f2fs/inode.o
  CC      fs/btrfs/async-thread.o
  CC      lib/nlattr.o
  CC      lib/checksum.o
  CC      fs/btrfs/ioctl.o
  CC      fs/btrfs/locking.o
  CC      lib/cpu_rmap.o
  CC      fs/f2fs/namei.o
  CC      mm/memfd.o
  CC      kernel/events/ring_buffer.o
  CC      kernel/trace/trace_kprobe.o
  CC      lib/dynamic_queue_limits.o
  CC      lib/glob.o
  CC      kernel/events/callchain.o
  CC      mm/ioremap.o
  CC      fs/f2fs/hash.o
  CC      fs/f2fs/super.o
  CC      lib/strncpy_from_user.o
  CC      fs/btrfs/orphan.o
  CC      mm/execmem.o
  CC      kernel/events/hw_breakpoint.o
  CC      lib/strnlen_user.o
  CC      kernel/exec_domain.o
  AR      mm/built-in.a
  CC      kernel/panic.o
  CC      lib/net_utils.o
  CC      lib/sg_pool.o
  CC      kernel/events/uprobes.o
  CC      lib/stackdepot.o
  CC      fs/pstore/inode.o
  CC      lib/bootconfig.o
  CC      lib/asn1_decoder.o
  AR      kernel/events/built-in.a
  GEN     lib/oid_registry_data.c
  CC      fs/btrfs/export.o
  CC      fs/pstore/platform.o
  CC      kernel/bpf/inode.o
  CC      kernel/bpf/helpers.o
  CC      fs/pstore/pmsg.o
  CC      fs/pstore/ram.o
  CC      lib/ucs2_string.o
  CC      fs/f2fs/inline.o
  CC      fs/pstore/ram_core.o
  CC      lib/sbitmap.o
  CC      lib/group_cpus.o
  CC      lib/devmem_is_allowed.o
  AR      lib/lib.a
  CC      kernel/cpu.o
  CC      lib/oid_registry.o
  AR      lib/built-in.a
  CC      fs/btrfs/tree-log.o
  CC      fs/btrfs/free-space-cache.o
  AR      fs/pstore/built-in.a
  CC      kernel/bpf/tnum.o
  CC [M]  fs/netfs/buffered_read.o
  CC [M]  fs/netfs/buffered_write.o
  CC [M]  fs/netfs/direct_read.o
  CC [M]  fs/netfs/direct_write.o
  CC [M]  fs/netfs/iterator.o
  CC [M]  fs/netfs/locking.o
  CC      kernel/bpf/log.o
  CC [M]  fs/netfs/main.o
  CC [M]  fs/netfs/misc.o
  CC [M]  fs/netfs/objects.o
  CC [M]  fs/netfs/read_collect.o
  CC      fs/f2fs/checkpoint.o
  CC [M]  fs/squashfs/block.o
  CC [M]  fs/exfat/inode.o
  CC      kernel/trace/error_report-traces.o
  CC [M]  fs/squashfs/cache.o
  CC [M]  fs/exfat/namei.o
  CC      kernel/trace/power-traces.o
  CC [M]  fs/exfat/dir.o
  CC [M]  fs/squashfs/dir.o
  CC      fs/f2fs/gc.o
  CC [M]  fs/squashfs/export.o
  CC [M]  fs/exfat/super.o
  CC [M]  fs/squashfs/file.o
  CC [M]  fs/squashfs/fragment.o
  CC [M]  fs/exfat/fatent.o
  CC      kernel/trace/rpm-traces.o
  CC [M]  fs/squashfs/id.o
  CC [M]  fs/squashfs/inode.o
  CC [M]  fs/exfat/cache.o
  CC [M]  fs/squashfs/namei.o
  CC [M]  fs/exfat/nls.o
  CC [M]  fs/squashfs/super.o
  CC [M]  fs/squashfs/symlink.o
  CC [M]  fs/exfat/misc.o
  CC [M]  fs/exfat/file.o
  CC      fs/btrfs/zlib.o
  CC      fs/f2fs/data.o
  CC      kernel/bpf/token.o
  CC      kernel/trace/trace_dynevent.o
  CC [M]  fs/netfs/read_pgpriv2.o
  CC [M]  fs/squashfs/decompressor.o
  CC [M]  fs/exfat/balloc.o
  CC      kernel/bpf/liveness.o
  CC      fs/f2fs/node.o
  CC [M]  fs/netfs/read_retry.o
  CC      kernel/trace/trace_probe.o
  CC [M]  fs/squashfs/page_actor.o
  CC      fs/btrfs/lzo.o
  LD [M]  fs/exfat/exfat.o
  AR      drivers/cache/built-in.a
  CC      drivers/irqchip/irqchip.o
  CC [M]  fs/squashfs/file_cache.o
  CC [M]  fs/netfs/read_single.o
  CC      drivers/irqchip/irq-gic.o
  CC [M]  fs/squashfs/decompressor_single.o
  CC      kernel/bpf/bpf_iter.o
  CC      fs/btrfs/zstd.o
  CC [M]  fs/netfs/rolling_buffer.o
  CC [M]  fs/squashfs/xattr.o
  CC [M]  fs/netfs/write_collect.o
  CC      kernel/bpf/map_iter.o
  CC      drivers/irqchip/irq-gic-common.o
  CC      fs/btrfs/compression.o
  CC [M]  fs/squashfs/xattr_id.o
  CC [M]  fs/squashfs/xz_wrapper.o
  CC [M]  fs/netfs/write_issue.o
  CC      drivers/irqchip/irq-msi-lib.o
  CC      drivers/irqchip/irq-gic-v3.o
  CC [M]  fs/squashfs/zlib_wrapper.o
  CC [M]  fs/netfs/write_retry.o
  CC [M]  fs/netfs/fscache_cache.o
  LD [M]  fs/squashfs/squashfs.o
  CC [M]  fs/netfs/fscache_cookie.o
  CC [M]  fs/netfs/fscache_io.o
  CC [M]  fs/netfs/fscache_main.o
  CC      drivers/irqchip/irq-gic-v3-mbi.o
  CC      drivers/irqchip/irq-gic-its-msi-parent.o
  CC [M]  fs/netfs/fscache_volume.o
  CC [M]  fs/netfs/fscache_proc.o
  CC      kernel/bpf/task_iter.o
  LD [M]  fs/netfs/netfs.o
  CC      drivers/irqchip/irq-gic-v3-its.o
  CC      drivers/irqchip/irq-gic-v4.o
  CC [M]  fs/nfs/filelayout/filelayout.o
  CC      kernel/trace/trace_uprobe.o
  CC [M]  fs/nfs/filelayout/filelayoutdev.o
  CC      kernel/trace/trace_boot.o
  CC      fs/f2fs/segment.o
  LD [M]  fs/nfs/filelayout/nfs_layout_nfsv41_files.o
  CC [M]  fs/nfs/blocklayout/blocklayout.o
  AR      kernel/trace/built-in.a
  CC [M]  fs/nfs/blocklayout/dev.o
  CC      drivers/irqchip/irq-gic-v5.o
  CC      kernel/bpf/prog_iter.o
  CC      kernel/bpf/link_iter.o
  CC      kernel/exit.o
  CC [M]  fs/nfs/blocklayout/extent_tree.o
  CC      kernel/softirq.o
  CC      fs/f2fs/recovery.o
  CC      kernel/bpf/hashtab.o
  CC      drivers/irqchip/irq-gic-v5-irs.o
  CC      drivers/irqchip/irq-gic-v5-its.o
  CC [M]  fs/nfs/blocklayout/rpc_pipefs.o
  LD [M]  fs/nfs/blocklayout/blocklayoutdriver.o
  CC      fs/f2fs/shrinker.o
  CC      kernel/bpf/arraymap.o
  CC [M]  fs/nfs/flexfilelayout/flexfilelayout.o
  CC      drivers/irqchip/irq-gic-v5-iwb.o
  CC      kernel/bpf/percpu_freelist.o
  CC      fs/btrfs/delayed-ref.o
  CC      kernel/bpf/bpf_lru_list.o
  CC      kernel/bpf/lpm_trie.o
  CC      drivers/irqchip/irq-apple-aic.o
  CC [M]  sound/core/sound.o
  CC [M]  sound/core/init.o
  AR      drivers/irqchip/built-in.a
  AR      drivers/bus/mhi/built-in.a
  CC      drivers/bus/apple-usbcomplex.o
  CC [M]  sound/core/memory.o
  CC      drivers/bus/simple-pm-bus.o
  CC [M]  sound/core/control.o
  AR      drivers/bus/built-in.a
  AR      drivers/phy/allwinner/built-in.a
  AR      drivers/phy/amlogic/built-in.a
  CC      drivers/phy/apple/atc.o
  CC [M]  sound/core/misc.o
  CC [M]  sound/core/device.o
  CC [M]  sound/core/info.o
  CC      kernel/bpf/map_in_map.o
  CC [M]  sound/core/hwdep.o
  CC      kernel/bpf/bloom_filter.o
  CC [M]  fs/nfs/flexfilelayout/flexfilelayoutdev.o
  CC      kernel/bpf/local_storage.o
  CC      drivers/phy/apple/ausb.o
  CC      fs/f2fs/extent_cache.o
  CC      fs/btrfs/relocation.o
  CC      fs/f2fs/sysfs.o
  CC [M]  sound/core/timer.o
  CC      kernel/bpf/queue_stack_maps.o
  AR      drivers/phy/apple/built-in.a
  AR      drivers/phy/broadcom/built-in.a
  AR      drivers/phy/cadence/built-in.a
  AR      drivers/phy/freescale/built-in.a
  AR      drivers/phy/hisilicon/built-in.a
  AR      drivers/phy/ingenic/built-in.a
  AR      drivers/phy/intel/built-in.a
  AR      drivers/phy/lantiq/built-in.a
  AR      drivers/phy/marvell/built-in.a
  AR      drivers/phy/mediatek/built-in.a
  AR      drivers/phy/microchip/built-in.a
  AR      drivers/phy/motorola/built-in.a
  AR      drivers/phy/mscc/built-in.a
  AR      drivers/phy/nuvoton/built-in.a
  AR      drivers/phy/qualcomm/built-in.a
  AR      drivers/phy/ralink/built-in.a
  AR      drivers/phy/realtek/built-in.a
  AR      drivers/phy/renesas/built-in.a
  AR      drivers/phy/rockchip/built-in.a
  AR      drivers/phy/samsung/built-in.a
  AR      drivers/phy/socionext/built-in.a
  AR      drivers/phy/sophgo/built-in.a
  AR      drivers/phy/spacemit/built-in.a
  AR      drivers/phy/st/built-in.a
  AR      drivers/phy/starfive/built-in.a
  AR      drivers/phy/sunplus/built-in.a
  CC      kernel/bpf/ringbuf.o
  AR      drivers/phy/tegra/built-in.a
  AR      drivers/phy/ti/built-in.a
  AR      drivers/phy/xilinx/built-in.a
  CC      drivers/phy/phy-core.o
  CC      kernel/bpf/bpf_insn_array.o
  LD [M]  fs/nfs/flexfilelayout/nfs_layout_flexfiles.o
  CC [M]  fs/nfs/client.o
  CC      fs/f2fs/debug.o
  CC      kernel/bpf/bpf_local_storage.o
  CC      fs/f2fs/xattr.o
  CC [M]  sound/core/pcm.o
  AR      drivers/phy/built-in.a
  AR      drivers/pinctrl/actions/built-in.a
  CC      drivers/gpio/gpiolib.o
  AR      drivers/pinctrl/bcm/built-in.a
  AR      drivers/pinctrl/cirrus/built-in.a
  AR      drivers/pinctrl/cix/built-in.a
  AR      drivers/pinctrl/freescale/built-in.a
  AR      drivers/pinctrl/mediatek/built-in.a
  AR      drivers/pinctrl/microchip/built-in.a
  AR      drivers/pinctrl/mvebu/built-in.a
  AR      drivers/pinctrl/nomadik/built-in.a
  AR      drivers/pinctrl/nuvoton/built-in.a
  AR      drivers/pinctrl/nxp/built-in.a
  AR      drivers/pinctrl/qcom/built-in.a
  AR      drivers/pinctrl/sophgo/built-in.a
  AR      drivers/pinctrl/spacemit/built-in.a
  AR      drivers/pinctrl/sprd/built-in.a
  AR      drivers/pinctrl/starfive/built-in.a
  AR      drivers/pinctrl/sunplus/built-in.a
  AR      drivers/pinctrl/ti/built-in.a
  CC      drivers/pinctrl/core.o
  CC [M]  sound/core/pcm_native.o
  CC      drivers/gpio/gpiolib-devres.o
  CC      fs/f2fs/acl.o
  CC [M]  sound/core/pcm_lib.o
  CC      drivers/pwm/core.o
  CC      drivers/pinctrl/pinctrl-utils.o
  CC      drivers/pwm/pwm-apple.o
  CC      drivers/pinctrl/pinmux.o
  AR      drivers/pwm/built-in.a
  CC      drivers/pinctrl/devicetree.o
  CC      fs/btrfs/delayed-inode.o
  CC      drivers/pinctrl/pinctrl-apple-gpio.o
  AR      drivers/pinctrl/built-in.a
  CC      kernel/bpf/bpf_task_storage.o
  AR      drivers/leds/trigger/built-in.a
  CC [M]  drivers/leds/trigger/ledtrig-timer.o
  CC [M]  drivers/leds/trigger/ledtrig-pattern.o
  CC      fs/f2fs/iostat.o
  CC      kernel/bpf/bpf_inode_storage.o
  CC [M]  sound/core/pcm_misc.o
  AR      drivers/leds/blink/built-in.a
  AR      drivers/leds/simatic/built-in.a
  CC      drivers/leds/led-core.o
  CC      drivers/leds/led-triggers.o
  CC [M]  sound/core/pcm_memory.o
  AR      fs/f2fs/built-in.a
  CC [M]  fs/nfs/dir.o
  CC [M]  sound/core/memalloc.o
  CC      fs/btrfs/scrub.o
  CC      kernel/bpf/disasm.o
  CC [M]  drivers/leds/led-class.o
  CC [M]  fs/nfsd/trace.o
  CC [M]  drivers/leds/led-class-multicolor.o
  CC [M]  sound/core/pcm_timer.o
  CC      kernel/bpf/mprog.o
  AR      drivers/pci/controller/dwc/built-in.a
  AR      drivers/pci/controller/mobiveil/built-in.a
  AR      drivers/pci/controller/plda/built-in.a
  AR      drivers/pci/controller/built-in.a
  AR      drivers/pci/switch/built-in.a
  CC      drivers/pci/of.o
  AR      drivers/leds/built-in.a
  CC      drivers/pci/trace.o
  CC [M]  sound/core/rawmidi.o
  CC      kernel/bpf/trampoline.o
  CC      drivers/video/console/dummycon.o
  CC      fs/btrfs/backref.o
  AR      drivers/pci/built-in.a
  CC      fs/btrfs/ulist.o
  AR      drivers/video/console/built-in.a
  CC      drivers/video/logo/logo.o
  HOSTCC  drivers/video/logo/pnmtologo
  CC [M]  sound/core/ump.o
  CC      fs/btrfs/qgroup.o
  CC [M]  fs/nfs/file.o
  CC      drivers/gpio/gpiolib-legacy.o
  CC      kernel/bpf/btf.o
  CC      drivers/gpio/gpiolib-of.o
  LOGO    drivers/video/logo/logo_linux_mono.c
  LOGO    drivers/video/logo/logo_linux_vga16.c
  LOGO    drivers/video/logo/logo_linux_clut224.c
  CC      drivers/video/logo/logo_linux_mono.o
  CC      drivers/video/logo/logo_linux_vga16.o
  CC      drivers/video/logo/logo_linux_clut224.o
  AR      drivers/video/logo/built-in.a
  CC      drivers/video/backlight/apple_dwi_bl.o
  CC      drivers/video/fbdev/core/fb_notify.o
  LD [M]  sound/core/snd.o
  LD [M]  sound/core/snd-hwdep.o
  LD [M]  sound/core/snd-timer.o
  LD [M]  sound/core/snd-pcm.o
  LD [M]  sound/core/snd-rawmidi.o
  LD [M]  sound/core/snd-ump.o
  CC      drivers/video/backlight/apple_pmic_bl.o
  CC [M]  sound/usb/card.o
  CC      drivers/gpio/gpiolib-cdev.o
  CC [M]  fs/nfs/getroot.o
  CC      drivers/video/fbdev/core/fb_info.o
  CC      drivers/video/backlight/backlight.o
  CC      fs/btrfs/send.o
  CC      drivers/video/fbdev/core/fbmem.o
  CC [M]  drivers/video/backlight/lcd.o
  CC [M]  sound/usb/clock.o
  CC [M]  fs/nfs/inode.o
  CC      drivers/gpio/gpiolib-swnode.o
  AR      drivers/video/backlight/built-in.a
  CC      drivers/gpio/gpio-macsmc.o
  CC      drivers/video/fbdev/core/fbcmap.o
  CC [M]  sound/usb/endpoint.o
  CC [M]  fs/nfsd/nfssvc.o
  AR      drivers/video/fbdev/omap/built-in.a
  CC [M]  fs/nfsd/nfsctl.o
  AR      drivers/gpio/built-in.a
  AR      drivers/video/fbdev/omap2/omapfb/dss/built-in.a
  AR      drivers/video/fbdev/omap2/omapfb/displays/built-in.a
  AR      drivers/video/fbdev/omap2/omapfb/built-in.a
  AR      drivers/video/fbdev/omap2/built-in.a
  CC [M]  fs/nfsd/nfsfh.o
  CC      kernel/bpf/memalloc.o
  CC      drivers/video/fbdev/core/modedb.o
  CC [M]  sound/usb/fcp.o
  CC [M]  fs/nfs/super.o
  CC [M]  sound/usb/format.o
  CC      kernel/bpf/rqspinlock.o
  CC      drivers/video/fbdev/core/fbcvt.o
  CC      drivers/video/fbdev/core/fb_cmdline.o
  CC      fs/btrfs/dev-replace.o
  CC      fs/btrfs/raid56.o
  CC [M]  fs/nfsd/vfs.o
  CC [M]  sound/usb/helper.o
  CC [M]  sound/usb/implicit.o
  CC      drivers/video/fbdev/core/fb_backlight.o
  CC      kernel/bpf/stream.o
  CC [M]  fs/nfs/io.o
  CC      kernel/bpf/arena.o
  CC      kernel/bpf/range_tree.o
  CC      drivers/video/fbdev/core/fbmon.o
  CC [M]  sound/usb/mixer.o
  CC      fs/btrfs/uuid-tree.o
  CC [M]  fs/nfs/direct.o
  CC [M]  fs/nfs/pagelist.o
  CC      drivers/video/fbdev/core/fb_defio.o
  CC [M]  fs/nfs/read.o
  CC [M]  fs/nfsd/export.o
  CC      kernel/bpf/dispatcher.o
  CC [M]  sound/usb/mixer_quirks.o
  CC      fs/btrfs/props.o
  CC      drivers/video/fbdev/core/fb_chrdev.o
  CC      kernel/bpf/devmap.o
  CC      drivers/video/fbdev/core/fb_procfs.o
  CC      kernel/bpf/cpumap.o
  CC [M]  fs/nfs/symlink.o
  CC [M]  fs/nfsd/auth.o
  CC      fs/btrfs/free-space-tree.o
  CC [M]  fs/nfs/unlink.o
  CC      drivers/video/fbdev/core/fbsysfs.o
  CC [M]  sound/usb/mixer_scarlett.o
  AR      drivers/idle/built-in.a
  CC [M]  fs/nfsd/lockd.o
  AR      drivers/char/ipmi/built-in.a
  CC      drivers/video/fbdev/core/fbcon.o
  CC      drivers/amba/bus.o
  CC [M]  fs/nfsd/nfscache.o
  CC      kernel/bpf/offload.o
  CC [M]  fs/nfs/write.o
  CC [M]  sound/usb/mixer_scarlett2.o
  CC      fs/btrfs/tree-checker.o
  CC      fs/btrfs/space-info.o
  AR      drivers/amba/built-in.a
  CC      fs/btrfs/block-rsv.o
  CC [M]  fs/nfsd/stats.o
  CC      kernel/bpf/net_namespace.o
  CC      drivers/video/fbdev/core/bitblit.o
  CC      drivers/video/fbdev/core/softcursor.o
  CC      drivers/video/fbdev/core/fbcon_rotate.o
  CC      fs/btrfs/delalloc-space.o
  CC [M]  fs/nfsd/filecache.o
  CC      drivers/video/fbdev/core/fbcon_cw.o
  CC [M]  fs/nfs/namespace.o
  CC      kernel/bpf/tcx.o
  CC [M]  fs/nfsd/nfs3proc.o
  CC [M]  fs/nfs/mount_clnt.o
  CC [M]  sound/usb/mixer_us16x08.o
  CC      fs/btrfs/block-group.o
  CC      drivers/video/fbdev/core/fbcon_ud.o
  CC      kernel/bpf/stackmap.o
  CC      fs/btrfs/discard.o
  CC [M]  sound/usb/mixer_s1810c.o
  CC [M]  fs/nfs/nfstrace.o
  CC [M]  sound/usb/pcm.o
  CC      drivers/video/fbdev/core/fbcon_ccw.o
  CC [M]  sound/usb/power.o
  CC [M]  fs/nfsd/nfs3xdr.o
  CC      fs/btrfs/reflink.o
  CC      kernel/bpf/cgroup_iter.o
  CC      kernel/bpf/bpf_cgrp_storage.o
  CC      drivers/video/fbdev/core/fb_logo.o
  CC [M]  sound/usb/proc.o
  CC [M]  sound/usb/quirks.o
  CC [M]  sound/usb/stream.o
  CC      fs/btrfs/subpage.o
  CC [M]  fs/nfsd/netlink.o
  CC [M]  fs/nfsd/nfs3acl.o
  CC      drivers/video/fbdev/core/sysfillrect.o
  CC      kernel/bpf/cgroup.o
  CC      kernel/bpf/reuseport_array.o
  CC      kernel/bpf/bpf_struct_ops.o
  CC [M]  sound/usb/validate.o
  CC [M]  fs/nfsd/nfs4proc.o
  CC      drivers/video/fbdev/core/syscopyarea.o
  CC      fs/btrfs/tree-mod-log.o
  CC [M]  sound/usb/midi2.o
  CC      kernel/bpf/cpumask.o
  CC [M]  fs/nfs/export.o
  CC      drivers/video/fbdev/core/sysimgblt.o
  CC      drivers/video/fbdev/core/fb_sys_fops.o
  CC      kernel/bpf/bpf_lsm_proto.o
  CC      fs/btrfs/extent-io-tree.o
  CC      fs/btrfs/fs.o
  CC [M]  sound/usb/midi.o
  AR      drivers/video/fbdev/core/built-in.a
  AR      drivers/video/fbdev/built-in.a
  CC      drivers/video/aperture.o
  AR      samples/vfio-mdev/built-in.a
  AR      samples/built-in.a
  CC      kernel/bpf/bpf_lsm.o
  CC [M]  fs/nfs/sysfs.o
  CC      drivers/video/cmdline.o
  CC      kernel/bpf/crypto.o
  CC [M]  fs/nfsd/nfs4xdr.o
  CC      fs/btrfs/messages.o
  CC      kernel/bpf/relo_core.o
  CC      drivers/video/nomodeset.o
  LD [M]  sound/usb/snd-usb-audio.o
  CC [M]  fs/nfs/fs_context.o
  LD [M]  sound/usb/snd-usbmidi-lib.o
  CC      fs/btrfs/bio.o
  AR      sound/built-in.a
  CC [M]  sound/sound_core.o
  CC      fs/btrfs/lru_cache.o
  CC      drivers/video/hdmi.o
  CC [M]  fs/nfs/sysctl.o
  LD [M]  sound/soundcore.o
  CC [M]  fs/nfsd/nfs4state.o
  CC [M]  fs/nfs/fscache.o
  CC      kernel/bpf/btf_iter.o
  AR      drivers/video/built-in.a
  AR      drivers/clk/actions/built-in.a
  AR      drivers/clk/analogbits/built-in.a
  AR      drivers/clk/aspeed/built-in.a
  AR      drivers/clk/bcm/built-in.a
  AR      drivers/clk/imgtec/built-in.a
  AR      drivers/clk/imx/built-in.a
  AR      drivers/clk/ingenic/built-in.a
  AR      drivers/clk/keystone/built-in.a
  AR      drivers/clk/mediatek/built-in.a
  AR      drivers/clk/microchip/built-in.a
  AR      drivers/clk/mstar/built-in.a
  AR      drivers/clk/mvebu/built-in.a
  AR      drivers/clk/ralink/built-in.a
  AR      drivers/clk/renesas/built-in.a
  AR      drivers/clk/socfpga/built-in.a
  AR      drivers/clk/sophgo/built-in.a
  AR      drivers/clk/spacemit/built-in.a
  CC [M]  fs/nfs/nfs3super.o
  AR      drivers/clk/sprd/built-in.a
  AR      drivers/clk/starfive/built-in.a
  AR      drivers/clk/sunxi-ng/built-in.a
  AR      drivers/clk/ti/built-in.a
  AR      drivers/clk/versatile/built-in.a
  AR      drivers/clk/xilinx/built-in.a
  CC      drivers/clk/clk-devres.o
  CC      fs/btrfs/raid-stripe-tree.o
  CC      drivers/soc/apple/mailbox.o
  CC      kernel/bpf/btf_relocate.o
  CC      drivers/clk/clk-bulk.o
  CC      drivers/clk/clkdev.o
  CC      drivers/soc/apple/rtkit.o
  CC [M]  fs/nfs/nfs3client.o
  CC [M]  fs/nfs/nfs3proc.o
  CC      fs/btrfs/fiemap.o
  CC      fs/btrfs/direct-io.o
  CC      kernel/bpf/kmem_cache_iter.o
  CC      drivers/clk/clk.o
  CC      drivers/soc/apple/rtkit-crashlog.o
  CC      drivers/soc/apple/sart.o
  CC      kernel/bpf/dmabuf_iter.o
  CC [M]  fs/nfs/nfs3xdr.o
  CC      fs/btrfs/acl.o
  CC      drivers/clk/clk-divider.o
  CC      drivers/clk/clk-fixed-factor.o
  CC      drivers/soc/apple/tunable.o
  AR      kernel/bpf/built-in.a
  AR      fs/btrfs/built-in.a
  CC [M]  fs/nfs/nfs4proc.o
  CC      kernel/resource.o
  CC [M]  fs/lockd/clntlock.o
  CC      kernel/sysctl.o
  AR      drivers/soc/apple/built-in.a
  AR      drivers/soc/aspeed/built-in.a
  AR      drivers/soc/bcm/built-in.a
  AR      drivers/soc/fsl/built-in.a
  AR      drivers/soc/fujitsu/built-in.a
  AR      drivers/soc/hisilicon/built-in.a
  AR      drivers/soc/imx/built-in.a
  AR      drivers/soc/ixp4xx/built-in.a
  AR      drivers/soc/loongson/built-in.a
  AR      drivers/soc/mediatek/built-in.a
  AR      drivers/soc/microchip/built-in.a
  AR      drivers/soc/nuvoton/built-in.a
  AR      drivers/soc/pxa/built-in.a
  AR      drivers/soc/amlogic/built-in.a
  AR      drivers/soc/qcom/built-in.a
  AR      drivers/soc/renesas/built-in.a
  AR      drivers/soc/rockchip/built-in.a
  AR      drivers/soc/sophgo/built-in.a
  AR      drivers/soc/sunxi/built-in.a
  AR      drivers/soc/ti/built-in.a
  AR      drivers/soc/versatile/built-in.a
  AR      drivers/soc/vt8500/built-in.a
  AR      drivers/soc/xilinx/built-in.a
  AR      drivers/soc/built-in.a
  CC      drivers/clk/clk-fixed-rate.o
  CC [M]  fs/smb/common/cifs_md4.o
  CC [M]  fs/nfsd/nfs4idmap.o
  CC [M]  fs/nfsd/nfs4acl.o
  CC [M]  fs/nfsd/nfs4callback.o
  CC      kernel/capability.o
  CC [M]  fs/lockd/clntproc.o
  CC [M]  fs/smb/client/trace.o
  CC      drivers/clk/clk-gate.o
  CC      drivers/clk/clk-multiplier.o
  CC      kernel/ptrace.o
  CC      drivers/clk/clk-mux.o
  CC [M]  fs/smb/client/cifsfs.o
  CC [M]  fs/smb/client/cifs_debug.o
  CC [M]  fs/lockd/clntxdr.o
  CC      drivers/clk/clk-composite.o
  CC [M]  fs/nfsd/nfs4recover.o
  CC      drivers/clk/clk-fractional-divider.o
  CC      kernel/user.o
  CC [M]  fs/lockd/host.o
  CC [M]  fs/nfsd/nfs4xdr_gen.o
  CC      drivers/clk/clk-gpio.o
  CC      kernel/signal.o
  CC      kernel/sys.o
  CC      kernel/umh.o
  CC [M]  fs/smb/client/connect.o
  CC      drivers/clk/clk-conf.o
  CC [M]  fs/lockd/svc.o
  CC [M]  fs/nfs/nfs4xdr.o
  CC [M]  fs/nfsd/nfs4layouts.o
  CC      drivers/clk/clk-apple-nco.o
  CC [M]  fs/nfsd/blocklayout.o
  CC [M]  fs/nfsd/blocklayoutxdr.o
  AR      drivers/clk/built-in.a
  AR      drivers/pmdomain/actions/built-in.a
  AR      drivers/pmdomain/amlogic/built-in.a
  CC      drivers/pmdomain/apple/pmgr-pwrstate.o
  CC [M]  fs/lockd/svclock.o
  CC      kernel/workqueue.o
  CC      drivers/virtio/virtio.o
  AR      drivers/pmdomain/apple/built-in.a
  AR      drivers/pmdomain/arm/built-in.a
  AR      drivers/pmdomain/bcm/built-in.a
  AR      drivers/pmdomain/imx/built-in.a
  CC      drivers/virtio/virtio_ring.o
  AR      drivers/pmdomain/marvell/built-in.a
  AR      drivers/pmdomain/mediatek/built-in.a
  AR      drivers/pmdomain/qcom/built-in.a
  AR      drivers/pmdomain/renesas/built-in.a
  AR      drivers/pmdomain/rockchip/built-in.a
  AR      drivers/pmdomain/samsung/built-in.a
  AR      drivers/pmdomain/st/built-in.a
  AR      drivers/pmdomain/starfive/built-in.a
  AR      drivers/pmdomain/sunxi/built-in.a
  AR      drivers/pmdomain/tegra/built-in.a
  AR      drivers/pmdomain/thead/built-in.a
  AR      drivers/pmdomain/ti/built-in.a
  AR      drivers/pmdomain/xilinx/built-in.a
  CC      drivers/pmdomain/core.o
  CC [M]  fs/nfsd/debugfs.o
  CC [M]  fs/lockd/svcshare.o
  CC      drivers/pmdomain/governor.o
  CC [M]  fs/smb/client/dir.o
  CC [M]  fs/smb/client/file.o
  LD [M]  fs/nfsd/nfsd.o
  CC      drivers/virtio/virtio_anchor.o
  CC [M]  fs/smb/client/inode.o
  AR      drivers/pmdomain/built-in.a
  CC [M]  fs/smb/client/link.o
  CC [M]  fs/lockd/svcproc.o
  CC [M]  fs/nfs/nfs4state.o
  AR      drivers/virtio/built-in.a
  AR      drivers/reset/amlogic/built-in.a
  AR      drivers/reset/hisilicon/built-in.a
  AR      drivers/reset/spacemit/built-in.a
  AR      drivers/reset/starfive/built-in.a
  AR      drivers/reset/sti/built-in.a
  AR      drivers/reset/tegra/built-in.a
  CC      drivers/reset/core.o
  CC      kernel/pid.o
  CC      kernel/task_work.o
  CC [M]  fs/lockd/svcsubs.o
  CC [M]  fs/lockd/mon.o
  AR      drivers/reset/built-in.a
  CC      drivers/tty/vt/vt_ioctl.o
  CC      drivers/tty/vt/vc_screen.o
  AR      drivers/tty/serial/8250/built-in.a
  CC      drivers/tty/serial/serial_core.o
  CC      drivers/tty/serdev/core.o
  CC      kernel/extable.o
  CC [M]  fs/smb/client/misc.o
  CC [M]  fs/nfs/nfs4renewd.o
  CC [M]  fs/lockd/trace.o
  CC      drivers/tty/vt/selection.o
  CC [M]  fs/nfs/nfs4super.o
  CC      drivers/tty/serdev/serdev-ttyport.o
  CC      kernel/params.o
  CC      kernel/kthread.o
  CC      drivers/tty/vt/keyboard.o
  CC [M]  fs/lockd/xdr.o
  CC [M]  fs/nfs/nfs4file.o
  AR      drivers/tty/serdev/built-in.a
  CC [M]  fs/nfs/delegation.o
  CC      drivers/tty/serial/serial_base_bus.o
  CC [M]  fs/smb/client/netmisc.o
  CC [M]  fs/smb/client/smbencrypt.o
  CC [M]  fs/lockd/netlink.o
  CC      kernel/sys_ni.o
  CC      drivers/tty/serial/serial_ctrl.o
  CC      drivers/tty/vt/vt.o
  COPY    drivers/tty/vt/defkeymap.c
  CC      kernel/nsproxy.o
  CC      kernel/nstree.o
  CC [M]  fs/lockd/clnt4xdr.o
  CC [M]  fs/lockd/xdr4.o
  CC [M]  fs/smb/client/transport.o
  CC      drivers/tty/serial/serial_port.o
  CC [M]  fs/nfs/nfs4idmap.o
  CC      drivers/tty/serial/earlycon.o
  CC      drivers/tty/vt/consolemap.o
  CC      kernel/nscommon.o
  CC      kernel/notifier.o
  CC [M]  fs/lockd/svc4proc.o
  CC      drivers/tty/serial/samsung_tty.o
  HOSTCC  drivers/tty/vt/conmakehash
  AR      drivers/tty/ipwireless/built-in.a
  CC      kernel/ksysfs.o
  CC [M]  fs/smb/client/cached_dir.o
  CC [M]  fs/nfs/callback.o
  COPY    drivers/tty/vt/ucs_width_table.h
  CC      kernel/cred.o
  CC      kernel/reboot.o
  COPY    drivers/tty/vt/ucs_recompose_table.h
  COPY    drivers/tty/vt/ucs_fallback_table.h
  CC      drivers/tty/vt/defkeymap.o
  CONMK   drivers/tty/vt/consolemap_deftbl.c
  CC      drivers/tty/vt/ucs.o
  CC      drivers/tty/vt/consolemap_deftbl.o
  AR      drivers/tty/vt/built-in.a
  CC [M]  fs/nfs/callback_xdr.o
  CC [M]  fs/lockd/procfs.o
  CC [M]  fs/ntfs3/attrib.o
  AR      drivers/tty/serial/built-in.a
  CC      drivers/tty/tty_io.o
  CC      drivers/tty/n_tty.o
  CC      kernel/async.o
  CC      drivers/tty/tty_ioctl.o
  CC [M]  fs/smb/client/cifs_unicode.o
  LD [M]  fs/lockd/lockd.o
  CC [M]  fs/smb/client/nterr.o
  CC      kernel/range.o
  CC      kernel/smpboot.o
  CC [M]  fs/fuse/trace.o
  CC [M]  fs/nfs/callback_proc.o
  CC [M]  fs/ntfs3/attrlist.o
  CC [M]  fs/nfs/nfs4namespace.o
  CC      kernel/ucount.o
  CC      kernel/regset.o
  CC      drivers/tty/tty_ldisc.o
  CC [M]  fs/smb/client/cifsencrypt.o
  CC      drivers/tty/tty_buffer.o
  CC [M]  fs/fuse/dev.o
  CC [M]  fs/ntfs3/bitfunc.o
  CC      kernel/ksyms_common.o
  CC      drivers/tty/tty_port.o
  CC [M]  fs/smb/client/readdir.o
  CC [M]  fs/smb/client/ioctl.o
  CC [M]  fs/nfs/nfs4getroot.o
  CC [M]  fs/ntfs3/bitmap.o
  CC      kernel/groups.o
  CC      kernel/kcmp.o
  CC      drivers/tty/tty_mutex.o
  CC [M]  fs/nfs/nfs4client.o
  CC [M]  fs/fuse/dir.o
  CC [M]  fs/fuse/file.o
  CC      drivers/tty/tty_ldsem.o
  CC [M]  fs/ntfs3/dir.o
  CC      kernel/freezer.o
  CC [M]  fs/ntfs3/fsntfs.o
  CC [M]  fs/smb/client/sess.o
  CC      drivers/tty/tty_baudrate.o
  CC      drivers/tty/tty_jobctrl.o
  CC      kernel/profile.o
  CC [M]  fs/nfs/nfs4session.o
  CC      kernel/stacktrace.o
  CC [M]  fs/ntfs3/frecord.o
  CC      drivers/tty/n_null.o
  CC [M]  fs/fuse/inode.o
  CC [M]  fs/ntfs3/file.o
  CC [M]  fs/ntfs3/fslog.o
  CC [M]  fs/smb/client/export.o
  CC      kernel/smp.o
  CC      drivers/tty/pty.o
  CC [M]  fs/nfs/dns_resolve.o
  CC [M]  fs/smb/client/unc.o
  CC      drivers/tty/tty_audit.o
  CC [M]  fs/ntfs3/inode.o
  CC      kernel/uid16.o
  CC [M]  fs/fuse/control.o
  CC [M]  fs/ntfs3/index.o
  CC [M]  fs/nfs/nfs4trace.o
  CC      drivers/tty/sysrq.o
  CC [M]  fs/nfs/pnfs.o
  CC [M]  fs/smb/client/winucase.o
  CC [M]  fs/smb/client/smb2ops.o
  CC [M]  fs/fuse/xattr.o
  CC      kernel/kallsyms.o
  CC      kernel/acct.o
  CC [M]  fs/ntfs3/lznt.o
  CC [M]  drivers/tty/ttynull.o
  CC [M]  fs/fuse/acl.o
  CC [M]  fs/ntfs3/namei.o
  AR      drivers/tty/built-in.a
  CC [M]  fs/fuse/readdir.o
  CC      drivers/char/hw_random/core.o
  CC      drivers/char/hw_random/arm_smccc_trng.o
  CC      kernel/compat.o
  CC      kernel/utsname.o
  CC [M]  drivers/char/hw_random/virtio-rng.o
  CC [M]  fs/nfs/pnfs_dev.o
  CC [M]  fs/ntfs3/record.o
  CC [M]  fs/fuse/ioctl.o
  CC [M]  fs/ntfs3/run.o
  CC      kernel/user_namespace.o
  AR      drivers/char/hw_random/built-in.a
  AR      drivers/char/agp/built-in.a
  CC      drivers/char/mem.o
  CC      drivers/char/random.o
  CC [M]  fs/fuse/iomode.o
  CC [M]  fs/ntfs3/super.o
  CC [M]  fs/ntfs3/upcase.o
  GEN     fs/smb/client/smb2_mapping_table.c
  CC [M]  fs/smb/client/smb2transport.o
  CC      kernel/pid_namespace.o
  CC [M]  fs/fuse/passthrough.o
  CC [M]  fs/smb/client/smb2misc.o
  CC [M]  fs/smb/client/smb2pdu.o
  CC [M]  fs/nfs/pnfs_nfs.o
  CC      drivers/char/misc.o
  CC      kernel/stop_machine.o
  CC [M]  fs/fuse/backing.o
  CC [M]  fs/ntfs3/xattr.o
  AR      drivers/char/built-in.a
  AR      drivers/iommu/arm/arm-smmu/built-in.a
  AR      drivers/gpu/host1x/built-in.a
  AR      drivers/iommu/arm/arm-smmu-v3/built-in.a
  AR      drivers/iommu/arm/built-in.a
  AR      drivers/iommu/iommufd/built-in.a
  AR      drivers/iommu/built-in.a
  AR      drivers/gpu/vga/built-in.a
  CC [M]  fs/fuse/sysctl.o
  CC [M]  fs/fuse/dev_uring.o
  CC      kernel/audit.o
  CC [M]  fs/smb/client/smb2inode.o
  AR      drivers/gpu/drm/tests/built-in.a
  AR      drivers/gpu/drm/arm/built-in.a
  CC      drivers/gpu/drm/clients/drm_client_setup.o
  LD [M]  fs/ntfs3/ntfs3.o
  CC [M]  fs/nfs/nfs4sysctl.o
  CC      drivers/gpu/drm/clients/drm_fbdev_client.o
  CC [M]  fs/overlayfs/super.o
  CC [M]  fs/overlayfs/namei.o
  LD [M]  fs/fuse/fuse.o
  CC [M]  fs/nfs/nfs40client.o
  AR      drivers/gpu/drm/clients/built-in.a
  AR      drivers/gpu/drm/display/built-in.a
  AR      drivers/gpu/drm/omapdrm/built-in.a
  CC [M]  fs/smb/client/smb2file.o
  AR      drivers/gpu/drm/renesas/rcar-du/built-in.a
  AR      drivers/gpu/drm/renesas/rz-du/built-in.a
  AR      drivers/gpu/drm/renesas/built-in.a
  AR      drivers/gpu/drm/tilcdc/built-in.a
  AR      drivers/gpu/drm/imx/built-in.a
  AR      drivers/gpu/drm/panel/built-in.a
  AR      drivers/gpu/drm/bridge/analogix/built-in.a
  AR      drivers/gpu/drm/bridge/cadence/built-in.a
  AR      drivers/gpu/drm/bridge/imx/built-in.a
  AR      drivers/gpu/drm/bridge/synopsys/built-in.a
  AR      drivers/gpu/drm/bridge/built-in.a
  AR      drivers/gpu/drm/hisilicon/built-in.a
  AR      drivers/gpu/drm/mxsfb/built-in.a
  CC      drivers/gpu/drm/sysfb/drm_sysfb.o
  CC [M]  fs/udf/balloc.o
  CC [M]  fs/overlayfs/util.o
  CC      kernel/auditfilter.o
  CC      kernel/auditsc.o
  CC      drivers/gpu/drm/sysfb/drm_sysfb_modeset.o
  CC      drivers/gpu/drm/sysfb/simpledrm.o
  CC [M]  fs/nfs/nfs40proc.o
  CC [M]  fs/udf/dir.o
  CC [M]  fs/smb/client/cifsacl.o
  CC [M]  fs/overlayfs/inode.o
  CC [M]  fs/udf/file.o
  CC [M]  fs/udf/ialloc.o
  AR      drivers/gpu/drm/sysfb/built-in.a
  AR      drivers/gpu/drm/tiny/built-in.a
  AR      drivers/gpu/drm/xlnx/built-in.a
  AR      drivers/gpu/drm/gud/built-in.a
  AR      drivers/gpu/drm/sitronix/built-in.a
  AR      drivers/gpu/drm/solomon/built-in.a
  CC [M]  drivers/gpu/drm/udl/udl_drv.o
  CC [M]  drivers/gpu/drm/udl/udl_edid.o
  CC [M]  fs/nfs/nfs42proc.o
  CC      kernel/audit_watch.o
  CC      kernel/audit_fsnotify.o
  CC [M]  fs/udf/inode.o
  CC [M]  fs/overlayfs/file.o
  CC [M]  fs/overlayfs/dir.o
  CC [M]  drivers/gpu/drm/udl/udl_main.o
  CC [M]  fs/smb/client/fs_context.o
  CC [M]  fs/smb/client/dns_resolve.o
  CC      kernel/audit_tree.o
  CC [M]  drivers/gpu/drm/udl/udl_modeset.o
  CC      kernel/kprobes.o
  CC [M]  fs/udf/lowlevel.o
  CC [M]  fs/overlayfs/readdir.o
  CC [M]  fs/nfs/nfs42xattr.o
  CC [M]  fs/overlayfs/copy_up.o
  CC [M]  drivers/gpu/drm/udl/udl_transfer.o
  CC [M]  fs/overlayfs/export.o
  ASN.1   fs/smb/client/cifs_spnego_negtokeninit.asn1.[ch]
  CC      kernel/seccomp.o
  CC [M]  fs/smb/client/namespace.o
  LD [M]  drivers/gpu/drm/udl/udl.o
  CC [M]  fs/udf/namei.o
  CC      drivers/gpu/drm/drm_atomic.o
  CC      drivers/gpu/drm/drm_atomic_uapi.o
  CC      drivers/gpu/drm/drm_auth.o
  CC [M]  fs/overlayfs/params.o
  LD [M]  fs/nfs/nfs.o
  LD [M]  fs/nfs/nfsv3.o
  LD [M]  fs/nfs/nfsv4.o
  CC      kernel/utsname_sysctl.o
  CC [M]  fs/udf/partition.o
  CC      kernel/delayacct.o
  CC [M]  fs/smb/client/reparse.o
  CC      kernel/taskstats.o
  CC [M]  fs/xfs/xfs_trace.o
  CC      drivers/gpu/drm/drm_blend.o
  CC [M]  fs/xfs/libxfs/xfs_group.o
  CC [M]  fs/xfs/libxfs/xfs_ag.o
  CC [M]  fs/overlayfs/xattrs.o
  CC [M]  fs/udf/super.o
  CC      drivers/gpu/drm/drm_bridge.o
  CC      kernel/tsacct.o
  LD [M]  fs/overlayfs/overlay.o
  CC      drivers/gpu/drm/drm_cache.o
  CC [M]  fs/smb/client/cifssmb.o
  CC [M]  fs/smb/client/smb1debug.o
  CC      kernel/tracepoint.o
  CC      kernel/irq_work.o
  CC      drivers/gpu/drm/drm_color_mgmt.o
  CC      drivers/gpu/drm/drm_colorop.o
  CC [M]  fs/udf/truncate.o
  CC      kernel/scs.o
  CC [M]  fs/cachefiles/cache.o
  CC      drivers/gpu/drm/drm_connector.o
  CC [M]  fs/udf/symlink.o
  CC [M]  fs/udf/directory.o
  CC [M]  fs/smb/client/smb1encrypt.o
  CC      kernel/padata.o
  CC      kernel/jump_label.o
  CC [M]  fs/udf/misc.o
  CC [M]  fs/cachefiles/daemon.o
  CC      kernel/context_tracking.o
  CC      drivers/gpu/drm/drm_crtc.o
  CC      kernel/iomem.o
  CC      net/core/sock.o
  CC [M]  fs/smb/client/smb1maperror.o
  CC [M]  fs/udf/udftime.o
  CC      net/core/skbuff.o
  CC      kernel/rseq.o
  CC [M]  fs/cachefiles/interface.o
  CC [M]  fs/smb/client/smb1misc.o
  CC [M]  fs/udf/unicode.o
  CC      drivers/gpu/drm/drm_displayid.o
  CC [M]  fs/smb/client/smb1ops.o
  CC      drivers/gpu/drm/drm_drv.o
  LD [M]  fs/udf/udf.o
  CC [M]  fs/cachefiles/io.o
  CC [M]  fs/cachefiles/key.o
  CC [M]  fs/smb/client/smb1session.o
  CC      drivers/gpu/drm/drm_dumb_buffers.o
  CC [M]  fs/cachefiles/main.o
  CC [M]  fs/smb/client/smb1transport.o
  CC [M]  fs/smb/client/smb2maperror.o
  CC      drivers/gpu/drm/drm_edid.o
  CC      drivers/gpu/drm/drm_eld.o
  CC [M]  fs/cachefiles/namei.o
  CC [M]  fs/smb/client/cifs_spnego_negtokeninit.asn1.o
  CC [M]  fs/smb/client/asn1.o
  LD [M]  fs/smb/client/cifs.o
  AR      virt/lib/built-in.a
  AR      virt/built-in.a
  CC [M]  fs/efivarfs/inode.o
  CC [M]  fs/efivarfs/file.o
  CC [M]  fs/efivarfs/super.o
  CC [M]  fs/efivarfs/vars.o
  CC [M]  fs/erofs/super.o
  LD [M]  fs/efivarfs/efivarfs.o
  CC [M]  fs/cachefiles/security.o
  CC [M]  fs/xfs/libxfs/xfs_ag_resv.o
  CC [M]  fs/xfs/libxfs/xfs_alloc.o
  CC      drivers/gpu/drm/drm_encoder.o
  CC      drivers/gpu/drm/drm_file.o
  CC [M]  fs/erofs/inode.o
  CC      drivers/gpu/drm/drm_fourcc.o
  AR      kernel/built-in.a
  CC      fs/open.o
  CC [M]  fs/xfs/libxfs/xfs_alloc_btree.o
  CC [M]  fs/cachefiles/volume.o
  CC      drivers/gpu/drm/drm_framebuffer.o
  CC [M]  fs/erofs/data.o
  CC      drivers/gpu/drm/drm_gem.o
  CC [M]  fs/cachefiles/xattr.o
  CC [M]  fs/xfs/libxfs/xfs_attr.o
  CC [M]  fs/erofs/namei.o
  CC [M]  fs/erofs/dir.o
  CC [M]  fs/erofs/sysfs.o
  CC      drivers/gpu/drm/drm_ioctl.o
  LD [M]  fs/cachefiles/cachefiles.o
  CC      drivers/gpu/drm/drm_lease.o
  CC [M]  fs/xfs/libxfs/xfs_attr_leaf.o
  CC [M]  fs/erofs/xattr.o
  CC [M]  fs/erofs/decompressor.o
  CC [M]  fs/erofs/zmap.o
  CC      fs/read_write.o
  CC      fs/file_table.o
  CC      drivers/gpu/drm/drm_managed.o
  CC      drivers/gpu/drm/drm_mm.o
  CC      fs/super.o
  CC [M]  fs/erofs/zdata.o
  CC [M]  fs/erofs/zutil.o
  CC      drivers/gpu/drm/drm_mode_config.o
  CC [M]  fs/erofs/decompressor_lzma.o
  CC      net/core/datagram.o
  CC [M]  fs/erofs/decompressor_deflate.o
  CC      net/core/stream.o
  CC [M]  fs/xfs/libxfs/xfs_attr_remote.o
  CC [M]  fs/xfs/libxfs/xfs_bit.o
  CC [M]  fs/xfs/libxfs/xfs_bmap.o
  CC      drivers/gpu/drm/drm_mode_object.o
  CC      drivers/gpu/drm/drm_modes.o
  CC [M]  fs/erofs/decompressor_zstd.o
  CC      fs/char_dev.o
  CC [M]  fs/erofs/fileio.o
  CC      drivers/base/power/sysfs.o
  CC      drivers/base/firmware_loader/builtin/main.o
  CC      net/core/scm.o
  CC      drivers/gpu/drm/drm_modeset_lock.o
  CC      net/core/gen_stats.o
  CC      drivers/base/power/generic_ops.o
  CC      drivers/base/power/common.o
  AR      drivers/base/firmware_loader/builtin/built-in.a
  CC      drivers/base/firmware_loader/fallback_table.o
  LD [M]  fs/erofs/erofs.o
  CC      drivers/base/firmware_loader/main.o
  CC      drivers/gpu/drm/drm_plane.o
  CC      drivers/base/power/qos.o
  CC      drivers/base/power/runtime.o
  CC      drivers/gpu/drm/drm_prime.o
  CC      drivers/base/firmware_loader/fallback.o
  CC      net/core/gen_estimator.o
  CC      fs/stat.o
  CC      fs/exec.o
  CC      fs/pipe.o
  CC      drivers/gpu/drm/drm_print.o
  CC      drivers/base/power/wakeirq.o
  CC      drivers/base/firmware_loader/sysfs.o
  CC [M]  fs/xfs/libxfs/xfs_bmap_btree.o
  CC      net/core/net_namespace.o
  CC      drivers/base/power/clock_ops.o
  CC      drivers/gpu/drm/drm_property.o
  AR      drivers/base/firmware_loader/built-in.a
  CC      drivers/base/regmap/regmap.o
  CC      drivers/base/regmap/regcache.o
  CC      drivers/gpu/drm/drm_rect.o
  AR      drivers/base/power/built-in.a
  CC [M]  fs/xfs/libxfs/xfs_btree.o
  AR      drivers/base/test/built-in.a
  CC [M]  fs/xfs/libxfs/xfs_btree_staging.o
  CC [M]  fs/xfs/libxfs/xfs_da_btree.o
  CC [M]  fs/xfs/libxfs/xfs_defer.o
  CC      net/core/secure_seq.o
  CC [M]  fs/xfs/libxfs/xfs_dir2.o
  CC      drivers/gpu/drm/drm_syncobj.o
  CC      net/core/flow_dissector.o
  CC      drivers/gpu/drm/drm_sysfs.o
  CC      drivers/base/regmap/regcache-rbtree.o
  CC      drivers/base/regmap/regcache-flat.o
  CC      drivers/base/regmap/regcache-maple.o
  CC      drivers/gpu/drm/drm_trace_points.o
  CC [M]  fs/xfs/libxfs/xfs_dir2_block.o
  CC      net/core/sysctl_net_core.o
  CC      net/core/dev.o
  CC      drivers/base/regmap/regmap-debugfs.o
  CC [M]  fs/xfs/libxfs/xfs_dir2_data.o
  CC      drivers/gpu/drm/drm_vblank.o
  CC      drivers/base/regmap/regmap-i2c.o
  CC      drivers/base/regmap/regmap-spmi.o
  CC      drivers/base/component.o
  CC      drivers/base/core.o
  CC      drivers/gpu/drm/drm_vblank_work.o
  CC      net/core/dev_api.o
  CC      net/ethernet/eth.o
  CC      drivers/base/regmap/regmap-mmio.o
  CC [M]  fs/xfs/libxfs/xfs_dir2_leaf.o
  CC      drivers/gpu/drm/drm_vma_manager.o
  AR      net/802/built-in.a
  CC [M]  net/802/psnap.o
  CC [M]  net/802/stp.o
  CC      drivers/base/regmap/regmap-irq.o
  CC      drivers/gpu/drm/drm_writeback.o
  AR      net/ethernet/built-in.a
  CC      drivers/gpu/drm/drm_client.o
  CC      drivers/gpu/drm/drm_client_event.o
  CC      net/sched/sch_generic.o
  AR      drivers/base/regmap/built-in.a
  CC      net/sched/sch_mq.o
  CC      drivers/base/bus.o
  CC      drivers/base/dd.o
  CC [M]  fs/xfs/libxfs/xfs_dir2_node.o
  CC [M]  fs/xfs/libxfs/xfs_dir2_sf.o
  CC      drivers/gpu/drm/drm_client_modeset.o
  CC      drivers/gpu/drm/drm_client_sysrq.o
  CC      drivers/gpu/drm/drm_ioc32.o
  CC      drivers/base/syscore.o
  CC [M]  fs/xfs/libxfs/xfs_dquot_buf.o
  CC      net/sched/sch_frag.o
  CC      drivers/gpu/drm/drm_panel.o
  CC      drivers/base/driver.o
  CC      net/netlink/af_netlink.o
  CC      net/bpf/test_run.o
  CC      drivers/gpu/drm/drm_of.o
  CC      drivers/base/class.o
  CC [M]  fs/xfs/libxfs/xfs_exchmaps.o
  CC      net/sched/sch_api.o
  CC [M]  fs/xfs/libxfs/xfs_ialloc.o
  CC      drivers/base/platform.o
  CC      drivers/gpu/drm/drm_debugfs.o
  CC      drivers/gpu/drm/drm_debugfs_crc.o
  CC      drivers/gpu/drm/drm_panel_orientation_quirks.o
  CC      net/sched/sch_blackhole.o
  CC      drivers/base/cpu.o
  CC      net/core/dev_addr_lists.o
  CC      drivers/base/firmware.o
  CC [M]  fs/xfs/libxfs/xfs_ialloc_btree.o
  CC      drivers/gpu/drm/drm_gem_shmem_helper.o
  CC      drivers/gpu/drm/drm_fbdev_shmem.o
  CC      drivers/base/init.o
  CC      net/sched/cls_api.o
  CC      net/core/dst.o
  CC      net/bpf/bpf_dummy_struct_ops.o
  CC      drivers/base/map.o
  CC      net/netlink/genetlink.o
  CC      drivers/base/devres.o
  CC      net/sched/sch_fifo.o
  CC [M]  fs/xfs/libxfs/xfs_iext_tree.o
  CC      drivers/gpu/drm/drm_atomic_helper.o
  CC      net/core/netevent.o
  AR      net/bpf/built-in.a
  CC      net/core/neighbour.o
  CC      drivers/base/attribute_container.o
  CC [M]  net/sched/cls_cgroup.o
  CC      drivers/base/transport_class.o
  CC      drivers/base/topology.o
  CC      net/netlink/policy.o
  CC      net/ethtool/ioctl.o
  CC [M]  net/netfilter/ipvs/ip_vs_conn.o
  CC [M]  fs/xfs/libxfs/xfs_inode_fork.o
  CC      drivers/gpu/drm/drm_atomic_state_helper.o
  AR      net/sched/built-in.a
  CC      drivers/base/container.o
  CC [M]  net/netfilter/ipvs/ip_vs_core.o
  AR      net/netlink/built-in.a
  CC [M]  net/netfilter/ipvs/ip_vs_ctl.o
  CC      drivers/base/property.o
  CC      drivers/gpu/drm/drm_bridge_helper.o
  CC      drivers/gpu/drm/drm_crtc_helper.o
  CC      net/core/rtnetlink.o
  CC [M]  fs/xfs/libxfs/xfs_inode_buf.o
  CC [M]  net/netfilter/ipvs/ip_vs_sched.o
  CC      net/ethtool/common.o
  CC      drivers/base/cacheinfo.o
  CC [M]  fs/xfs/libxfs/xfs_inode_util.o
  CC      drivers/gpu/drm/drm_damage_helper.o
  CC      drivers/gpu/drm/drm_flip_work.o
  CC      drivers/gpu/drm/drm_format_helper.o
  CC      drivers/base/swnode.o
  CC [M]  net/netfilter/ipvs/ip_vs_xmit.o
  CC      drivers/base/faux.o
  AR      net/ethtool/built-in.a
  CC      drivers/base/devtmpfs.o
  CC      drivers/base/module.o
  CC      drivers/gpu/drm/drm_gem_atomic_helper.o
  CC      drivers/gpu/drm/drm_gem_framebuffer_helper.o
  CC [M]  fs/xfs/libxfs/xfs_log_rlimit.o
  CC      drivers/gpu/drm/drm_kms_helper_common.o
  CC      drivers/base/pinctrl.o
  CC      drivers/gpu/drm/drm_modeset_helper.o
  CC [M]  fs/xfs/libxfs/xfs_metadir.o
  CC      drivers/base/devcoredump.o
  CC [M]  net/netfilter/ipvs/ip_vs_app.o
  CC      net/ipv4/netfilter/nf_socket_ipv4.o
  CC [M]  fs/xfs/libxfs/xfs_metafile.o
  CC      net/core/utils.o
  CC      drivers/gpu/drm/drm_plane_helper.o
  CC      drivers/base/platform-msi.o
  CC      drivers/base/arch_topology.o
  CC      net/ipv4/netfilter/nf_tproxy_ipv4.o
  CC [M]  net/netfilter/ipvs/ip_vs_sync.o
  CC      drivers/gpu/drm/drm_probe_helper.o
  CC      drivers/gpu/drm/drm_self_refresh_helper.o
  CC      drivers/gpu/drm/drm_simple_kms_helper.o
  CC      net/core/link_watch.o
  CC [M]  fs/xfs/libxfs/xfs_parent.o
  CC      drivers/base/trace.o
  CC      drivers/gpu/drm/drm_vblank_helper.o
  CC [M]  fs/xfs/libxfs/xfs_rmap.o
  CC      drivers/gpu/drm/bridge/panel.o
  CC [M]  net/ipv4/netfilter/nf_defrag_ipv4.o
  CC      net/core/filter.o
  CC [M]  net/netfilter/ipvs/ip_vs_est.o
  CC [M]  net/netfilter/ipvs/ip_vs_proto.o
  AR      drivers/base/built-in.a
  CC      net/core/sock_diag.o
  CC      drivers/gpu/drm/drm_fb_helper.o
  CC      drivers/block/zram/zcomp.o
  CC [M]  net/ipv4/netfilter/nf_reject_ipv4.o
  CC      drivers/block/zram/zram_drv.o
  CC      drivers/block/loop.o
  CC      drivers/block/zram/backend_lzorle.o
  CC [M]  net/netfilter/ipvs/ip_vs_pe.o
  AR      drivers/gpu/drm/built-in.a
  AR      drivers/gpu/built-in.a
  CC [M]  net/netfilter/ipvs/ip_vs_proto_tcp.o
  CC [M]  net/netfilter/ipvs/ip_vs_proto_udp.o
  CC [M]  net/ipv4/netfilter/nft_reject_ipv4.o
  CC [M]  net/ipv4/netfilter/nft_fib_ipv4.o
  CC      drivers/block/zram/backend_lzo.o
  CC [M]  net/netfilter/ipvs/ip_vs_nfct.o
  CC      drivers/block/zram/backend_lz4.o
  CC      drivers/block/zram/backend_lz4hc.o
  AR      drivers/misc/eeprom/built-in.a
  AR      drivers/misc/cb710/built-in.a
  AR      drivers/misc/lis3lv02d/built-in.a
  AR      drivers/misc/cardreader/built-in.a
  AR      drivers/misc/keba/built-in.a
  AR      drivers/misc/amd-sbi/built-in.a
  CC      drivers/misc/dummy-irq.o
  CC      net/ipv4/route.o
  CC      drivers/misc/ics932s401.o
  CC      drivers/block/zram/backend_zstd.o
  CC      net/ipv4/inetpeer.o
  CC [M]  net/ipv4/netfilter/ip_tables.o
  CC [M]  net/netfilter/ipvs/ip_vs_rr.o
  CC      drivers/block/zram/backend_deflate.o
  CC      drivers/block/zram/backend_842.o
  LD [M]  net/netfilter/ipvs/ip_vs.o
  CC      drivers/misc/ds1682.o
  AR      drivers/block/zram/built-in.a
  CC [M]  drivers/block/nbd.o
  CC [M]  drivers/block/ublk_drv.o
  CC      net/netfilter/core.o
  CC [M]  drivers/misc/enclosure.o
  CC [M]  fs/xfs/libxfs/xfs_rmap_btree.o
  AR      drivers/block/built-in.a
  CC      net/core/dev_ioctl.o
  CC      net/ipv4/protocol.o
  CC      net/netfilter/nf_log.o
  CC [M]  drivers/misc/hmc6352.o
  CC      net/core/tso.o
  CC [M]  drivers/misc/ntsync.o
  CC [M]  drivers/misc/hi6421v600-irq.o
  CC      net/netfilter/nf_queue.o
  CC [M]  fs/xfs/libxfs/xfs_refcount.o
  CC      net/unix/af_unix.o
  AR      drivers/misc/built-in.a
  CC      drivers/mfd/macsmc.o
  CC      net/unix/garbage.o
  CC      net/netfilter/nf_sockopt.o
  CC      drivers/mfd/mfd-core.o
  CC      net/netfilter/utils.o
  CC      net/netfilter/nf_bpf_link.o
  CC [M]  net/ipv4/netfilter/iptable_filter.o
  CC [M]  net/ipv4/netfilter/iptable_mangle.o
  CC [M]  fs/xfs/libxfs/xfs_refcount_btree.o
  CC      drivers/mfd/syscon.o
  CC      net/unix/sysctl_net_unix.o
  CC      net/unix/unix_bpf.o
  CC      net/netfilter/nfnetlink.o
  CC [M]  fs/xfs/libxfs/xfs_rtrefcount_btree.o
  CC      drivers/mfd/rt5033.o
  CC [M]  net/ipv4/netfilter/iptable_nat.o
  CC [M]  net/ipv4/netfilter/iptable_raw.o
  CC      net/ipv4/ip_input.o
  CC [M]  net/ipv4/netfilter/ipt_REJECT.o
  AR      net/unix/built-in.a
  CC      drivers/mfd/qcom-pm8008.o
  CC [M]  fs/xfs/libxfs/xfs_rtrmap_btree.o
  CC      net/netfilter/nfnetlink_osf.o
  CC      net/netfilter/nf_log_syslog.o
  CC      drivers/mfd/simple-mfd-i2c.o
  CC [M]  fs/xfs/libxfs/xfs_sb.o
  AR      net/ipv4/netfilter/built-in.a
  CC [M]  fs/xfs/libxfs/xfs_symlink_remote.o
  CC [M]  net/netfilter/nf_conntrack_core.o
  CC      fs/namei.o
  CC      drivers/mfd/simple-mfd-spmi.o
  CC [M]  fs/xfs/libxfs/xfs_trans_inode.o
  AR      drivers/mfd/built-in.a
  CC      fs/fcntl.o
  AR      drivers/nfc/built-in.a
  AR      drivers/dax/hmem/built-in.a
  AR      drivers/dax/built-in.a
  CC      drivers/dma-buf/dma-buf.o
  CC      net/ipv6/netfilter/nf_socket_ipv6.o
  CC      net/ipv6/netfilter/nf_tproxy_ipv6.o
  CC [M]  net/netfilter/nf_conntrack_standalone.o
  CC      drivers/dma-buf/dma-fence.o
  CC      drivers/dma-buf/dma-fence-array.o
  CC      drivers/dma-buf/dma-fence-chain.o
  CC      drivers/dma-buf/dma-fence-unwrap.o
  CC      net/core/sock_reuseport.o
  CC      net/core/fib_notifier.o
  CC      drivers/dma-buf/dma-resv.o
  CC [M]  net/ipv6/netfilter/ip6_tables.o
  CC [M]  net/netfilter/nf_conntrack_expect.o
  CC      net/ipv4/ip_fragment.o
  AR      drivers/cxl/core/built-in.a
  AR      drivers/cxl/built-in.a
  CC [M]  net/netfilter/nf_conntrack_helper.o
  CC [M]  fs/xfs/libxfs/xfs_trans_resv.o
  CC      drivers/dma-buf/dma-buf-mapping.o
  CC      drivers/dma-buf/sync_file.o
  CC      net/core/xdp.o
  CC [M]  net/netfilter/nf_conntrack_proto.o
  CC      net/ipv4/ip_forward.o
  CC      net/core/flow_offload.o
  CC      net/core/gro.o
  CC      drivers/dma-buf/udmabuf.o
  CC [M]  net/ipv6/netfilter/ip6table_filter.o
  CC [M]  fs/xfs/libxfs/xfs_trans_space.o
  CC [M]  fs/xfs/libxfs/xfs_types.o
  CC      net/ipv4/ip_options.o
  CC [M]  net/netfilter/nf_conntrack_proto_generic.o
  AR      drivers/dma-buf/built-in.a
  CC [M]  net/netfilter/nf_conntrack_proto_tcp.o
  CC [M]  net/ipv6/netfilter/ip6table_mangle.o
  AR      drivers/macintosh/built-in.a
  AR      drivers/scsi/built-in.a
  CC [M]  drivers/scsi/scsi.o
  CC      net/core/netdev-genl.o
  CC      fs/ioctl.o
  CC [M]  fs/xfs/xfs_aops.o
  CC [M]  fs/xfs/xfs_attr_inactive.o
  CC      net/ipv4/ip_output.o
  CC [M]  net/ipv6/netfilter/ip6table_raw.o
  CC [M]  drivers/scsi/hosts.o
  CC [M]  net/netfilter/nf_conntrack_proto_udp.o
  CC [M]  net/netfilter/nf_conntrack_proto_icmp.o
  CC [M]  net/netfilter/nf_conntrack_extend.o
  CC      net/core/netdev-genl-gen.o
  CC [M]  net/ipv6/netfilter/ip6table_nat.o
  CC      net/core/gso.o
  CC [M]  fs/xfs/xfs_attr_list.o
  CC [M]  net/netfilter/nf_conntrack_acct.o
  CC [M]  drivers/scsi/scsi_ioctl.o
  CC      fs/readdir.o
  CC [M]  drivers/scsi/scsicam.o
  CC [M]  net/netfilter/nf_conntrack_seqadj.o
  CC [M]  net/ipv6/netfilter/nf_defrag_ipv6_hooks.o
  CC [M]  net/netfilter/nf_conntrack_proto_icmpv6.o
  CC      net/core/net-sysfs.o
  CC [M]  drivers/scsi/scsi_error.o
  CC      fs/select.o
  CC [M]  fs/xfs/xfs_bmap_util.o
  CC [M]  drivers/scsi/scsi_lib.o
  CC      net/ipv4/ip_sockglue.o
  CC [M]  net/netfilter/nf_conntrack_ecache.o
  CC [M]  net/netfilter/nf_conntrack_proto_sctp.o
  CC      net/core/hotdata.o
  CC      net/ipv4/inet_hashtables.o
  CC [M]  net/netfilter/nf_nat_core.o
  CC [M]  net/ipv6/netfilter/nf_conntrack_reasm.o
  CC [M]  net/netfilter/nf_nat_proto.o
  CC      net/ipv4/inet_timewait_sock.o
  CC      net/ipv4/inet_connection_sock.o
  AR      drivers/nvme/common/built-in.a
  CC      drivers/nvme/host/core.o
  CC [M]  net/ipv6/netfilter/nf_reject_ipv6.o
  CC [M]  drivers/scsi/scsi_lib_dma.o
  CC      net/ipv4/tcp.o
  CC [M]  drivers/scsi/scsi_scan.o
  GEN     drivers/scsi/scsi_devinfo_tbl.c
  CC      drivers/nvme/host/ioctl.o
  CC [M]  drivers/scsi/scsi_devinfo.o
  CC [M]  fs/xfs/xfs_bio_io.o
  CC [M]  drivers/scsi/scsi_sysctl.o
  CC      drivers/nvme/host/sysfs.o
  CC [M]  drivers/scsi/scsi_proc.o
  CC      drivers/nvme/host/pr.o
  CC [M]  drivers/scsi/scsi_debugfs.o
  CC [M]  drivers/scsi/scsi_trace.o
  CC      drivers/spi/spi.o
  CC      drivers/nvme/host/trace.o
  CC [M]  drivers/scsi/scsi_logging.o
  CC      drivers/nvme/host/apple.o
  CC [M]  net/ipv6/netfilter/nft_reject_ipv6.o
  CC [M]  net/netfilter/nf_nat_helper.o
  CC      net/core/netdev_config.o
  CC [M]  fs/xfs/xfs_buf.o
  CC [M]  drivers/scsi/scsi_pm.o
  CC      net/ipv4/tcp_input.o
  CC [M]  drivers/scsi/scsi_bsg.o
  CC [M]  net/ipv6/netfilter/nft_fib_ipv6.o
  CC      net/core/netdev_rx_queue.o
  CC [M]  net/netfilter/nf_nat_redirect.o
  AR      drivers/nvme/host/built-in.a
  AR      drivers/nvme/target/built-in.a
  AR      drivers/nvme/built-in.a
  CC [M]  drivers/scsi/scsi_common.o
  CC [M]  net/netfilter/nf_nat_masquerade.o
  CC [M]  net/netfilter/nf_synproxy_core.o
  CC [M]  drivers/scsi/scsi_sysfs.o
  CC      net/ipv4/tcp_output.o
  CC      net/core/netdev_queues.o
  CC      net/core/page_pool.o
  CC      net/core/page_pool_user.o
  CC      net/core/net-procfs.o
  CC      net/core/fib_rules.o
  CC      net/core/net-traces.o
  CC      net/core/netprio_cgroup.o
  CC      net/core/netclassid_cgroup.o
  CC      drivers/spi/spi-apple.o
  CC      net/core/dst_cache.o
  LD [M]  drivers/scsi/scsi_mod.o
  CC      net/core/gro_cells.o
  AR      drivers/spi/built-in.a
  CC      drivers/spmi/spmi.o
  CC [M]  fs/xfs/xfs_dahash_test.o
  CC [M]  net/ipv6/netfilter/ip6t_REJECT.o
  CC      fs/dcache.o
  CC      net/core/skmsg.o
  CC [M]  fs/xfs/xfs_dir2_readdir.o
  CC      drivers/spmi/spmi-devres.o
  CC      drivers/spmi/spmi-apple-controller.o
  LD [M]  net/ipv6/netfilter/nf_defrag_ipv6.o
  AR      net/ipv6/netfilter/built-in.a
  CC      net/ipv6/af_inet6.o
  AR      drivers/spmi/built-in.a
  CC      net/core/sock_map.o
  CC      net/core/bpf_sk_storage.o
  AR      drivers/net/phy/mediatek/built-in.a
  AR      drivers/net/phy/qcom/built-in.a
  CC      drivers/net/phy/stubs.o
  CC [M]  fs/xfs/xfs_discard.o
  CC [M]  drivers/net/phy/mdio_bus.o
  CC [M]  drivers/net/phy/mdio_device.o
  CC      net/core/of_net.o
  CC      net/core/devmem.o
  CC [M]  net/core/selftests.o
  CC [M]  drivers/net/phy/phylink.o
  AR      net/core/built-in.a
  AR      drivers/firewire/built-in.a
  AR      drivers/net/pse-pd/built-in.a
  CC      net/ipv4/tcp_timer.o
  AR      drivers/net/mdio/built-in.a
  CC [M]  drivers/net/mdio/fwnode_mdio.o
  CC [M]  drivers/net/phy/phy.o
  CC [M]  drivers/net/phy/phy-c45.o
  CC [M]  drivers/net/mdio/of_mdio.o
  CC      net/ipv6/anycast.o
  CC [M]  net/netfilter/nf_conncount.o
  CC [M]  fs/xfs/xfs_error.o
  AR      drivers/cdrom/built-in.a
  CC [M]  fs/xfs/xfs_exchrange.o
  CC      net/ipv4/tcp_ipv4.o
  CC      net/ipv4/tcp_minisocks.o
  CC      net/ipv4/tcp_cong.o
  CC      net/ipv6/ip6_output.o
  CC [M]  net/netfilter/nf_dup_netdev.o
  CC      net/ipv6/ip6_input.o
  CC [M]  fs/xfs/xfs_export.o
  CC [M]  fs/xfs/xfs_extent_busy.o
  CC [M]  drivers/net/phy/phy-core.o
  CC [M]  net/netfilter/nf_tables_core.o
  CC      net/ipv4/tcp_metrics.o
  CC [M]  net/netfilter/nf_tables_api.o
  CC [M]  net/netfilter/nft_chain_filter.o
  CC      net/ipv6/addrconf.o
  CC [M]  drivers/net/phy/phy_device.o
  CC [M]  net/netfilter/nf_tables_trace.o
  CC [M]  net/netfilter/nft_immediate.o
  CC      net/ipv4/tcp_fastopen.o
  CC [M]  fs/xfs/xfs_file.o
  CC [M]  fs/xfs/xfs_filestream.o
  CC [M]  fs/xfs/xfs_fsmap.o
  CC [M]  fs/xfs/xfs_fsops.o
  CC      net/ipv4/tcp_recovery.o
  CC      net/ipv4/tcp_ulp.o
  CC      net/ipv4/tcp_offload.o
  CC      net/ipv4/tcp_plb.o
  AR      drivers/net/pcs/built-in.a
  CC      net/ipv4/datagram.o
  CC [M]  drivers/net/phy/linkmode.o
  CC [M]  fs/xfs/xfs_globals.o
  CC      drivers/net/wwan/wwan_core.o
  CC      net/packet/af_packet.o
  CC      net/ipv4/raw.o
  AR      drivers/net/wwan/built-in.a
  AR      drivers/auxdisplay/built-in.a
  CC [M]  drivers/net/phy/phy_link_topology.o
  CC      drivers/usb/common/common.o
  CC      drivers/usb/common/debug.o
  CC      drivers/usb/common/usb-conn-gpio.o
  CC      drivers/usb/common/ulpi.o
  CC [M]  drivers/net/phy/phy_caps.o
  AR      drivers/usb/common/built-in.a
  CC      drivers/usb/core/usb.o
  CC [M]  drivers/net/phy/mdio_bus_provider.o
  CC      drivers/usb/core/hub.o
  CC [M]  drivers/net/phy/phy_port.o
  CC      drivers/usb/core/hcd.o
  CC [M]  drivers/net/phy/swphy.o
  CC      net/ipv4/udp.o
  CC [M]  drivers/net/phy/mdio_devres.o
  CC [M]  drivers/net/phy/ax88796b.o
  CC      drivers/input/keyboard/gpio_keys.o
  CC [M]  drivers/net/phy/fixed_phy.o
  LD [M]  drivers/net/phy/mdio-bus.o
  LD [M]  drivers/net/phy/libphy.o
  AR      drivers/net/phy/built-in.a
  CC [M]  drivers/net/ipvlan/ipvlan_core.o
  CC [M]  drivers/net/ipvlan/ipvlan_main.o
  CC [M]  drivers/net/ipvlan/ipvlan_l3s.o
  AR      drivers/input/keyboard/built-in.a
  AR      drivers/input/joystick/built-in.a
  CC [M]  drivers/input/joystick/xpad.o
  CC      drivers/usb/core/urb.o
  LD [M]  drivers/net/ipvlan/ipvlan.o
  CC [M]  drivers/net/wireguard/main.o
  CC      drivers/usb/core/message.o
  CC      drivers/input/touchscreen/apple_z2.o
  CC [M]  drivers/net/wireguard/noise.o
  CC      drivers/usb/core/driver.o
  AR      drivers/input/touchscreen/built-in.a
  CC      drivers/input/misc/macsmc-input.o
  CC      net/ipv6/addrlabel.o
  AR      net/packet/built-in.a
  CC      drivers/input/misc/uinput.o
  CC      net/ipv4/udplite.o
  CC [M]  fs/xfs/xfs_handle.o
  AR      net/dsa/built-in.a
  CC      net/8021q/vlan_core.o
  AR      drivers/input/misc/built-in.a
  CC [M]  drivers/input/rmi4/rmi_bus.o
  CC      net/ipv4/udp_offload.o
  CC      drivers/usb/core/config.o
  CC      net/ipv6/route.o
  CC [M]  drivers/net/wireguard/device.o
  CC [M]  drivers/input/rmi4/rmi_driver.o
  CC [M]  fs/xfs/xfs_health.o
  CC [M]  net/8021q/vlan.o
  CC      drivers/usb/core/file.o
  CC [M]  drivers/input/rmi4/rmi_f01.o
  CC [M]  drivers/net/wireguard/peer.o
  CC      drivers/usb/core/buffer.o
  CC [M]  drivers/net/wireguard/timers.o
  CC [M]  drivers/input/rmi4/rmi_2d_sensor.o
  CC [M]  drivers/net/wireguard/queueing.o
  CC      drivers/usb/core/sysfs.o
  CC [M]  drivers/input/rmi4/rmi_f03.o
  CC [M]  net/8021q/vlan_dev.o
  CC      net/ipv4/arp.o
  CC [M]  net/netfilter/nft_cmp.o
  CC [M]  drivers/input/rmi4/rmi_f11.o
  CC [M]  drivers/net/wireguard/send.o
  CC      drivers/usb/core/endpoint.o
  CC [M]  drivers/input/rmi4/rmi_f12.o
  CC [M]  net/8021q/vlan_netlink.o
  CC [M]  drivers/net/wireguard/receive.o
  CC [M]  drivers/input/rmi4/rmi_f30.o
  CC      drivers/usb/core/devio.o
  CC [M]  net/8021q/vlanproc.o
  CC [M]  net/netfilter/nft_range.o
  CC [M]  drivers/input/rmi4/rmi_f3a.o
  LD [M]  drivers/input/rmi4/rmi_core.o
  AR      net/8021q/built-in.a
  LD [M]  net/8021q/8021q.o
  CC [M]  drivers/net/wireguard/socket.o
  CC      drivers/input/input.o
  CC      drivers/usb/core/notify.o
  CC [M]  net/netfilter/nft_bitwise.o
  CC      drivers/usb/core/generic.o
  CC      drivers/usb/core/quirks.o
  CC [M]  net/netfilter/nft_byteorder.o
  CC [M]  net/netfilter/nft_payload.o
  CC [M]  drivers/net/wireguard/peerlookup.o
  CC [M]  net/netfilter/nft_lookup.o
  CC      drivers/input/input-compat.o
  CC      drivers/usb/core/devices.o
  CC      drivers/input/input-mt.o
  CC      drivers/input/input-poller.o
  CC [M]  drivers/net/wireguard/allowedips.o
  CC      drivers/usb/core/phy.o
  CC      net/ipv4/icmp.o
  CC [M]  net/netfilter/nft_dynset.o
  CC      drivers/input/ff-core.o
  CC      drivers/usb/core/port.o
  CC      drivers/input/touchscreen.o
  CC [M]  drivers/net/wireguard/ratelimiter.o
  CC      drivers/input/touch-overlay.o
  CC [M]  net/netfilter/nft_meta.o
  CC [M]  drivers/input/ff-memless.o
  CC [M]  drivers/input/vivaldi-fmap.o
  CC [M]  drivers/input/input-leds.o
  CC [M]  net/netfilter/nft_rt.o
  CC [M]  drivers/input/evdev.o
  AR      drivers/input/built-in.a
  CC [M]  net/netfilter/nft_exthdr.o
  CC [M]  drivers/net/wireguard/cookie.o
  CC      net/ipv4/devinet.o
  CC      drivers/usb/core/trace.o
  CC [M]  net/netfilter/nft_last.o
  CC [M]  fs/xfs/xfs_healthmon.o
  CC      drivers/usb/core/of.o
  CC [M]  drivers/net/wireguard/netlink.o
  CC [M]  drivers/net/wireguard/generated/netlink.o
  CC [M]  net/netfilter/nft_counter.o
  CC [M]  net/netfilter/nft_objref.o
  AR      drivers/usb/core/built-in.a
  CC      drivers/usb/phy/of.o
  CC      drivers/usb/dwc2/core.o
  CC      net/ipv4/af_inet.o
  CC [M]  fs/xfs/xfs_icache.o
  CC [M]  fs/xfs/xfs_ioctl.o
  LD [M]  drivers/net/wireguard/wireguard.o
  CC [M]  net/netfilter/nft_inner.o
  CC [M]  drivers/net/vxlan/vxlan_core.o
  CC      drivers/usb/phy/phy-ulpi.o
  CC      drivers/usb/phy/phy-ulpi-viewport.o
  CC      drivers/usb/dwc2/core_intr.o
  AR      drivers/usb/phy/built-in.a
  CC      drivers/usb/dwc2/platform.o
  CC [M]  drivers/net/vxlan/vxlan_multicast.o
  CC      drivers/usb/dwc2/drd.o
  CC [M]  drivers/net/usb/r8152.o
  CC      drivers/usb/dwc2/params.o
  CC      drivers/usb/dwc2/hcd.o
  CC      drivers/usb/dwc2/hcd_intr.o
  CC      drivers/usb/dwc2/hcd_queue.o
  CC      drivers/usb/dwc2/hcd_ddma.o
  CC      drivers/usb/dwc2/gadget.o
  CC      drivers/usb/dwc2/debugfs.o
  AR      drivers/usb/dwc2/built-in.a
  CC      drivers/usb/host/ehci-hcd.o
  CC      drivers/usb/host/ehci-platform.o
  CC      net/ipv4/igmp.o
  CC      net/ipv4/fib_frontend.o
  CC      net/ipv6/ip6_fib.o
  CC [M]  net/netfilter/nft_chain_route.o
  CC [M]  fs/xfs/xfs_iomap.o
  CC [M]  drivers/net/usb/asix_devices.o
  CC [M]  drivers/net/vxlan/vxlan_vnifilter.o
  CC      drivers/usb/host/ohci-hcd.o
  CC [M]  net/netfilter/nf_tables_offload.o
  CC [M]  net/netfilter/nft_set_hash.o
  CC      net/ipv6/ipv6_sockglue.o
  CC [M]  drivers/net/usb/asix_common.o
  CC      net/ipv4/fib_semantics.o
  CC [M]  drivers/net/vxlan/vxlan_mdb.o
  CC      net/ipv4/fib_trie.o
  CC [M]  fs/xfs/xfs_iops.o
  CC      drivers/usb/host/ohci-platform.o
  CC [M]  drivers/net/usb/ax88172a.o
  CC [M]  net/netfilter/nft_set_bitmap.o
  CC      net/ipv6/ndisc.o
  CC [M]  net/netfilter/nft_set_rbtree.o
  CC      drivers/usb/host/xhci.o
  CC [M]  drivers/net/usb/ax88179_178a.o
  LD [M]  drivers/net/vxlan/vxlan.o
  CC      net/ipv6/udp.o
  CC      drivers/net/loopback.o
  CC [M]  fs/xfs/xfs_inode.o
  CC      net/ipv4/fib_notifier.o
  CC [M]  net/netfilter/nft_set_pipapo.o
  CC [M]  fs/xfs/xfs_itable.o
  CC [M]  drivers/net/usb/cdc_ether.o
  CC [M]  drivers/net/usb/net1080.o
  CC      net/ipv4/inet_fragment.o
  CC [M]  drivers/net/usb/rndis_host.o
  CC      net/ipv6/udplite.o
  CC      drivers/usb/host/xhci-mem.o
  CC      drivers/usb/host/xhci-ext-caps.o
  CC [M]  fs/xfs/xfs_iwalk.o
  CC [M]  fs/xfs/xfs_message.o
  CC [M]  net/netfilter/nft_compat.o
  CC      net/ipv4/ping.o
  CC      net/ipv4/ip_tunnel_core.o
  CC [M]  drivers/net/usb/cdc_subset.o
  CC [M]  drivers/net/usb/zaurus.o
  CC      net/ipv6/raw.o
  CC [M]  fs/xfs/xfs_mount.o
  CC [M]  drivers/net/usb/usbnet.o
  CC      net/ipv6/icmp.o
  CC [M]  net/netfilter/nft_connlimit.o
  CC      net/ipv4/gre_offload.o
  CC [M]  drivers/net/usb/cdc_ncm.o
  CC [M]  drivers/net/usb/r8153_ecm.o
  CC      drivers/usb/host/xhci-ring.o
  CC      net/ipv6/mcast.o
  CC      net/ipv4/metrics.o
  CC      net/ipv4/netlink.o
  CC [M]  fs/xfs/xfs_mru_cache.o
  CC [M]  fs/xfs/xfs_pwork.o
  LD [M]  drivers/net/usb/asix.o
  CC [M]  drivers/net/dummy.o
  CC [M]  drivers/net/macvlan.o
  CC      net/ipv4/nexthop.o
  CC      net/ipv4/udp_tunnel_stub.o
  CC      net/ipv4/ip_tunnel.o
  CC [M]  fs/xfs/xfs_reflink.o
  CC      drivers/usb/host/xhci-hub.o
  CC      net/ipv6/reassembly.o
  CC [M]  net/netfilter/nft_numgen.o
  CC [M]  fs/xfs/xfs_stats.o
  CC [M]  drivers/net/mii.o
  CC [M]  drivers/net/tun.o
  CC [M]  net/netfilter/nft_ct.o
  CC      drivers/usb/host/xhci-dbg.o
  CC      net/ipv6/tcp_ipv6.o
  CC      drivers/usb/host/xhci-trace.o
  CC      net/ipv4/sysctl_net_ipv4.o
  CC [M]  net/netfilter/nft_limit.o
  CC [M]  drivers/net/veth.o
  CC      net/ipv4/proc.o
  CC [M]  net/netfilter/nft_nat.o
  AR      drivers/usb/storage/built-in.a
  CC [M]  drivers/usb/storage/uas.o
  CC      drivers/usb/host/xhci-debugfs.o
  CC [M]  net/netfilter/nft_quota.o
  CC      drivers/usb/host/xhci-plat.o
  CC [M]  drivers/usb/storage/scsiglue.o
  CC [M]  net/netfilter/nft_reject.o
  CC      net/ipv4/fib_rules.o
  CC      net/ipv4/syncookies.o
  AR      drivers/usb/host/built-in.a
  CC [M]  drivers/usb/storage/protocol.o
  CC [M]  drivers/usb/storage/transport.o
  CC [M]  drivers/usb/storage/usb.o
  CC [M]  net/netfilter/nft_reject_inet.o
  CC [M]  net/netfilter/nft_reject_netdev.o
  CC      net/ipv4/tunnel4.o
  CC [M]  drivers/usb/storage/initializers.o
  CC [M]  drivers/usb/storage/sierra_ms.o
  CC      net/ipv4/netfilter.o
  CC      net/ipv6/ping.o
  CC [M]  net/netfilter/nft_tunnel.o
  CC [M]  drivers/usb/storage/option_ms.o
  CC [M]  drivers/usb/storage/usual-tables.o
  CC      net/ipv4/inet_diag.o
  CC [M]  fs/xfs/xfs_super.o
  CC      net/ipv4/tcp_diag.o
  CC      net/dns_resolver/dns_key.o
  CC [M]  net/netfilter/nft_log.o
  LD [M]  drivers/usb/storage/usb-storage.o
  AR      drivers/usb/misc/built-in.a
  CC      drivers/usb/gadget/udc/core.o
  CC      net/dns_resolver/dns_query.o
  AR      drivers/usb/typec/altmodes/built-in.a
  AR      drivers/usb/typec/mux/built-in.a
  CC      drivers/usb/typec/class.o
  CC [M]  net/netfilter/nft_masq.o
  AR      net/dns_resolver/built-in.a
  CC      net/ipv4/tcp_cubic.o
  CC [M]  net/netfilter/nft_redir.o
  CC      drivers/usb/gadget/udc/trace.o
  CC [M]  fs/xfs/xfs_symlink.o
  CC      net/ipv6/exthdrs.o
  CC      net/ipv6/datagram.o
  CC      drivers/usb/typec/mux.o
  CC [M]  net/netfilter/nft_hash.o
  CC [M]  net/netfilter/nft_fib.o
  CC      drivers/usb/typec/bus.o
  CC [M]  net/netfilter/nft_socket.o
  CC      drivers/usb/typec/pd.o
  CC [M]  net/netfilter/nft_osf.o
  CC      drivers/usb/typec/retimer.o
  CC [M]  net/netfilter/nft_tproxy.o
  CC      drivers/usb/roles/class.o
  CC      drivers/usb/typec/mode_selection.o
  AR      drivers/usb/gadget/udc/built-in.a
  CC      net/ipv6/ip6_flowlabel.o
  CC      drivers/usb/gadget/function/f_acm.o
  AR      drivers/usb/typec/built-in.a
  CC      drivers/usb/gadget/legacy/inode.o
  AR      drivers/usb/roles/built-in.a
  CC      drivers/usb/gadget/usbstring.o
  CC      net/ipv4/tcp_bpf.o
  CC      drivers/usb/gadget/function/u_serial.o
  CC [M]  drivers/usb/class/usblp.o
  CC      net/ipv6/inet6_connection_sock.o
  CC      drivers/usb/gadget/legacy/multi.o
  CC [M]  net/netfilter/nft_synproxy.o
  CC      net/ipv6/udp_offload.o
  CC      net/ipv4/udp_bpf.o
  AR      drivers/usb/gadget/legacy/built-in.a
  CC [M]  net/netfilter/nft_chain_nat.o
  CC      net/ipv6/seg6.o
  CC      drivers/usb/gadget/function/u_ether.o
  CC [M]  fs/xfs/xfs_sysfs.o
  CC      net/ipv6/fib6_notifier.o
  CC      drivers/usb/gadget/function/f_ecm.o
  CC      drivers/usb/gadget/function/f_mass_storage.o
  CC      drivers/usb/gadget/function/storage_common.o
  CC      net/ipv6/rpl.o
  CC [M]  net/netfilter/nft_dup_netdev.o
  CC      net/ipv4/bpf_tcp_ca.o
  CC [M]  fs/xfs/xfs_trans.o
  CC      net/l3mdev/l3mdev.o
  AR      drivers/net/built-in.a
  CC      fs/inode.o
  CC      fs/attr.o
  CC [M]  drivers/usb/gadget/function/f_serial.o
  CC [M]  net/netfilter/nft_fwd_netdev.o
  CC      net/ipv6/ioam6.o
  CC      net/handshake/alert.o
  AR      net/l3mdev/built-in.a
  CC      net/ipv6/sysctl_net_ipv6.o
  CC [M]  drivers/usb/gadget/function/f_ncm.o
  CC [M]  net/ipv4/udp_tunnel_core.o
  CC [M]  net/netfilter/nf_flow_table_core.o
  CC [M]  fs/xfs/xfs_verify_media.o
  CC [M]  fs/xfs/xfs_xattr.o
  CC      net/handshake/genl.o
  CC      net/ipv6/netfilter.o
  CC      net/ipv6/fib6_rules.o
  CC [M]  drivers/usb/gadget/function/f_eem.o
  CC [M]  net/ipv4/udp_tunnel_nic.o
  CC [M]  fs/xfs/xfs_log.o
  CC [M]  net/netfilter/nf_flow_table_ip.o
  CC [M]  drivers/usb/gadget/function/f_rndis.o
  CC      net/handshake/netlink.o
  CC      drivers/rtc/lib.o
  CC [M]  drivers/usb/gadget/function/rndis.o
  AR      net/ipv4/built-in.a
  LD [M]  net/ipv4/udp_tunnel.o
  CC [M]  net/netfilter/nf_flow_table_path.o
  CC [M]  drivers/usb/serial/usb-serial.o
  CC      drivers/rtc/class.o
  CC [M]  net/netfilter/nf_flow_table_offload.o
  CC      net/handshake/request.o
  CC [M]  drivers/usb/gadget/function/f_fs.o
  CC      drivers/rtc/interface.o
  CC      net/handshake/tlshd.o
  CC [M]  drivers/usb/serial/generic.o
  CC [M]  net/netfilter/nf_flow_table_xdp.o
  CC      net/handshake/trace.o
  CC [M]  net/netfilter/x_tables.o
  CC [M]  drivers/usb/serial/bus.o
  CC [M]  drivers/usb/serial/cp210x.o
  AR      net/handshake/built-in.a
  CC [M]  net/netfilter/xt_tcpudp.o
  CC [M]  net/netfilter/xt_mark.o
  CC [M]  fs/xfs/xfs_log_cil.o
  CC      drivers/usb/gadget/config.o
  CC [M]  drivers/usb/serial/usb-serial-simple.o
  LD [M]  drivers/usb/gadget/function/usb_f_serial.o
  LD [M]  drivers/usb/gadget/function/usb_f_ncm.o
  LD [M]  drivers/usb/gadget/function/usb_f_eem.o
  LD [M]  drivers/usb/gadget/function/usb_f_rndis.o
  LD [M]  drivers/usb/serial/usbserial.o
  LD [M]  drivers/usb/gadget/function/usb_f_fs.o
  AR      drivers/usb/gadget/function/built-in.a
  CC      drivers/usb/gadget/epautoconf.o
  CC      drivers/usb/gadget/composite.o
  CC [M]  net/netfilter/xt_nat.o
  CC      drivers/usb/gadget/functions.o
  AR      drivers/i3c/built-in.a
  CC      drivers/i2c/algos/i2c-algo-bit.o
  CC      drivers/i2c/busses/i2c-pasemi-core.o
  CC      drivers/usb/gadget/configfs.o
  CC      drivers/usb/gadget/u_f.o
  CC      net/ipv6/proc.o
  AR      drivers/i2c/algos/built-in.a
  CC      net/ipv6/syncookies.o
  CC      drivers/i2c/busses/i2c-pasemi-platform.o
  CC [M]  net/netfilter/xt_CHECKSUM.o
  CC      drivers/rtc/nvmem.o
  CC      drivers/rtc/dev.o
  AR      drivers/usb/gadget/built-in.a
  AR      drivers/usb/built-in.a
  AR      drivers/i2c/busses/built-in.a
  AR      drivers/i2c/muxes/built-in.a
  CC      drivers/i2c/i2c-boardinfo.o
  CC      drivers/i2c/i2c-core-base.o
  CC      drivers/i2c/i2c-core-smbus.o
  CC      drivers/i2c/i2c-core-of.o
  CC      drivers/rtc/proc.o
  CC      net/ipv6/sit.o
  CC      net/ipv6/addrconf_core.o
  CC      drivers/rtc/sysfs.o
  CC      net/ipv6/exthdrs_core.o
  CC      drivers/rtc/rtc-apple-pmic.o
  CC      drivers/rtc/rtc-macsmc.o
  CC [M]  net/llc/llc_core.o
  CC [M]  net/llc/llc_input.o
  AR      drivers/rtc/built-in.a
  CC      drivers/i2c/i2c-core-of-prober.o
  CC [M]  net/netfilter/xt_LOG.o
  CC [M]  net/netfilter/xt_REDIRECT.o
  CC [M]  net/llc/llc_output.o
  CC      drivers/i2c/i2c-mux.o
  LD [M]  net/llc/llc.o
  AR      drivers/media/i2c/built-in.a
  AR      drivers/media/tuners/built-in.a
  AR      drivers/media/rc/keymaps/built-in.a
  AR      drivers/media/rc/built-in.a
  AR      drivers/ptp/built-in.a
  AR      drivers/media/common/b2c2/built-in.a
  AR      drivers/media/common/saa7146/built-in.a
  AR      drivers/media/common/siano/built-in.a
  AR      drivers/media/common/v4l2-tpg/built-in.a
  AR      drivers/media/common/videobuf2/built-in.a
  AR      drivers/media/common/built-in.a
  AR      drivers/media/platform/allegro-dvt/built-in.a
  CC      fs/bad_inode.o
  AR      drivers/media/platform/amlogic/c3/isp/built-in.a
  AR      drivers/media/platform/amlogic/c3/mipi-adapter/built-in.a
  AR      drivers/media/platform/amlogic/c3/mipi-csi2/built-in.a
  AR      drivers/media/platform/amlogic/c3/built-in.a
  AR      drivers/media/platform/amlogic/meson-ge2d/built-in.a
  AR      drivers/media/platform/amlogic/built-in.a
  AR      drivers/media/platform/amphion/built-in.a
  AR      drivers/media/platform/arm/mali-c55/built-in.a
  AR      drivers/media/platform/arm/built-in.a
  AR      drivers/media/platform/aspeed/built-in.a
  AR      drivers/media/platform/atmel/built-in.a
  AR      drivers/media/platform/broadcom/built-in.a
  AR      drivers/media/platform/cadence/built-in.a
  AR      drivers/media/platform/chips-media/coda/built-in.a
  AR      drivers/media/platform/chips-media/wave5/built-in.a
  AR      drivers/media/platform/chips-media/built-in.a
  AR      drivers/media/platform/imagination/built-in.a
  AR      drivers/media/platform/intel/built-in.a
  AR      drivers/media/platform/marvell/built-in.a
  AR      drivers/media/platform/mediatek/jpeg/built-in.a
  AR      drivers/media/platform/mediatek/mdp/built-in.a
  AR      drivers/media/platform/mediatek/vcodec/common/built-in.a
  AR      drivers/media/platform/mediatek/vcodec/encoder/built-in.a
  AR      drivers/media/platform/mediatek/vcodec/decoder/built-in.a
  AR      drivers/media/platform/mediatek/vcodec/built-in.a
  AR      drivers/media/platform/mediatek/vpu/built-in.a
  AR      drivers/media/platform/mediatek/mdp3/built-in.a
  AR      drivers/media/platform/mediatek/built-in.a
  AR      drivers/media/platform/microchip/built-in.a
  AR      drivers/media/platform/nuvoton/built-in.a
  AR      drivers/media/platform/nvidia/tegra-vde/built-in.a
  AR      drivers/media/platform/nvidia/built-in.a
  AR      drivers/media/platform/nxp/dw100/built-in.a
  CC      drivers/hwmon/hwmon.o
  CC      drivers/power/reset/macsmc-reboot.o
  AR      drivers/media/platform/nxp/imx-jpeg/built-in.a
  AR      drivers/media/platform/nxp/imx8-isi/built-in.a
  AR      drivers/media/platform/nxp/built-in.a
  AR      drivers/media/platform/qcom/camss/built-in.a
  AR      drivers/media/platform/qcom/iris/built-in.a
  AR      drivers/media/platform/qcom/venus/built-in.a
  AR      drivers/media/platform/qcom/built-in.a
  AR      drivers/media/platform/raspberrypi/pisp_be/built-in.a
  AR      drivers/media/platform/raspberrypi/rp1-cfe/built-in.a
  AR      drivers/media/platform/raspberrypi/built-in.a
  AR      drivers/media/platform/renesas/rcar-isp/built-in.a
  AR      drivers/media/platform/renesas/rcar-vin/built-in.a
  AR      drivers/media/platform/renesas/rzg2l-cru/built-in.a
  AR      drivers/media/platform/renesas/rzv2h-ivc/built-in.a
  AR      drivers/media/platform/renesas/vsp1/built-in.a
  AR      drivers/media/platform/renesas/built-in.a
  AR      drivers/media/platform/rockchip/rga/built-in.a
  AR      drivers/media/platform/rockchip/rkcif/built-in.a
  AR      drivers/media/platform/rockchip/rkisp1/built-in.a
  AR      drivers/media/platform/rockchip/rkvdec/built-in.a
  AR      drivers/media/platform/rockchip/built-in.a
  AR      drivers/media/platform/samsung/exynos-gsc/built-in.a
  AR      drivers/media/platform/samsung/exynos4-is/built-in.a
  AR      drivers/media/platform/samsung/s3c-camif/built-in.a
  AR      drivers/media/platform/samsung/s5p-g2d/built-in.a
  AR      drivers/media/platform/samsung/s5p-jpeg/built-in.a
  AR      drivers/media/platform/samsung/s5p-mfc/built-in.a
  AR      drivers/media/platform/samsung/built-in.a
  AR      drivers/media/platform/st/sti/bdisp/built-in.a
  AR      drivers/media/platform/st/sti/delta/built-in.a
  AR      drivers/media/platform/st/sti/hva/built-in.a
  AR      drivers/media/platform/st/stm32/built-in.a
  AR      drivers/media/platform/st/built-in.a
  AR      drivers/media/platform/sunxi/sun4i-csi/built-in.a
  AR      drivers/media/platform/sunxi/sun6i-csi/built-in.a
  AR      drivers/media/platform/sunxi/sun6i-mipi-csi2/built-in.a
  AR      drivers/media/platform/sunxi/sun8i-a83t-mipi-csi2/built-in.a
  AR      drivers/media/platform/sunxi/sun8i-di/built-in.a
  AR      drivers/media/platform/sunxi/sun8i-rotate/built-in.a
  AR      drivers/media/platform/sunxi/built-in.a
  AR      drivers/media/platform/synopsys/hdmirx/built-in.a
  AR      drivers/media/platform/synopsys/built-in.a
  AR      drivers/media/platform/ti/am437x/built-in.a
  AR      drivers/media/platform/ti/cal/built-in.a
  AR      drivers/media/platform/ti/vpe/built-in.a
  AR      drivers/media/platform/ti/davinci/built-in.a
  AR      drivers/media/platform/ti/j721e-csi2rx/built-in.a
  AR      drivers/media/platform/ti/omap/built-in.a
  AR      drivers/media/platform/ti/omap3isp/built-in.a
  AR      drivers/media/platform/ti/built-in.a
  AR      drivers/media/platform/verisilicon/built-in.a
  AR      drivers/media/platform/via/built-in.a
  AR      drivers/media/platform/xilinx/built-in.a
  AR      drivers/media/platform/built-in.a
  AR      drivers/media/pci/ttpci/built-in.a
  AR      drivers/media/pci/b2c2/built-in.a
  AR      drivers/media/pci/pluto2/built-in.a
  AR      drivers/media/pci/dm1105/built-in.a
  AR      drivers/media/pci/pt1/built-in.a
  AR      drivers/media/pci/pt3/built-in.a
  AR      drivers/power/reset/built-in.a
  AR      drivers/media/pci/mantis/built-in.a
  AR      drivers/media/pci/ngene/built-in.a
  CC      drivers/power/supply/power_supply_core.o
  AR      drivers/media/pci/ddbridge/built-in.a
  AR      drivers/media/pci/saa7146/built-in.a
  AR      drivers/media/pci/smipcie/built-in.a
  AR      drivers/media/pci/netup_unidvb/built-in.a
  AR      drivers/media/pci/intel/ipu3/built-in.a
  AR      drivers/media/pci/intel/ivsc/built-in.a
  AR      drivers/media/pci/intel/built-in.a
  AR      drivers/media/pci/built-in.a
  AR      drivers/media/usb/b2c2/built-in.a
  AR      drivers/media/usb/dvb-usb/built-in.a
  AR      drivers/media/usb/dvb-usb-v2/built-in.a
  AR      drivers/media/usb/s2255/built-in.a
  AR      drivers/media/usb/siano/built-in.a
  AR      drivers/media/usb/ttusb-budget/built-in.a
  AR      drivers/media/usb/ttusb-dec/built-in.a
  AR      drivers/media/usb/built-in.a
  AR      drivers/media/mmc/siano/built-in.a
  AR      drivers/media/mmc/built-in.a
  AR      drivers/media/firewire/built-in.a
  AR      drivers/media/spi/built-in.a
  AR      drivers/media/test-drivers/built-in.a
  AR      drivers/media/built-in.a
  CC      drivers/power/supply/power_supply_sysfs.o
  CC      drivers/watchdog/watchdog_core.o
  CC      drivers/hwmon/macsmc-hwmon.o
  CC      drivers/power/supply/power_supply_leds.o
  CC      drivers/power/supply/power_supply_hwmon.o
  AR      drivers/hwmon/built-in.a
  CC      drivers/watchdog/watchdog_dev.o
  CC      drivers/watchdog/apple_wdt.o
  CC      drivers/power/supply/bq27xxx_battery.o
  CC      drivers/power/supply/macsmc-power.o
  AR      drivers/watchdog/built-in.a
  AR      drivers/power/supply/built-in.a
  CC [M]  drivers/md/persistent-data/dm-array.o
  CC      fs/file.o
  AR      drivers/power/built-in.a
  CC      fs/filesystems.o
  CC [M]  drivers/md/persistent-data/dm-bitset.o
  CC [M]  drivers/md/persistent-data/dm-block-manager.o
  CC      net/ipv6/ip6_checksum.o
  CC [M]  drivers/md/persistent-data/dm-space-map-common.o
  CC [M]  drivers/md/persistent-data/dm-space-map-disk.o
  CC [M]  drivers/md/persistent-data/dm-space-map-metadata.o
  CC [M]  drivers/md/persistent-data/dm-transaction-manager.o
  CC [M]  drivers/md/persistent-data/dm-btree.o
  CC [M]  drivers/md/persistent-data/dm-btree-remove.o
  CC [M]  net/netfilter/xt_MASQUERADE.o
  CC      drivers/accessibility/braille/braille_console.o
  AR      drivers/i2c/built-in.a
  CC [M]  drivers/md/persistent-data/dm-btree-spine.o
  CC [M]  fs/xfs/xfs_bmap_item.o
  CC      drivers/md/dm-audit.o
  CC      drivers/md/dm.o
  CC [M]  fs/xfs/xfs_buf_item.o
  AR      drivers/accessibility/braille/built-in.a
  CC [M]  drivers/accessibility/speakup/speakup_acntsa.o
  LD [M]  drivers/md/persistent-data/dm-persistent-data.o
  AR      drivers/accessibility/built-in.a
  CC      drivers/md/dm-table.o
  CC [M]  fs/xfs/xfs_buf_item_recover.o
  CC [M]  net/netfilter/xt_TCPMSS.o
  CC [M]  drivers/accessibility/speakup/speakup_apollo.o
  CC      net/ipv6/ip6_icmp.o
  CC      net/ipv6/output_core.o
  CC      net/ipv6/protocol.o
  CC      drivers/md/dm-target.o
  CC      drivers/opp/core.o
  CC [M]  drivers/accessibility/speakup/speakup_audptr.o
  CC [M]  drivers/accessibility/speakup/speakup_bns.o
  CC      net/ipv6/ip6_offload.o
  CC      fs/namespace.o
  CC      fs/seq_file.o
  CC      drivers/md/dm-linear.o
  CC [M]  drivers/accessibility/speakup/speakup_dectlk.o
  CC      drivers/md/dm-stripe.o
  CC      drivers/md/dm-ioctl.o
  CC      drivers/opp/cpu.o
  CC [M]  drivers/accessibility/speakup/speakup_decext.o
  CC      drivers/opp/of.o
  CC      drivers/md/dm-io.o
  CC      net/ipv6/exthdrs_offload.o
  CC      drivers/md/dm-kcopyd.o
  CC [M]  fs/xfs/xfs_dquot_item_recover.o
  CC [M]  drivers/accessibility/speakup/speakup_ltlk.o
  CC [M]  net/netfilter/xt_addrtype.o
  CC      drivers/opp/debugfs.o
  CC      net/ipv6/inet6_hashtables.o
  CC [M]  net/netfilter/xt_comment.o
  CC [M]  drivers/accessibility/speakup/speakup_soft.o
  CC      drivers/md/dm-sysfs.o
  CC [M]  fs/xfs/xfs_exchmaps_item.o
  AR      drivers/opp/built-in.a
  CC [M]  fs/xfs/xfs_extfree_item.o
  CC [M]  net/netfilter/xt_conntrack.o
  CC      fs/xattr.o
  CC      fs/libfs.o
  CC [M]  drivers/accessibility/speakup/speakup_spkout.o
  CC      drivers/md/dm-stats.o
  CC      net/ipv6/mcast_snoop.o
  CC [M]  net/netfilter/xt_ipvs.o
  CC [M]  drivers/accessibility/speakup/speakup_txprt.o
  CC [M]  net/netfilter/xt_multiport.o
  CC      drivers/md/dm-rq.o
  CC [M]  net/ipv6/ip6_udp_tunnel.o
  CC [M]  drivers/accessibility/speakup/buffers.o
  CC      drivers/md/dm-io-rewind.o
  CC      fs/fs-writeback.o
  CC [M]  drivers/accessibility/speakup/devsynth.o
  CC [M]  net/netfilter/xt_statistic.o
  CC [M]  drivers/accessibility/speakup/i18n.o
  CC      drivers/md/dm-builtin.o
  CC [M]  net/netfilter/xt_tcpmss.o
  CC [M]  drivers/accessibility/speakup/fakekey.o
  CC      drivers/md/dm-crypt.o
  HOSTCC  drivers/accessibility/speakup/makemapdata.o
  CC [M]  drivers/accessibility/speakup/keyhelp.o
  CC [M]  drivers/md/dm-bufio.o
  CC [M]  drivers/accessibility/speakup/kobjects.o
  CC [M]  drivers/accessibility/speakup/selection.o
  CC [M]  drivers/md/dm-bio-prison-v1.o
  CC      fs/pnode.o
  CC [M]  drivers/accessibility/speakup/spk_ttyio.o
  CC [M]  drivers/accessibility/speakup/synth.o
  CC [M]  drivers/md/dm-bio-prison-v2.o
  CC [M]  drivers/accessibility/speakup/thread.o
  CC [M]  drivers/md/dm-thin.o
  CC [M]  drivers/accessibility/speakup/varhandlers.o
  CC [M]  net/bridge/br.o
  CC [M]  drivers/md/dm-thin-metadata.o
  HOSTLD  drivers/accessibility/speakup/makemapdata
  MKMAP   drivers/accessibility/speakup/mapdata.h
  HOSTCC  drivers/accessibility/speakup/genmap.o
  HOSTLD  drivers/accessibility/speakup/genmap
  GENMAP  drivers/accessibility/speakup/speakupmap.h
  CC [M]  drivers/accessibility/speakup/main.o
  CC [M]  net/bridge/br_device.o
  CC [M]  drivers/md/dm-verity-target.o
  AR      net/ipv6/built-in.a
  CC [M]  drivers/md/dm-integrity.o
  CC [M]  net/bridge/br_fdb.o
  LD [M]  drivers/accessibility/speakup/speakup.o
  CC [M]  net/bridge/br_forward.o
  LD [M]  net/netfilter/nf_conntrack.o
  LD [M]  net/netfilter/nf_nat.o
  LD [M]  net/netfilter/nf_tables.o
  LD [M]  net/netfilter/nf_flow_table.o
  CC [M]  net/bluetooth/hidp/core.o
  AR      net/netfilter/built-in.a
  CC      fs/splice.o
  CC [M]  net/sunrpc/auth_gss/auth_gss.o
  CC      fs/sync.o
  CC [M]  net/bridge/br_if.o
  CC [M]  net/bridge/br_input.o
  CC [M]  net/rfkill/core.o
