[kernel-build] canonical self-log: evidence/builds/kernel_4k_hoolock-7.0.12_20260929.log
[kernel-build] host: Linux 7.1.5-76070105-generic, 12 cores
[kernel-build] cross gcc: aarch64-buildroot-linux-gnu-gcc.br_real (toolchains.bootlin.com 2026.08-1) 15.3.0
[kernel-build] checking upstream tree /home/potato/grafene/pomme/upstream/linux-hoolock
[kernel-build] upstream present; verifying pin
[kernel-build] upstream verified: dfa4d42081312dd34ec33ee8d23174309f683188 (2026-06-12 12:28:16 +0800)
[kernel-build] patch already applied, skipping: 0001-backlight-apple_pmic_bl-add-default-case-to-get_brightness.patch
[kernel-build] config in: /home/potato/grafene/pomme/tooling/kernel/config-postmarketos-apple-4k.aarch64
[kernel-build] config-in sha256: f26e42ef7247d183f8e57568399d82103beda8c1d4494be02b344b2ed52d91b4
[kernel-build] flavor: 4k (CONFIG_ARM64_4K_PAGES=y; device scope: A7/A8/A8X (iPhone 5s/6/6+, iPad Air/Air 2, iPad mini 2/3/4))
[kernel-build] artifacts dir: /home/potato/grafene/pomme/artifacts/kernel-4k
[kernel-build] olddefconfig (settles any new symbols against the pinned config)
make[1]: Entering directory '/home/potato/grafene/pomme/upstream/linux-hoolock'
make[2]: Entering directory '/home/potato/grafene/pomme/upstream/linux-hoolock/out-4k'
  GEN     Makefile
#
# configuration written to .config
#
make[2]: Leaving directory '/home/potato/grafene/pomme/upstream/linux-hoolock/out-4k'
make[1]: Leaving directory '/home/potato/grafene/pomme/upstream/linux-hoolock'
[kernel-build] settled config -> /home/potato/grafene/pomme/tooling/kernel/config-settled-4k.aarch64 (sha256: e1279fe355501b3d93dca17b45f130112b72355007dd357f2e45dd51398faad5)
[kernel-build] toolchain as seen by kconfig: CC=15.3.0 (CC_IS_GCC=y)
[kernel-build] note: CONFIG_RUST dropped by olddefconfig (no rustc/bindgen for the GCC toolchain; no boot-critical driver needs it)
[kernel-build] CONFIG_ARM64_4K_PAGES=y confirmed in settled config
[kernel-build] building Image + dtbs with -j8 (this is the long part; expect several GB of RAM use)
make[1]: Entering directory '/home/potato/grafene/pomme/upstream/linux-hoolock'
make[2]: Entering directory '/home/potato/grafene/pomme/upstream/linux-hoolock/out-4k'
  SYNC    include/config/auto.conf.cmd
  GEN     Makefile
  GEN     Makefile
  CALL    ../scripts/checksyscalls.sh
make[2]: Leaving directory '/home/potato/grafene/pomme/upstream/linux-hoolock/out-4k'
make[1]: Leaving directory '/home/potato/grafene/pomme/upstream/linux-hoolock'
[kernel-build] kernel release: 7.0.12-gdfa4d4208131-dirty
[kernel-build] installing dtbs (full set to staging, apple/ subset shipped)
make[1]: Entering directory '/home/potato/grafene/pomme/upstream/linux-hoolock'
make[2]: Entering directory '/home/potato/grafene/pomme/upstream/linux-hoolock/out-4k'
  INSTALL /home/potato/grafene/pomme/upstream/linux-hoolock/out-4k/dtbs-install/apple/s5l8960x-j71.dtb
  INSTALL /home/potato/grafene/pomme/upstream/linux-hoolock/out-4k/dtbs-install/apple/s5l8960x-j73.dtb
  INSTALL /home/potato/grafene/pomme/upstream/linux-hoolock/out-4k/dtbs-install/apple/s5l8960x-j85m.dtb
  INSTALL /home/potato/grafene/pomme/upstream/linux-hoolock/out-4k/dtbs-install/apple/s5l8960x-j86m.dtb
  INSTALL /home/potato/grafene/pomme/upstream/linux-hoolock/out-4k/dtbs-install/apple/s5l8960x-j87m.dtb
  INSTALL /home/potato/grafene/pomme/upstream/linux-hoolock/out-4k/dtbs-install/apple/s5l8960x-n53.dtb
  INSTALL /home/potato/grafene/pomme/upstream/linux-hoolock/out-4k/dtbs-install/apple/s5l8960x-j72.dtb
  INSTALL /home/potato/grafene/pomme/upstream/linux-hoolock/out-4k/dtbs-install/apple/s5l8960x-j85.dtb
  INSTALL /home/potato/grafene/pomme/upstream/linux-hoolock/out-4k/dtbs-install/apple/s5l8960x-j86.dtb
  INSTALL /home/potato/grafene/pomme/upstream/linux-hoolock/out-4k/dtbs-install/apple/s5l8960x-j87.dtb
  INSTALL /home/potato/grafene/pomme/upstream/linux-hoolock/out-4k/dtbs-install/apple/s5l8960x-n51.dtb
  INSTALL /home/potato/grafene/pomme/upstream/linux-hoolock/out-4k/dtbs-install/apple/t7000-j42d.dtb
  INSTALL /home/potato/grafene/pomme/upstream/linux-hoolock/out-4k/dtbs-install/apple/t7000-j96.dtb
  INSTALL /home/potato/grafene/pomme/upstream/linux-hoolock/out-4k/dtbs-install/apple/t7000-j97.dtb
  INSTALL /home/potato/grafene/pomme/upstream/linux-hoolock/out-4k/dtbs-install/apple/t7000-n102.dtb
  INSTALL /home/potato/grafene/pomme/upstream/linux-hoolock/out-4k/dtbs-install/apple/t7000-n56.dtb
  INSTALL /home/potato/grafene/pomme/upstream/linux-hoolock/out-4k/dtbs-install/apple/t7000-n61.dtb
  INSTALL /home/potato/grafene/pomme/upstream/linux-hoolock/out-4k/dtbs-install/apple/t7001-j81.dtb
  INSTALL /home/potato/grafene/pomme/upstream/linux-hoolock/out-4k/dtbs-install/apple/t7001-j82.dtb
  INSTALL /home/potato/grafene/pomme/upstream/linux-hoolock/out-4k/dtbs-install/apple/s8000-j71s.dtb
  INSTALL /home/potato/grafene/pomme/upstream/linux-hoolock/out-4k/dtbs-install/apple/s8000-j72s.dtb
  INSTALL /home/potato/grafene/pomme/upstream/linux-hoolock/out-4k/dtbs-install/apple/s8000-n66.dtb
  INSTALL /home/potato/grafene/pomme/upstream/linux-hoolock/out-4k/dtbs-install/apple/s8000-n69u.dtb
  INSTALL /home/potato/grafene/pomme/upstream/linux-hoolock/out-4k/dtbs-install/apple/s8000-n71.dtb
  INSTALL /home/potato/grafene/pomme/upstream/linux-hoolock/out-4k/dtbs-install/apple/s8003-j71t.dtb
  INSTALL /home/potato/grafene/pomme/upstream/linux-hoolock/out-4k/dtbs-install/apple/s8003-j72t.dtb
  INSTALL /home/potato/grafene/pomme/upstream/linux-hoolock/out-4k/dtbs-install/apple/s8003-n66m.dtb
  INSTALL /home/potato/grafene/pomme/upstream/linux-hoolock/out-4k/dtbs-install/apple/s8003-n69.dtb
  INSTALL /home/potato/grafene/pomme/upstream/linux-hoolock/out-4k/dtbs-install/apple/s8003-n71m.dtb
  INSTALL /home/potato/grafene/pomme/upstream/linux-hoolock/out-4k/dtbs-install/apple/s8001-j127.dtb
  INSTALL /home/potato/grafene/pomme/upstream/linux-hoolock/out-4k/dtbs-install/apple/s8001-j128.dtb
  INSTALL /home/potato/grafene/pomme/upstream/linux-hoolock/out-4k/dtbs-install/apple/s8001-j98a.dtb
  INSTALL /home/potato/grafene/pomme/upstream/linux-hoolock/out-4k/dtbs-install/apple/s8001-j99a.dtb
  INSTALL /home/potato/grafene/pomme/upstream/linux-hoolock/out-4k/dtbs-install/apple/t8010-d101.dtb
  INSTALL /home/potato/grafene/pomme/upstream/linux-hoolock/out-4k/dtbs-install/apple/t8010-d10.dtb
  INSTALL /home/potato/grafene/pomme/upstream/linux-hoolock/out-4k/dtbs-install/apple/t8010-d111.dtb
  INSTALL /home/potato/grafene/pomme/upstream/linux-hoolock/out-4k/dtbs-install/apple/t8010-d11.dtb
  INSTALL /home/potato/grafene/pomme/upstream/linux-hoolock/out-4k/dtbs-install/apple/t8010-j171.dtb
  INSTALL /home/potato/grafene/pomme/upstream/linux-hoolock/out-4k/dtbs-install/apple/t8010-j172.dtb
  INSTALL /home/potato/grafene/pomme/upstream/linux-hoolock/out-4k/dtbs-install/apple/t8010-j71b.dtb
  INSTALL /home/potato/grafene/pomme/upstream/linux-hoolock/out-4k/dtbs-install/apple/t8010-j72b.dtb
  INSTALL /home/potato/grafene/pomme/upstream/linux-hoolock/out-4k/dtbs-install/apple/t8010-n112.dtb
  INSTALL /home/potato/grafene/pomme/upstream/linux-hoolock/out-4k/dtbs-install/apple/t8011-j105a.dtb
  INSTALL /home/potato/grafene/pomme/upstream/linux-hoolock/out-4k/dtbs-install/apple/t8011-j120.dtb
  INSTALL /home/potato/grafene/pomme/upstream/linux-hoolock/out-4k/dtbs-install/apple/t8011-j121.dtb
  INSTALL /home/potato/grafene/pomme/upstream/linux-hoolock/out-4k/dtbs-install/apple/t8011-j207.dtb
  INSTALL /home/potato/grafene/pomme/upstream/linux-hoolock/out-4k/dtbs-install/apple/t8011-j208.dtb
  INSTALL /home/potato/grafene/pomme/upstream/linux-hoolock/out-4k/dtbs-install/apple/t8012-j132.dtb
  INSTALL /home/potato/grafene/pomme/upstream/linux-hoolock/out-4k/dtbs-install/apple/t8012-j137.dtb
  INSTALL /home/potato/grafene/pomme/upstream/linux-hoolock/out-4k/dtbs-install/apple/t8012-j140a.dtb
  INSTALL /home/potato/grafene/pomme/upstream/linux-hoolock/out-4k/dtbs-install/apple/t8012-j140k.dtb
  INSTALL /home/potato/grafene/pomme/upstream/linux-hoolock/out-4k/dtbs-install/apple/t8012-j152f.dtb
  INSTALL /home/potato/grafene/pomme/upstream/linux-hoolock/out-4k/dtbs-install/apple/t8012-j160.dtb
  INSTALL /home/potato/grafene/pomme/upstream/linux-hoolock/out-4k/dtbs-install/apple/t8012-j174.dtb
  INSTALL /home/potato/grafene/pomme/upstream/linux-hoolock/out-4k/dtbs-install/apple/t8012-j185.dtb
  INSTALL /home/potato/grafene/pomme/upstream/linux-hoolock/out-4k/dtbs-install/apple/t8012-j185f.dtb
  INSTALL /home/potato/grafene/pomme/upstream/linux-hoolock/out-4k/dtbs-install/apple/t8012-j213.dtb
  INSTALL /home/potato/grafene/pomme/upstream/linux-hoolock/out-4k/dtbs-install/apple/t8012-j215.dtb
  INSTALL /home/potato/grafene/pomme/upstream/linux-hoolock/out-4k/dtbs-install/apple/t8012-j223.dtb
  INSTALL /home/potato/grafene/pomme/upstream/linux-hoolock/out-4k/dtbs-install/apple/t8012-j230k.dtb
  INSTALL /home/potato/grafene/pomme/upstream/linux-hoolock/out-4k/dtbs-install/apple/t8012-j214k.dtb
  INSTALL /home/potato/grafene/pomme/upstream/linux-hoolock/out-4k/dtbs-install/apple/t8012-j780.dtb
  INSTALL /home/potato/grafene/pomme/upstream/linux-hoolock/out-4k/dtbs-install/apple/t8015-d20.dtb
  INSTALL /home/potato/grafene/pomme/upstream/linux-hoolock/out-4k/dtbs-install/apple/t8015-d201.dtb
  INSTALL /home/potato/grafene/pomme/upstream/linux-hoolock/out-4k/dtbs-install/apple/t8012-j680.dtb
  INSTALL /home/potato/grafene/pomme/upstream/linux-hoolock/out-4k/dtbs-install/apple/t8015-d211.dtb
  INSTALL /home/potato/grafene/pomme/upstream/linux-hoolock/out-4k/dtbs-install/apple/t8015-d21.dtb
  INSTALL /home/potato/grafene/pomme/upstream/linux-hoolock/out-4k/dtbs-install/apple/t8015-d221.dtb
  INSTALL /home/potato/grafene/pomme/upstream/linux-hoolock/out-4k/dtbs-install/apple/t8015-d22.dtb
  INSTALL /home/potato/grafene/pomme/upstream/linux-hoolock/out-4k/dtbs-install/apple/t8103-j274.dtb
  INSTALL /home/potato/grafene/pomme/upstream/linux-hoolock/out-4k/dtbs-install/apple/t8103-j293.dtb
  INSTALL /home/potato/grafene/pomme/upstream/linux-hoolock/out-4k/dtbs-install/apple/t8103-j313.dtb
  INSTALL /home/potato/grafene/pomme/upstream/linux-hoolock/out-4k/dtbs-install/apple/t8103-j456.dtb
  INSTALL /home/potato/grafene/pomme/upstream/linux-hoolock/out-4k/dtbs-install/apple/t8103-j457.dtb
  INSTALL /home/potato/grafene/pomme/upstream/linux-hoolock/out-4k/dtbs-install/apple/t6000-j314s.dtb
  INSTALL /home/potato/grafene/pomme/upstream/linux-hoolock/out-4k/dtbs-install/apple/t6001-j314c.dtb
  INSTALL /home/potato/grafene/pomme/upstream/linux-hoolock/out-4k/dtbs-install/apple/t6000-j316s.dtb
  INSTALL /home/potato/grafene/pomme/upstream/linux-hoolock/out-4k/dtbs-install/apple/t6001-j316c.dtb
  INSTALL /home/potato/grafene/pomme/upstream/linux-hoolock/out-4k/dtbs-install/apple/t6001-j375c.dtb
  INSTALL /home/potato/grafene/pomme/upstream/linux-hoolock/out-4k/dtbs-install/apple/t6002-j375d.dtb
  INSTALL /home/potato/grafene/pomme/upstream/linux-hoolock/out-4k/dtbs-install/apple/t6022-j180d.dtb
  INSTALL /home/potato/grafene/pomme/upstream/linux-hoolock/out-4k/dtbs-install/apple/t6020-j414s.dtb
  INSTALL /home/potato/grafene/pomme/upstream/linux-hoolock/out-4k/dtbs-install/apple/t6021-j414c.dtb
  INSTALL /home/potato/grafene/pomme/upstream/linux-hoolock/out-4k/dtbs-install/apple/t6020-j416s.dtb
  INSTALL /home/potato/grafene/pomme/upstream/linux-hoolock/out-4k/dtbs-install/apple/t6021-j416c.dtb
  INSTALL /home/potato/grafene/pomme/upstream/linux-hoolock/out-4k/dtbs-install/apple/t6020-j474s.dtb
  INSTALL /home/potato/grafene/pomme/upstream/linux-hoolock/out-4k/dtbs-install/apple/t6021-j475c.dtb
  INSTALL /home/potato/grafene/pomme/upstream/linux-hoolock/out-4k/dtbs-install/apple/t6022-j475d.dtb
  INSTALL /home/potato/grafene/pomme/upstream/linux-hoolock/out-4k/dtbs-install/apple/t8112-j413.dtb
  INSTALL /home/potato/grafene/pomme/upstream/linux-hoolock/out-4k/dtbs-install/apple/t8112-j415.dtb
  INSTALL /home/potato/grafene/pomme/upstream/linux-hoolock/out-4k/dtbs-install/apple/t8112-j473.dtb
  INSTALL /home/potato/grafene/pomme/upstream/linux-hoolock/out-4k/dtbs-install/apple/t8112-j493.dtb
make[2]: Leaving directory '/home/potato/grafene/pomme/upstream/linux-hoolock/out-4k'
make[1]: Leaving directory '/home/potato/grafene/pomme/upstream/linux-hoolock'
[kernel-build] apple DTBs installed: 92
[kernel-build] installing modules (stripped) to staging with INSTALL_MOD_PATH
make[1]: Entering directory '/home/potato/grafene/pomme/upstream/linux-hoolock'
make[2]: Entering directory '/home/potato/grafene/pomme/upstream/linux-hoolock/out-4k'
  SYMLINK /home/potato/grafene/pomme/upstream/linux-hoolock/out-4k/modules-staging/lib/modules/7.0.12-gdfa4d4208131-dirty/build
  INSTALL /home/potato/grafene/pomme/upstream/linux-hoolock/out-4k/modules-staging/lib/modules/7.0.12-gdfa4d4208131-dirty/modules.order
  INSTALL /home/potato/grafene/pomme/upstream/linux-hoolock/out-4k/modules-staging/lib/modules/7.0.12-gdfa4d4208131-dirty/modules.builtin
  INSTALL /home/potato/grafene/pomme/upstream/linux-hoolock/out-4k/modules-staging/lib/modules/7.0.12-gdfa4d4208131-dirty/modules.builtin.modinfo
  INSTALL /home/potato/grafene/pomme/upstream/linux-hoolock/out-4k/modules-staging/lib/modules/7.0.12-gdfa4d4208131-dirty/kernel/fs/nfs_common/nfs_acl.ko
  INSTALL /home/potato/grafene/pomme/upstream/linux-hoolock/out-4k/modules-staging/lib/modules/7.0.12-gdfa4d4208131-dirty/kernel/fs/nfs_common/grace.ko
  INSTALL /home/potato/grafene/pomme/upstream/linux-hoolock/out-4k/modules-staging/lib/modules/7.0.12-gdfa4d4208131-dirty/kernel/fs/nls/nls_ucs2_utils.ko
  INSTALL /home/potato/grafene/pomme/upstream/linux-hoolock/out-4k/modules-staging/lib/modules/7.0.12-gdfa4d4208131-dirty/kernel/fs/binfmt_misc.ko
  INSTALL /home/potato/grafene/pomme/upstream/linux-hoolock/out-4k/modules-staging/lib/modules/7.0.12-gdfa4d4208131-dirty/kernel/fs/netfs/netfs.ko
  INSTALL /home/potato/grafene/pomme/upstream/linux-hoolock/out-4k/modules-staging/lib/modules/7.0.12-gdfa4d4208131-dirty/kernel/fs/squashfs/squashfs.ko
  STRIP   /home/potato/grafene/pomme/upstream/linux-hoolock/out-4k/modules-staging/lib/modules/7.0.12-gdfa4d4208131-dirty/kernel/fs/nfs_common/nfs_acl.ko
  INSTALL /home/potato/grafene/pomme/upstream/linux-hoolock/out-4k/modules-staging/lib/modules/7.0.12-gdfa4d4208131-dirty/kernel/fs/exfat/exfat.ko
  STRIP   /home/potato/grafene/pomme/upstream/linux-hoolock/out-4k/modules-staging/lib/modules/7.0.12-gdfa4d4208131-dirty/kernel/fs/nls/nls_ucs2_utils.ko
  STRIP   /home/potato/grafene/pomme/upstream/linux-hoolock/out-4k/modules-staging/lib/modules/7.0.12-gdfa4d4208131-dirty/kernel/fs/nfs_common/grace.ko
  INSTALL /home/potato/grafene/pomme/upstream/linux-hoolock/out-4k/modules-staging/lib/modules/7.0.12-gdfa4d4208131-dirty/kernel/fs/nfs/nfs.ko
  STRIP   /home/potato/grafene/pomme/upstream/linux-hoolock/out-4k/modules-staging/lib/modules/7.0.12-gdfa4d4208131-dirty/kernel/fs/binfmt_misc.ko
  INSTALL /home/potato/grafene/pomme/upstream/linux-hoolock/out-4k/modules-staging/lib/modules/7.0.12-gdfa4d4208131-dirty/kernel/fs/nfs/nfsv3.ko
  STRIP   /home/potato/grafene/pomme/upstream/linux-hoolock/out-4k/modules-staging/lib/modules/7.0.12-gdfa4d4208131-dirty/kernel/fs/squashfs/squashfs.ko
  STRIP   /home/potato/grafene/pomme/upstream/linux-hoolock/out-4k/modules-staging/lib/modules/7.0.12-gdfa4d4208131-dirty/kernel/fs/exfat/exfat.ko
  INSTALL /home/potato/grafene/pomme/upstream/linux-hoolock/out-4k/modules-staging/lib/modules/7.0.12-gdfa4d4208131-dirty/kernel/fs/nfs/nfsv4.ko
  INSTALL /home/potato/grafene/pomme/upstream/linux-hoolock/out-4k/modules-staging/lib/modules/7.0.12-gdfa4d4208131-dirty/kernel/fs/nfs/filelayout/nfs_layout_nfsv41_files.ko
  STRIP   /home/potato/grafene/pomme/upstream/linux-hoolock/out-4k/modules-staging/lib/modules/7.0.12-gdfa4d4208131-dirty/kernel/fs/netfs/netfs.ko
  INSTALL /home/potato/grafene/pomme/upstream/linux-hoolock/out-4k/modules-staging/lib/modules/7.0.12-gdfa4d4208131-dirty/kernel/fs/nfs/blocklayout/blocklayoutdriver.ko
  STRIP   /home/potato/grafene/pomme/upstream/linux-hoolock/out-4k/modules-staging/lib/modules/7.0.12-gdfa4d4208131-dirty/kernel/fs/nfs/nfsv3.ko
  STRIP   /home/potato/grafene/pomme/upstream/linux-hoolock/out-4k/modules-staging/lib/modules/7.0.12-gdfa4d4208131-dirty/kernel/fs/nfs/filelayout/nfs_layout_nfsv41_files.ko
  INSTALL /home/potato/grafene/pomme/upstream/linux-hoolock/out-4k/modules-staging/lib/modules/7.0.12-gdfa4d4208131-dirty/kernel/fs/nfs/flexfilelayout/nfs_layout_flexfiles.ko
  INSTALL /home/potato/grafene/pomme/upstream/linux-hoolock/out-4k/modules-staging/lib/modules/7.0.12-gdfa4d4208131-dirty/kernel/fs/nfsd/nfsd.ko
  STRIP   /home/potato/grafene/pomme/upstream/linux-hoolock/out-4k/modules-staging/lib/modules/7.0.12-gdfa4d4208131-dirty/kernel/fs/nfs/blocklayout/blocklayoutdriver.ko
  STRIP   /home/potato/grafene/pomme/upstream/linux-hoolock/out-4k/modules-staging/lib/modules/7.0.12-gdfa4d4208131-dirty/kernel/fs/nfs/nfs.ko
  INSTALL /home/potato/grafene/pomme/upstream/linux-hoolock/out-4k/modules-staging/lib/modules/7.0.12-gdfa4d4208131-dirty/kernel/fs/lockd/lockd.ko
  STRIP   /home/potato/grafene/pomme/upstream/linux-hoolock/out-4k/modules-staging/lib/modules/7.0.12-gdfa4d4208131-dirty/kernel/fs/nfs/flexfilelayout/nfs_layout_flexfiles.ko
  INSTALL /home/potato/grafene/pomme/upstream/linux-hoolock/out-4k/modules-staging/lib/modules/7.0.12-gdfa4d4208131-dirty/kernel/fs/smb/common/cifs_md4.ko
  INSTALL /home/potato/grafene/pomme/upstream/linux-hoolock/out-4k/modules-staging/lib/modules/7.0.12-gdfa4d4208131-dirty/kernel/fs/smb/client/cifs.ko
  STRIP   /home/potato/grafene/pomme/upstream/linux-hoolock/out-4k/modules-staging/lib/modules/7.0.12-gdfa4d4208131-dirty/kernel/fs/smb/common/cifs_md4.ko
  INSTALL /home/potato/grafene/pomme/upstream/linux-hoolock/out-4k/modules-staging/lib/modules/7.0.12-gdfa4d4208131-dirty/kernel/fs/ntfs3/ntfs3.ko
  INSTALL /home/potato/grafene/pomme/upstream/linux-hoolock/out-4k/modules-staging/lib/modules/7.0.12-gdfa4d4208131-dirty/kernel/fs/fuse/fuse.ko
  STRIP   /home/potato/grafene/pomme/upstream/linux-hoolock/out-4k/modules-staging/lib/modules/7.0.12-gdfa4d4208131-dirty/kernel/fs/nfs/nfsv4.ko
  STRIP   /home/potato/grafene/pomme/upstream/linux-hoolock/out-4k/modules-staging/lib/modules/7.0.12-gdfa4d4208131-dirty/kernel/fs/lockd/lockd.ko
  INSTALL /home/potato/grafene/pomme/upstream/linux-hoolock/out-4k/modules-staging/lib/modules/7.0.12-gdfa4d4208131-dirty/kernel/fs/overlayfs/overlay.ko
  STRIP   /home/potato/grafene/pomme/upstream/linux-hoolock/out-4k/modules-staging/lib/modules/7.0.12-gdfa4d4208131-dirty/kernel/fs/ntfs3/ntfs3.ko
  INSTALL /home/potato/grafene/pomme/upstream/linux-hoolock/out-4k/modules-staging/lib/modules/7.0.12-gdfa4d4208131-dirty/kernel/fs/udf/udf.ko
  STRIP   /home/potato/grafene/pomme/upstream/linux-hoolock/out-4k/modules-staging/lib/modules/7.0.12-gdfa4d4208131-dirty/kernel/fs/nfsd/nfsd.ko
  STRIP   /home/potato/grafene/pomme/upstream/linux-hoolock/out-4k/modules-staging/lib/modules/7.0.12-gdfa4d4208131-dirty/kernel/fs/fuse/fuse.ko
  STRIP   /home/potato/grafene/pomme/upstream/linux-hoolock/out-4k/modules-staging/lib/modules/7.0.12-gdfa4d4208131-dirty/kernel/fs/overlayfs/overlay.ko
  INSTALL /home/potato/grafene/pomme/upstream/linux-hoolock/out-4k/modules-staging/lib/modules/7.0.12-gdfa4d4208131-dirty/kernel/fs/xfs/xfs.ko
  STRIP   /home/potato/grafene/pomme/upstream/linux-hoolock/out-4k/modules-staging/lib/modules/7.0.12-gdfa4d4208131-dirty/kernel/fs/udf/udf.ko
  INSTALL /home/potato/grafene/pomme/upstream/linux-hoolock/out-4k/modules-staging/lib/modules/7.0.12-gdfa4d4208131-dirty/kernel/fs/cachefiles/cachefiles.ko
  INSTALL /home/potato/grafene/pomme/upstream/linux-hoolock/out-4k/modules-staging/lib/modules/7.0.12-gdfa4d4208131-dirty/kernel/fs/efivarfs/efivarfs.ko
  INSTALL /home/potato/grafene/pomme/upstream/linux-hoolock/out-4k/modules-staging/lib/modules/7.0.12-gdfa4d4208131-dirty/kernel/fs/erofs/erofs.ko
  STRIP   /home/potato/grafene/pomme/upstream/linux-hoolock/out-4k/modules-staging/lib/modules/7.0.12-gdfa4d4208131-dirty/kernel/fs/smb/client/cifs.ko
  STRIP   /home/potato/grafene/pomme/upstream/linux-hoolock/out-4k/modules-staging/lib/modules/7.0.12-gdfa4d4208131-dirty/kernel/fs/cachefiles/cachefiles.ko
  INSTALL /home/potato/grafene/pomme/upstream/linux-hoolock/out-4k/modules-staging/lib/modules/7.0.12-gdfa4d4208131-dirty/kernel/crypto/asymmetric_keys/pkcs8_key_parser.ko
  INSTALL /home/potato/grafene/pomme/upstream/linux-hoolock/out-4k/modules-staging/lib/modules/7.0.12-gdfa4d4208131-dirty/kernel/crypto/cmac.ko
  STRIP   /home/potato/grafene/pomme/upstream/linux-hoolock/out-4k/modules-staging/lib/modules/7.0.12-gdfa4d4208131-dirty/kernel/fs/efivarfs/efivarfs.ko
  INSTALL /home/potato/grafene/pomme/upstream/linux-hoolock/out-4k/modules-staging/lib/modules/7.0.12-gdfa4d4208131-dirty/kernel/crypto/md4.ko
  STRIP   /home/potato/grafene/pomme/upstream/linux-hoolock/out-4k/modules-staging/lib/modules/7.0.12-gdfa4d4208131-dirty/kernel/crypto/asymmetric_keys/pkcs8_key_parser.ko
  STRIP   /home/potato/grafene/pomme/upstream/linux-hoolock/out-4k/modules-staging/lib/modules/7.0.12-gdfa4d4208131-dirty/kernel/crypto/cmac.ko
  STRIP   /home/potato/grafene/pomme/upstream/linux-hoolock/out-4k/modules-staging/lib/modules/7.0.12-gdfa4d4208131-dirty/kernel/fs/erofs/erofs.ko
  INSTALL /home/potato/grafene/pomme/upstream/linux-hoolock/out-4k/modules-staging/lib/modules/7.0.12-gdfa4d4208131-dirty/kernel/crypto/des_generic.ko
  INSTALL /home/potato/grafene/pomme/upstream/linux-hoolock/out-4k/modules-staging/lib/modules/7.0.12-gdfa4d4208131-dirty/kernel/crypto/camellia_generic.ko
  STRIP   /home/potato/grafene/pomme/upstream/linux-hoolock/out-4k/modules-staging/lib/modules/7.0.12-gdfa4d4208131-dirty/kernel/crypto/md4.ko
  INSTALL /home/potato/grafene/pomme/upstream/linux-hoolock/out-4k/modules-staging/lib/modules/7.0.12-gdfa4d4208131-dirty/kernel/crypto/algif_hash.ko
  INSTALL /home/potato/grafene/pomme/upstream/linux-hoolock/out-4k/modules-staging/lib/modules/7.0.12-gdfa4d4208131-dirty/kernel/crypto/algif_skcipher.ko
  STRIP   /home/potato/grafene/pomme/upstream/linux-hoolock/out-4k/modules-staging/lib/modules/7.0.12-gdfa4d4208131-dirty/kernel/crypto/des_generic.ko
  STRIP   /home/potato/grafene/pomme/upstream/linux-hoolock/out-4k/modules-staging/lib/modules/7.0.12-gdfa4d4208131-dirty/kernel/crypto/camellia_generic.ko
  INSTALL /home/potato/grafene/pomme/upstream/linux-hoolock/out-4k/modules-staging/lib/modules/7.0.12-gdfa4d4208131-dirty/kernel/crypto/async_tx/async_tx.ko
  INSTALL /home/potato/grafene/pomme/upstream/linux-hoolock/out-4k/modules-staging/lib/modules/7.0.12-gdfa4d4208131-dirty/kernel/crypto/async_tx/async_xor.ko
  STRIP   /home/potato/grafene/pomme/upstream/linux-hoolock/out-4k/modules-staging/lib/modules/7.0.12-gdfa4d4208131-dirty/kernel/crypto/algif_hash.ko
  STRIP   /home/potato/grafene/pomme/upstream/linux-hoolock/out-4k/modules-staging/lib/modules/7.0.12-gdfa4d4208131-dirty/kernel/crypto/algif_skcipher.ko
  INSTALL /home/potato/grafene/pomme/upstream/linux-hoolock/out-4k/modules-staging/lib/modules/7.0.12-gdfa4d4208131-dirty/kernel/block/bsg.ko
  STRIP   /home/potato/grafene/pomme/upstream/linux-hoolock/out-4k/modules-staging/lib/modules/7.0.12-gdfa4d4208131-dirty/kernel/crypto/async_tx/async_tx.ko
  INSTALL /home/potato/grafene/pomme/upstream/linux-hoolock/out-4k/modules-staging/lib/modules/7.0.12-gdfa4d4208131-dirty/kernel/lib/crc/crc-itu-t.ko
  STRIP   /home/potato/grafene/pomme/upstream/linux-hoolock/out-4k/modules-staging/lib/modules/7.0.12-gdfa4d4208131-dirty/kernel/crypto/async_tx/async_xor.ko
  INSTALL /home/potato/grafene/pomme/upstream/linux-hoolock/out-4k/modules-staging/lib/modules/7.0.12-gdfa4d4208131-dirty/kernel/lib/crypto/libarc4.ko
  STRIP   /home/potato/grafene/pomme/upstream/linux-hoolock/out-4k/modules-staging/lib/modules/7.0.12-gdfa4d4208131-dirty/kernel/block/bsg.ko
  INSTALL /home/potato/grafene/pomme/upstream/linux-hoolock/out-4k/modules-staging/lib/modules/7.0.12-gdfa4d4208131-dirty/kernel/lib/crypto/libchacha20poly1305.ko
  STRIP   /home/potato/grafene/pomme/upstream/linux-hoolock/out-4k/modules-staging/lib/modules/7.0.12-gdfa4d4208131-dirty/kernel/lib/crc/crc-itu-t.ko
  INSTALL /home/potato/grafene/pomme/upstream/linux-hoolock/out-4k/modules-staging/lib/modules/7.0.12-gdfa4d4208131-dirty/kernel/lib/crypto/libcurve25519.ko
  STRIP   /home/potato/grafene/pomme/upstream/linux-hoolock/out-4k/modules-staging/lib/modules/7.0.12-gdfa4d4208131-dirty/kernel/fs/xfs/xfs.ko
  STRIP   /home/potato/grafene/pomme/upstream/linux-hoolock/out-4k/modules-staging/lib/modules/7.0.12-gdfa4d4208131-dirty/kernel/lib/crypto/libarc4.ko
  INSTALL /home/potato/grafene/pomme/upstream/linux-hoolock/out-4k/modules-staging/lib/modules/7.0.12-gdfa4d4208131-dirty/kernel/lib/crypto/libdes.ko
  STRIP   /home/potato/grafene/pomme/upstream/linux-hoolock/out-4k/modules-staging/lib/modules/7.0.12-gdfa4d4208131-dirty/kernel/lib/crypto/libchacha20poly1305.ko
  INSTALL /home/potato/grafene/pomme/upstream/linux-hoolock/out-4k/modules-staging/lib/modules/7.0.12-gdfa4d4208131-dirty/kernel/lib/crypto/libpoly1305.ko
  INSTALL /home/potato/grafene/pomme/upstream/linux-hoolock/out-4k/modules-staging/lib/modules/7.0.12-gdfa4d4208131-dirty/kernel/drivers/leds/trigger/ledtrig-timer.ko
  STRIP   /home/potato/grafene/pomme/upstream/linux-hoolock/out-4k/modules-staging/lib/modules/7.0.12-gdfa4d4208131-dirty/kernel/lib/crypto/libcurve25519.ko
  INSTALL /home/potato/grafene/pomme/upstream/linux-hoolock/out-4k/modules-staging/lib/modules/7.0.12-gdfa4d4208131-dirty/kernel/drivers/leds/trigger/ledtrig-pattern.ko
  STRIP   /home/potato/grafene/pomme/upstream/linux-hoolock/out-4k/modules-staging/lib/modules/7.0.12-gdfa4d4208131-dirty/kernel/lib/crypto/libdes.ko
  INSTALL /home/potato/grafene/pomme/upstream/linux-hoolock/out-4k/modules-staging/lib/modules/7.0.12-gdfa4d4208131-dirty/kernel/drivers/leds/led-class.ko
  STRIP   /home/potato/grafene/pomme/upstream/linux-hoolock/out-4k/modules-staging/lib/modules/7.0.12-gdfa4d4208131-dirty/kernel/lib/crypto/libpoly1305.ko
  STRIP   /home/potato/grafene/pomme/upstream/linux-hoolock/out-4k/modules-staging/lib/modules/7.0.12-gdfa4d4208131-dirty/kernel/drivers/leds/trigger/ledtrig-timer.ko
  STRIP   /home/potato/grafene/pomme/upstream/linux-hoolock/out-4k/modules-staging/lib/modules/7.0.12-gdfa4d4208131-dirty/kernel/drivers/leds/trigger/ledtrig-pattern.ko
  STRIP   /home/potato/grafene/pomme/upstream/linux-hoolock/out-4k/modules-staging/lib/modules/7.0.12-gdfa4d4208131-dirty/kernel/drivers/leds/led-class.ko
  INSTALL /home/potato/grafene/pomme/upstream/linux-hoolock/out-4k/modules-staging/lib/modules/7.0.12-gdfa4d4208131-dirty/kernel/drivers/leds/led-class-multicolor.ko
  INSTALL /home/potato/grafene/pomme/upstream/linux-hoolock/out-4k/modules-staging/lib/modules/7.0.12-gdfa4d4208131-dirty/kernel/drivers/video/backlight/lcd.ko
  INSTALL /home/potato/grafene/pomme/upstream/linux-hoolock/out-4k/modules-staging/lib/modules/7.0.12-gdfa4d4208131-dirty/kernel/drivers/tty/ttynull.ko
  INSTALL /home/potato/grafene/pomme/upstream/linux-hoolock/out-4k/modules-staging/lib/modules/7.0.12-gdfa4d4208131-dirty/kernel/drivers/char/hw_random/virtio-rng.ko
  INSTALL /home/potato/grafene/pomme/upstream/linux-hoolock/out-4k/modules-staging/lib/modules/7.0.12-gdfa4d4208131-dirty/kernel/drivers/gpu/drm/udl/udl.ko
  INSTALL /home/potato/grafene/pomme/upstream/linux-hoolock/out-4k/modules-staging/lib/modules/7.0.12-gdfa4d4208131-dirty/kernel/drivers/block/nbd.ko
  STRIP   /home/potato/grafene/pomme/upstream/linux-hoolock/out-4k/modules-staging/lib/modules/7.0.12-gdfa4d4208131-dirty/kernel/drivers/leds/led-class-multicolor.ko
  INSTALL /home/potato/grafene/pomme/upstream/linux-hoolock/out-4k/modules-staging/lib/modules/7.0.12-gdfa4d4208131-dirty/kernel/drivers/block/ublk_drv.ko
  STRIP   /home/potato/grafene/pomme/upstream/linux-hoolock/out-4k/modules-staging/lib/modules/7.0.12-gdfa4d4208131-dirty/kernel/drivers/video/backlight/lcd.ko
  STRIP   /home/potato/grafene/pomme/upstream/linux-hoolock/out-4k/modules-staging/lib/modules/7.0.12-gdfa4d4208131-dirty/kernel/drivers/tty/ttynull.ko
  STRIP   /home/potato/grafene/pomme/upstream/linux-hoolock/out-4k/modules-staging/lib/modules/7.0.12-gdfa4d4208131-dirty/kernel/drivers/char/hw_random/virtio-rng.ko
  STRIP   /home/potato/grafene/pomme/upstream/linux-hoolock/out-4k/modules-staging/lib/modules/7.0.12-gdfa4d4208131-dirty/kernel/drivers/gpu/drm/udl/udl.ko
  STRIP   /home/potato/grafene/pomme/upstream/linux-hoolock/out-4k/modules-staging/lib/modules/7.0.12-gdfa4d4208131-dirty/kernel/drivers/block/nbd.ko
  STRIP   /home/potato/grafene/pomme/upstream/linux-hoolock/out-4k/modules-staging/lib/modules/7.0.12-gdfa4d4208131-dirty/kernel/drivers/block/ublk_drv.ko
  INSTALL /home/potato/grafene/pomme/upstream/linux-hoolock/out-4k/modules-staging/lib/modules/7.0.12-gdfa4d4208131-dirty/kernel/drivers/misc/enclosure.ko
  INSTALL /home/potato/grafene/pomme/upstream/linux-hoolock/out-4k/modules-staging/lib/modules/7.0.12-gdfa4d4208131-dirty/kernel/drivers/misc/hmc6352.ko
  INSTALL /home/potato/grafene/pomme/upstream/linux-hoolock/out-4k/modules-staging/lib/modules/7.0.12-gdfa4d4208131-dirty/kernel/drivers/misc/ntsync.ko
  INSTALL /home/potato/grafene/pomme/upstream/linux-hoolock/out-4k/modules-staging/lib/modules/7.0.12-gdfa4d4208131-dirty/kernel/drivers/misc/hi6421v600-irq.ko
  INSTALL /home/potato/grafene/pomme/upstream/linux-hoolock/out-4k/modules-staging/lib/modules/7.0.12-gdfa4d4208131-dirty/kernel/drivers/scsi/scsi_mod.ko
  STRIP   /home/potato/grafene/pomme/upstream/linux-hoolock/out-4k/modules-staging/lib/modules/7.0.12-gdfa4d4208131-dirty/kernel/drivers/misc/enclosure.ko
  STRIP   /home/potato/grafene/pomme/upstream/linux-hoolock/out-4k/modules-staging/lib/modules/7.0.12-gdfa4d4208131-dirty/kernel/drivers/misc/hmc6352.ko
  INSTALL /home/potato/grafene/pomme/upstream/linux-hoolock/out-4k/modules-staging/lib/modules/7.0.12-gdfa4d4208131-dirty/kernel/drivers/scsi/scsi_common.ko
  STRIP   /home/potato/grafene/pomme/upstream/linux-hoolock/out-4k/modules-staging/lib/modules/7.0.12-gdfa4d4208131-dirty/kernel/drivers/misc/ntsync.ko
  STRIP   /home/potato/grafene/pomme/upstream/linux-hoolock/out-4k/modules-staging/lib/modules/7.0.12-gdfa4d4208131-dirty/kernel/drivers/misc/hi6421v600-irq.ko
  INSTALL /home/potato/grafene/pomme/upstream/linux-hoolock/out-4k/modules-staging/lib/modules/7.0.12-gdfa4d4208131-dirty/kernel/drivers/net/phy/mdio-bus.ko
  STRIP   /home/potato/grafene/pomme/upstream/linux-hoolock/out-4k/modules-staging/lib/modules/7.0.12-gdfa4d4208131-dirty/kernel/drivers/scsi/scsi_common.ko
  STRIP   /home/potato/grafene/pomme/upstream/linux-hoolock/out-4k/modules-staging/lib/modules/7.0.12-gdfa4d4208131-dirty/kernel/drivers/scsi/scsi_mod.ko
  STRIP   /home/potato/grafene/pomme/upstream/linux-hoolock/out-4k/modules-staging/lib/modules/7.0.12-gdfa4d4208131-dirty/kernel/drivers/net/phy/mdio-bus.ko
  INSTALL /home/potato/grafene/pomme/upstream/linux-hoolock/out-4k/modules-staging/lib/modules/7.0.12-gdfa4d4208131-dirty/kernel/drivers/net/phy/phylink.ko
  INSTALL /home/potato/grafene/pomme/upstream/linux-hoolock/out-4k/modules-staging/lib/modules/7.0.12-gdfa4d4208131-dirty/kernel/drivers/net/phy/libphy.ko
  INSTALL /home/potato/grafene/pomme/upstream/linux-hoolock/out-4k/modules-staging/lib/modules/7.0.12-gdfa4d4208131-dirty/kernel/drivers/net/phy/mdio_devres.ko
  INSTALL /home/potato/grafene/pomme/upstream/linux-hoolock/out-4k/modules-staging/lib/modules/7.0.12-gdfa4d4208131-dirty/kernel/drivers/net/phy/ax88796b.ko
  INSTALL /home/potato/grafene/pomme/upstream/linux-hoolock/out-4k/modules-staging/lib/modules/7.0.12-gdfa4d4208131-dirty/kernel/drivers/net/phy/fixed_phy.ko
  INSTALL /home/potato/grafene/pomme/upstream/linux-hoolock/out-4k/modules-staging/lib/modules/7.0.12-gdfa4d4208131-dirty/kernel/drivers/net/mdio/fwnode_mdio.ko
  STRIP   /home/potato/grafene/pomme/upstream/linux-hoolock/out-4k/modules-staging/lib/modules/7.0.12-gdfa4d4208131-dirty/kernel/drivers/net/phy/phylink.ko
  STRIP   /home/potato/grafene/pomme/upstream/linux-hoolock/out-4k/modules-staging/lib/modules/7.0.12-gdfa4d4208131-dirty/kernel/drivers/net/phy/mdio_devres.ko
  STRIP   /home/potato/grafene/pomme/upstream/linux-hoolock/out-4k/modules-staging/lib/modules/7.0.12-gdfa4d4208131-dirty/kernel/drivers/net/phy/ax88796b.ko
  STRIP   /home/potato/grafene/pomme/upstream/linux-hoolock/out-4k/modules-staging/lib/modules/7.0.12-gdfa4d4208131-dirty/kernel/drivers/net/phy/libphy.ko
  STRIP   /home/potato/grafene/pomme/upstream/linux-hoolock/out-4k/modules-staging/lib/modules/7.0.12-gdfa4d4208131-dirty/kernel/drivers/net/phy/fixed_phy.ko
  STRIP   /home/potato/grafene/pomme/upstream/linux-hoolock/out-4k/modules-staging/lib/modules/7.0.12-gdfa4d4208131-dirty/kernel/drivers/net/mdio/fwnode_mdio.ko
  INSTALL /home/potato/grafene/pomme/upstream/linux-hoolock/out-4k/modules-staging/lib/modules/7.0.12-gdfa4d4208131-dirty/kernel/drivers/net/mdio/of_mdio.ko
  INSTALL /home/potato/grafene/pomme/upstream/linux-hoolock/out-4k/modules-staging/lib/modules/7.0.12-gdfa4d4208131-dirty/kernel/drivers/net/ipvlan/ipvlan.ko
  INSTALL /home/potato/grafene/pomme/upstream/linux-hoolock/out-4k/modules-staging/lib/modules/7.0.12-gdfa4d4208131-dirty/kernel/drivers/net/dummy.ko
  INSTALL /home/potato/grafene/pomme/upstream/linux-hoolock/out-4k/modules-staging/lib/modules/7.0.12-gdfa4d4208131-dirty/kernel/drivers/net/wireguard/wireguard.ko
  STRIP   /home/potato/grafene/pomme/upstream/linux-hoolock/out-4k/modules-staging/lib/modules/7.0.12-gdfa4d4208131-dirty/kernel/drivers/net/mdio/of_mdio.ko
  INSTALL /home/potato/grafene/pomme/upstream/linux-hoolock/out-4k/modules-staging/lib/modules/7.0.12-gdfa4d4208131-dirty/kernel/drivers/net/macvlan.ko
  INSTALL /home/potato/grafene/pomme/upstream/linux-hoolock/out-4k/modules-staging/lib/modules/7.0.12-gdfa4d4208131-dirty/kernel/drivers/net/mii.ko
  STRIP   /home/potato/grafene/pomme/upstream/linux-hoolock/out-4k/modules-staging/lib/modules/7.0.12-gdfa4d4208131-dirty/kernel/drivers/net/ipvlan/ipvlan.ko
  INSTALL /home/potato/grafene/pomme/upstream/linux-hoolock/out-4k/modules-staging/lib/modules/7.0.12-gdfa4d4208131-dirty/kernel/drivers/net/tun.ko
  STRIP   /home/potato/grafene/pomme/upstream/linux-hoolock/out-4k/modules-staging/lib/modules/7.0.12-gdfa4d4208131-dirty/kernel/drivers/net/dummy.ko
  INSTALL /home/potato/grafene/pomme/upstream/linux-hoolock/out-4k/modules-staging/lib/modules/7.0.12-gdfa4d4208131-dirty/kernel/drivers/net/veth.ko
  STRIP   /home/potato/grafene/pomme/upstream/linux-hoolock/out-4k/modules-staging/lib/modules/7.0.12-gdfa4d4208131-dirty/kernel/drivers/net/mii.ko
  STRIP   /home/potato/grafene/pomme/upstream/linux-hoolock/out-4k/modules-staging/lib/modules/7.0.12-gdfa4d4208131-dirty/kernel/drivers/net/macvlan.ko
  STRIP   /home/potato/grafene/pomme/upstream/linux-hoolock/out-4k/modules-staging/lib/modules/7.0.12-gdfa4d4208131-dirty/kernel/drivers/net/wireguard/wireguard.ko
  STRIP   /home/potato/grafene/pomme/upstream/linux-hoolock/out-4k/modules-staging/lib/modules/7.0.12-gdfa4d4208131-dirty/kernel/drivers/net/tun.ko
  STRIP   /home/potato/grafene/pomme/upstream/linux-hoolock/out-4k/modules-staging/lib/modules/7.0.12-gdfa4d4208131-dirty/kernel/drivers/net/veth.ko
  INSTALL /home/potato/grafene/pomme/upstream/linux-hoolock/out-4k/modules-staging/lib/modules/7.0.12-gdfa4d4208131-dirty/kernel/drivers/net/vxlan/vxlan.ko
  INSTALL /home/potato/grafene/pomme/upstream/linux-hoolock/out-4k/modules-staging/lib/modules/7.0.12-gdfa4d4208131-dirty/kernel/drivers/net/usb/r8152.ko
  INSTALL /home/potato/grafene/pomme/upstream/linux-hoolock/out-4k/modules-staging/lib/modules/7.0.12-gdfa4d4208131-dirty/kernel/drivers/net/usb/asix.ko
  INSTALL /home/potato/grafene/pomme/upstream/linux-hoolock/out-4k/modules-staging/lib/modules/7.0.12-gdfa4d4208131-dirty/kernel/drivers/net/usb/ax88179_178a.ko
  INSTALL /home/potato/grafene/pomme/upstream/linux-hoolock/out-4k/modules-staging/lib/modules/7.0.12-gdfa4d4208131-dirty/kernel/drivers/net/usb/cdc_ether.ko
  INSTALL /home/potato/grafene/pomme/upstream/linux-hoolock/out-4k/modules-staging/lib/modules/7.0.12-gdfa4d4208131-dirty/kernel/drivers/net/usb/net1080.ko
  STRIP   /home/potato/grafene/pomme/upstream/linux-hoolock/out-4k/modules-staging/lib/modules/7.0.12-gdfa4d4208131-dirty/kernel/drivers/net/vxlan/vxlan.ko
  INSTALL /home/potato/grafene/pomme/upstream/linux-hoolock/out-4k/modules-staging/lib/modules/7.0.12-gdfa4d4208131-dirty/kernel/drivers/net/usb/rndis_host.ko
  STRIP   /home/potato/grafene/pomme/upstream/linux-hoolock/out-4k/modules-staging/lib/modules/7.0.12-gdfa4d4208131-dirty/kernel/drivers/net/usb/r8152.ko
  STRIP   /home/potato/grafene/pomme/upstream/linux-hoolock/out-4k/modules-staging/lib/modules/7.0.12-gdfa4d4208131-dirty/kernel/drivers/net/usb/cdc_ether.ko
  STRIP   /home/potato/grafene/pomme/upstream/linux-hoolock/out-4k/modules-staging/lib/modules/7.0.12-gdfa4d4208131-dirty/kernel/drivers/net/usb/asix.ko
  STRIP   /home/potato/grafene/pomme/upstream/linux-hoolock/out-4k/modules-staging/lib/modules/7.0.12-gdfa4d4208131-dirty/kernel/drivers/net/usb/ax88179_178a.ko
  INSTALL /home/potato/grafene/pomme/upstream/linux-hoolock/out-4k/modules-staging/lib/modules/7.0.12-gdfa4d4208131-dirty/kernel/drivers/net/usb/cdc_subset.ko
  STRIP   /home/potato/grafene/pomme/upstream/linux-hoolock/out-4k/modules-staging/lib/modules/7.0.12-gdfa4d4208131-dirty/kernel/drivers/net/usb/net1080.ko
  STRIP   /home/potato/grafene/pomme/upstream/linux-hoolock/out-4k/modules-staging/lib/modules/7.0.12-gdfa4d4208131-dirty/kernel/drivers/net/usb/rndis_host.ko
  STRIP   /home/potato/grafene/pomme/upstream/linux-hoolock/out-4k/modules-staging/lib/modules/7.0.12-gdfa4d4208131-dirty/kernel/drivers/net/usb/cdc_subset.ko
  INSTALL /home/potato/grafene/pomme/upstream/linux-hoolock/out-4k/modules-staging/lib/modules/7.0.12-gdfa4d4208131-dirty/kernel/drivers/net/usb/zaurus.ko
  INSTALL /home/potato/grafene/pomme/upstream/linux-hoolock/out-4k/modules-staging/lib/modules/7.0.12-gdfa4d4208131-dirty/kernel/drivers/net/usb/usbnet.ko
  INSTALL /home/potato/grafene/pomme/upstream/linux-hoolock/out-4k/modules-staging/lib/modules/7.0.12-gdfa4d4208131-dirty/kernel/drivers/net/usb/cdc_ncm.ko
  INSTALL /home/potato/grafene/pomme/upstream/linux-hoolock/out-4k/modules-staging/lib/modules/7.0.12-gdfa4d4208131-dirty/kernel/drivers/net/usb/r8153_ecm.ko
  INSTALL /home/potato/grafene/pomme/upstream/linux-hoolock/out-4k/modules-staging/lib/modules/7.0.12-gdfa4d4208131-dirty/kernel/drivers/usb/storage/uas.ko
  STRIP   /home/potato/grafene/pomme/upstream/linux-hoolock/out-4k/modules-staging/lib/modules/7.0.12-gdfa4d4208131-dirty/kernel/drivers/net/usb/zaurus.ko
  STRIP   /home/potato/grafene/pomme/upstream/linux-hoolock/out-4k/modules-staging/lib/modules/7.0.12-gdfa4d4208131-dirty/kernel/drivers/net/usb/usbnet.ko
  STRIP   /home/potato/grafene/pomme/upstream/linux-hoolock/out-4k/modules-staging/lib/modules/7.0.12-gdfa4d4208131-dirty/kernel/drivers/net/usb/cdc_ncm.ko
  STRIP   /home/potato/grafene/pomme/upstream/linux-hoolock/out-4k/modules-staging/lib/modules/7.0.12-gdfa4d4208131-dirty/kernel/drivers/net/usb/r8153_ecm.ko
  STRIP   /home/potato/grafene/pomme/upstream/linux-hoolock/out-4k/modules-staging/lib/modules/7.0.12-gdfa4d4208131-dirty/kernel/drivers/usb/storage/uas.ko
  INSTALL /home/potato/grafene/pomme/upstream/linux-hoolock/out-4k/modules-staging/lib/modules/7.0.12-gdfa4d4208131-dirty/kernel/drivers/usb/storage/usb-storage.ko
  INSTALL /home/potato/grafene/pomme/upstream/linux-hoolock/out-4k/modules-staging/lib/modules/7.0.12-gdfa4d4208131-dirty/kernel/drivers/usb/gadget/function/usb_f_serial.ko
  INSTALL /home/potato/grafene/pomme/upstream/linux-hoolock/out-4k/modules-staging/lib/modules/7.0.12-gdfa4d4208131-dirty/kernel/drivers/usb/gadget/function/usb_f_ncm.ko
  INSTALL /home/potato/grafene/pomme/upstream/linux-hoolock/out-4k/modules-staging/lib/modules/7.0.12-gdfa4d4208131-dirty/kernel/drivers/usb/gadget/function/usb_f_eem.ko
  INSTALL /home/potato/grafene/pomme/upstream/linux-hoolock/out-4k/modules-staging/lib/modules/7.0.12-gdfa4d4208131-dirty/kernel/drivers/usb/gadget/function/usb_f_rndis.ko
  INSTALL /home/potato/grafene/pomme/upstream/linux-hoolock/out-4k/modules-staging/lib/modules/7.0.12-gdfa4d4208131-dirty/kernel/drivers/usb/gadget/function/usb_f_fs.ko
  STRIP   /home/potato/grafene/pomme/upstream/linux-hoolock/out-4k/modules-staging/lib/modules/7.0.12-gdfa4d4208131-dirty/kernel/drivers/usb/storage/usb-storage.ko
  STRIP   /home/potato/grafene/pomme/upstream/linux-hoolock/out-4k/modules-staging/lib/modules/7.0.12-gdfa4d4208131-dirty/kernel/drivers/usb/gadget/function/usb_f_serial.ko
  INSTALL /home/potato/grafene/pomme/upstream/linux-hoolock/out-4k/modules-staging/lib/modules/7.0.12-gdfa4d4208131-dirty/kernel/drivers/usb/class/usblp.ko
  STRIP   /home/potato/grafene/pomme/upstream/linux-hoolock/out-4k/modules-staging/lib/modules/7.0.12-gdfa4d4208131-dirty/kernel/drivers/usb/gadget/function/usb_f_ncm.ko
  INSTALL /home/potato/grafene/pomme/upstream/linux-hoolock/out-4k/modules-staging/lib/modules/7.0.12-gdfa4d4208131-dirty/kernel/drivers/usb/serial/usbserial.ko
  STRIP   /home/potato/grafene/pomme/upstream/linux-hoolock/out-4k/modules-staging/lib/modules/7.0.12-gdfa4d4208131-dirty/kernel/drivers/usb/gadget/function/usb_f_eem.ko
  STRIP   /home/potato/grafene/pomme/upstream/linux-hoolock/out-4k/modules-staging/lib/modules/7.0.12-gdfa4d4208131-dirty/kernel/drivers/usb/gadget/function/usb_f_rndis.ko
  STRIP   /home/potato/grafene/pomme/upstream/linux-hoolock/out-4k/modules-staging/lib/modules/7.0.12-gdfa4d4208131-dirty/kernel/drivers/usb/gadget/function/usb_f_fs.ko
  STRIP   /home/potato/grafene/pomme/upstream/linux-hoolock/out-4k/modules-staging/lib/modules/7.0.12-gdfa4d4208131-dirty/kernel/drivers/usb/class/usblp.ko
  INSTALL /home/potato/grafene/pomme/upstream/linux-hoolock/out-4k/modules-staging/lib/modules/7.0.12-gdfa4d4208131-dirty/kernel/drivers/usb/serial/cp210x.ko
  STRIP   /home/potato/grafene/pomme/upstream/linux-hoolock/out-4k/modules-staging/lib/modules/7.0.12-gdfa4d4208131-dirty/kernel/drivers/usb/serial/usbserial.ko
  INSTALL /home/potato/grafene/pomme/upstream/linux-hoolock/out-4k/modules-staging/lib/modules/7.0.12-gdfa4d4208131-dirty/kernel/drivers/usb/serial/usb-serial-simple.ko
  INSTALL /home/potato/grafene/pomme/upstream/linux-hoolock/out-4k/modules-staging/lib/modules/7.0.12-gdfa4d4208131-dirty/kernel/drivers/input/joystick/xpad.ko
  STRIP   /home/potato/grafene/pomme/upstream/linux-hoolock/out-4k/modules-staging/lib/modules/7.0.12-gdfa4d4208131-dirty/kernel/drivers/usb/serial/cp210x.ko
  INSTALL /home/potato/grafene/pomme/upstream/linux-hoolock/out-4k/modules-staging/lib/modules/7.0.12-gdfa4d4208131-dirty/kernel/drivers/input/ff-memless.ko
  INSTALL /home/potato/grafene/pomme/upstream/linux-hoolock/out-4k/modules-staging/lib/modules/7.0.12-gdfa4d4208131-dirty/kernel/drivers/input/vivaldi-fmap.ko
  INSTALL /home/potato/grafene/pomme/upstream/linux-hoolock/out-4k/modules-staging/lib/modules/7.0.12-gdfa4d4208131-dirty/kernel/drivers/input/input-leds.ko
  STRIP   /home/potato/grafene/pomme/upstream/linux-hoolock/out-4k/modules-staging/lib/modules/7.0.12-gdfa4d4208131-dirty/kernel/drivers/usb/serial/usb-serial-simple.ko
  STRIP   /home/potato/grafene/pomme/upstream/linux-hoolock/out-4k/modules-staging/lib/modules/7.0.12-gdfa4d4208131-dirty/kernel/drivers/input/joystick/xpad.ko
  INSTALL /home/potato/grafene/pomme/upstream/linux-hoolock/out-4k/modules-staging/lib/modules/7.0.12-gdfa4d4208131-dirty/kernel/drivers/input/evdev.ko
  INSTALL /home/potato/grafene/pomme/upstream/linux-hoolock/out-4k/modules-staging/lib/modules/7.0.12-gdfa4d4208131-dirty/kernel/drivers/input/rmi4/rmi_core.ko
  STRIP   /home/potato/grafene/pomme/upstream/linux-hoolock/out-4k/modules-staging/lib/modules/7.0.12-gdfa4d4208131-dirty/kernel/drivers/input/ff-memless.ko
  STRIP   /home/potato/grafene/pomme/upstream/linux-hoolock/out-4k/modules-staging/lib/modules/7.0.12-gdfa4d4208131-dirty/kernel/drivers/input/vivaldi-fmap.ko
  STRIP   /home/potato/grafene/pomme/upstream/linux-hoolock/out-4k/modules-staging/lib/modules/7.0.12-gdfa4d4208131-dirty/kernel/drivers/input/input-leds.ko
  INSTALL /home/potato/grafene/pomme/upstream/linux-hoolock/out-4k/modules-staging/lib/modules/7.0.12-gdfa4d4208131-dirty/kernel/drivers/md/dm-bufio.ko
  STRIP   /home/potato/grafene/pomme/upstream/linux-hoolock/out-4k/modules-staging/lib/modules/7.0.12-gdfa4d4208131-dirty/kernel/drivers/input/evdev.ko
  INSTALL /home/potato/grafene/pomme/upstream/linux-hoolock/out-4k/modules-staging/lib/modules/7.0.12-gdfa4d4208131-dirty/kernel/drivers/md/dm-bio-prison.ko
  STRIP   /home/potato/grafene/pomme/upstream/linux-hoolock/out-4k/modules-staging/lib/modules/7.0.12-gdfa4d4208131-dirty/kernel/drivers/input/rmi4/rmi_core.ko
  STRIP   /home/potato/grafene/pomme/upstream/linux-hoolock/out-4k/modules-staging/lib/modules/7.0.12-gdfa4d4208131-dirty/kernel/drivers/md/dm-bufio.ko
  INSTALL /home/potato/grafene/pomme/upstream/linux-hoolock/out-4k/modules-staging/lib/modules/7.0.12-gdfa4d4208131-dirty/kernel/drivers/md/persistent-data/dm-persistent-data.ko
  INSTALL /home/potato/grafene/pomme/upstream/linux-hoolock/out-4k/modules-staging/lib/modules/7.0.12-gdfa4d4208131-dirty/kernel/drivers/md/dm-thin-pool.ko
  STRIP   /home/potato/grafene/pomme/upstream/linux-hoolock/out-4k/modules-staging/lib/modules/7.0.12-gdfa4d4208131-dirty/kernel/drivers/md/dm-bio-prison.ko
  INSTALL /home/potato/grafene/pomme/upstream/linux-hoolock/out-4k/modules-staging/lib/modules/7.0.12-gdfa4d4208131-dirty/kernel/drivers/md/dm-verity.ko
  INSTALL /home/potato/grafene/pomme/upstream/linux-hoolock/out-4k/modules-staging/lib/modules/7.0.12-gdfa4d4208131-dirty/kernel/drivers/md/dm-integrity.ko
  INSTALL /home/potato/grafene/pomme/upstream/linux-hoolock/out-4k/modules-staging/lib/modules/7.0.12-gdfa4d4208131-dirty/kernel/drivers/accessibility/speakup/speakup_acntsa.ko
  STRIP   /home/potato/grafene/pomme/upstream/linux-hoolock/out-4k/modules-staging/lib/modules/7.0.12-gdfa4d4208131-dirty/kernel/drivers/md/persistent-data/dm-persistent-data.ko
  INSTALL /home/potato/grafene/pomme/upstream/linux-hoolock/out-4k/modules-staging/lib/modules/7.0.12-gdfa4d4208131-dirty/kernel/drivers/accessibility/speakup/speakup_apollo.ko
  STRIP   /home/potato/grafene/pomme/upstream/linux-hoolock/out-4k/modules-staging/lib/modules/7.0.12-gdfa4d4208131-dirty/kernel/drivers/md/dm-thin-pool.ko
  INSTALL /home/potato/grafene/pomme/upstream/linux-hoolock/out-4k/modules-staging/lib/modules/7.0.12-gdfa4d4208131-dirty/kernel/drivers/accessibility/speakup/speakup_audptr.ko
  STRIP   /home/potato/grafene/pomme/upstream/linux-hoolock/out-4k/modules-staging/lib/modules/7.0.12-gdfa4d4208131-dirty/kernel/drivers/md/dm-verity.ko
  STRIP   /home/potato/grafene/pomme/upstream/linux-hoolock/out-4k/modules-staging/lib/modules/7.0.12-gdfa4d4208131-dirty/kernel/drivers/md/dm-integrity.ko
  STRIP   /home/potato/grafene/pomme/upstream/linux-hoolock/out-4k/modules-staging/lib/modules/7.0.12-gdfa4d4208131-dirty/kernel/drivers/accessibility/speakup/speakup_acntsa.ko
  INSTALL /home/potato/grafene/pomme/upstream/linux-hoolock/out-4k/modules-staging/lib/modules/7.0.12-gdfa4d4208131-dirty/kernel/drivers/accessibility/speakup/speakup_bns.ko
  STRIP   /home/potato/grafene/pomme/upstream/linux-hoolock/out-4k/modules-staging/lib/modules/7.0.12-gdfa4d4208131-dirty/kernel/drivers/accessibility/speakup/speakup_apollo.ko
  STRIP   /home/potato/grafene/pomme/upstream/linux-hoolock/out-4k/modules-staging/lib/modules/7.0.12-gdfa4d4208131-dirty/kernel/drivers/accessibility/speakup/speakup_bns.ko
  STRIP   /home/potato/grafene/pomme/upstream/linux-hoolock/out-4k/modules-staging/lib/modules/7.0.12-gdfa4d4208131-dirty/kernel/drivers/accessibility/speakup/speakup_audptr.ko
  INSTALL /home/potato/grafene/pomme/upstream/linux-hoolock/out-4k/modules-staging/lib/modules/7.0.12-gdfa4d4208131-dirty/kernel/drivers/accessibility/speakup/speakup_dectlk.ko
  INSTALL /home/potato/grafene/pomme/upstream/linux-hoolock/out-4k/modules-staging/lib/modules/7.0.12-gdfa4d4208131-dirty/kernel/drivers/accessibility/speakup/speakup_decext.ko
  INSTALL /home/potato/grafene/pomme/upstream/linux-hoolock/out-4k/modules-staging/lib/modules/7.0.12-gdfa4d4208131-dirty/kernel/drivers/accessibility/speakup/speakup_ltlk.ko
  INSTALL /home/potato/grafene/pomme/upstream/linux-hoolock/out-4k/modules-staging/lib/modules/7.0.12-gdfa4d4208131-dirty/kernel/drivers/accessibility/speakup/speakup_soft.ko
  INSTALL /home/potato/grafene/pomme/upstream/linux-hoolock/out-4k/modules-staging/lib/modules/7.0.12-gdfa4d4208131-dirty/kernel/drivers/accessibility/speakup/speakup_spkout.ko
  INSTALL /home/potato/grafene/pomme/upstream/linux-hoolock/out-4k/modules-staging/lib/modules/7.0.12-gdfa4d4208131-dirty/kernel/drivers/accessibility/speakup/speakup_txprt.ko
  STRIP   /home/potato/grafene/pomme/upstream/linux-hoolock/out-4k/modules-staging/lib/modules/7.0.12-gdfa4d4208131-dirty/kernel/drivers/accessibility/speakup/speakup_dectlk.ko
  STRIP   /home/potato/grafene/pomme/upstream/linux-hoolock/out-4k/modules-staging/lib/modules/7.0.12-gdfa4d4208131-dirty/kernel/drivers/accessibility/speakup/speakup_decext.ko
  STRIP   /home/potato/grafene/pomme/upstream/linux-hoolock/out-4k/modules-staging/lib/modules/7.0.12-gdfa4d4208131-dirty/kernel/drivers/accessibility/speakup/speakup_ltlk.ko
  STRIP   /home/potato/grafene/pomme/upstream/linux-hoolock/out-4k/modules-staging/lib/modules/7.0.12-gdfa4d4208131-dirty/kernel/drivers/accessibility/speakup/speakup_soft.ko
  STRIP   /home/potato/grafene/pomme/upstream/linux-hoolock/out-4k/modules-staging/lib/modules/7.0.12-gdfa4d4208131-dirty/kernel/drivers/accessibility/speakup/speakup_spkout.ko
  STRIP   /home/potato/grafene/pomme/upstream/linux-hoolock/out-4k/modules-staging/lib/modules/7.0.12-gdfa4d4208131-dirty/kernel/drivers/accessibility/speakup/speakup_txprt.ko
  INSTALL /home/potato/grafene/pomme/upstream/linux-hoolock/out-4k/modules-staging/lib/modules/7.0.12-gdfa4d4208131-dirty/kernel/drivers/accessibility/speakup/speakup.ko
  INSTALL /home/potato/grafene/pomme/upstream/linux-hoolock/out-4k/modules-staging/lib/modules/7.0.12-gdfa4d4208131-dirty/kernel/drivers/hid/uhid.ko
  INSTALL /home/potato/grafene/pomme/upstream/linux-hoolock/out-4k/modules-staging/lib/modules/7.0.12-gdfa4d4208131-dirty/kernel/drivers/hid/hid-generic.ko
  INSTALL /home/potato/grafene/pomme/upstream/linux-hoolock/out-4k/modules-staging/lib/modules/7.0.12-gdfa4d4208131-dirty/kernel/drivers/hid/hid-a4tech.ko
  INSTALL /home/potato/grafene/pomme/upstream/linux-hoolock/out-4k/modules-staging/lib/modules/7.0.12-gdfa4d4208131-dirty/kernel/drivers/hid/hid-accutouch.ko
  INSTALL /home/potato/grafene/pomme/upstream/linux-hoolock/out-4k/modules-staging/lib/modules/7.0.12-gdfa4d4208131-dirty/kernel/drivers/hid/hid-alps.ko
  STRIP   /home/potato/grafene/pomme/upstream/linux-hoolock/out-4k/modules-staging/lib/modules/7.0.12-gdfa4d4208131-dirty/kernel/drivers/hid/uhid.ko
  STRIP   /home/potato/grafene/pomme/upstream/linux-hoolock/out-4k/modules-staging/lib/modules/7.0.12-gdfa4d4208131-dirty/kernel/drivers/accessibility/speakup/speakup.ko
  STRIP   /home/potato/grafene/pomme/upstream/linux-hoolock/out-4k/modules-staging/lib/modules/7.0.12-gdfa4d4208131-dirty/kernel/drivers/hid/hid-generic.ko
  STRIP   /home/potato/grafene/pomme/upstream/linux-hoolock/out-4k/modules-staging/lib/modules/7.0.12-gdfa4d4208131-dirty/kernel/drivers/hid/hid-a4tech.ko
  STRIP   /home/potato/grafene/pomme/upstream/linux-hoolock/out-4k/modules-staging/lib/modules/7.0.12-gdfa4d4208131-dirty/kernel/drivers/hid/hid-accutouch.ko
  STRIP   /home/potato/grafene/pomme/upstream/linux-hoolock/out-4k/modules-staging/lib/modules/7.0.12-gdfa4d4208131-dirty/kernel/drivers/hid/hid-alps.ko
  INSTALL /home/potato/grafene/pomme/upstream/linux-hoolock/out-4k/modules-staging/lib/modules/7.0.12-gdfa4d4208131-dirty/kernel/drivers/hid/hid-axff.ko
  INSTALL /home/potato/grafene/pomme/upstream/linux-hoolock/out-4k/modules-staging/lib/modules/7.0.12-gdfa4d4208131-dirty/kernel/drivers/hid/hid-apple.ko
  INSTALL /home/potato/grafene/pomme/upstream/linux-hoolock/out-4k/modules-staging/lib/modules/7.0.12-gdfa4d4208131-dirty/kernel/drivers/hid/hid-appleir.ko
  STRIP   /home/potato/grafene/pomme/upstream/linux-hoolock/out-4k/modules-staging/lib/modules/7.0.12-gdfa4d4208131-dirty/kernel/drivers/hid/hid-axff.ko
  STRIP   /home/potato/grafene/pomme/upstream/linux-hoolock/out-4k/modules-staging/lib/modules/7.0.12-gdfa4d4208131-dirty/kernel/drivers/hid/hid-apple.ko
  STRIP   /home/potato/grafene/pomme/upstream/linux-hoolock/out-4k/modules-staging/lib/modules/7.0.12-gdfa4d4208131-dirty/kernel/drivers/hid/hid-appleir.ko
  INSTALL /home/potato/grafene/pomme/upstream/linux-hoolock/out-4k/modules-staging/lib/modules/7.0.12-gdfa4d4208131-dirty/kernel/drivers/hid/hid-creative-sb0540.ko
  INSTALL /home/potato/grafene/pomme/upstream/linux-hoolock/out-4k/modules-staging/lib/modules/7.0.12-gdfa4d4208131-dirty/kernel/drivers/hid/hid-aureal.ko
  STRIP   /home/potato/grafene/pomme/upstream/linux-hoolock/out-4k/modules-staging/lib/modules/7.0.12-gdfa4d4208131-dirty/kernel/drivers/hid/hid-creative-sb0540.ko
  STRIP   /home/potato/grafene/pomme/upstream/linux-hoolock/out-4k/modules-staging/lib/modules/7.0.12-gdfa4d4208131-dirty/kernel/drivers/hid/hid-aureal.ko
  INSTALL /home/potato/grafene/pomme/upstream/linux-hoolock/out-4k/modules-staging/lib/modules/7.0.12-gdfa4d4208131-dirty/kernel/drivers/hid/hid-belkin.ko
  STRIP   /home/potato/grafene/pomme/upstream/linux-hoolock/out-4k/modules-staging/lib/modules/7.0.12-gdfa4d4208131-dirty/kernel/drivers/hid/hid-belkin.ko
  INSTALL /home/potato/grafene/pomme/upstream/linux-hoolock/out-4k/modules-staging/lib/modules/7.0.12-gdfa4d4208131-dirty/kernel/drivers/hid/hid-betopff.ko
  INSTALL /home/potato/grafene/pomme/upstream/linux-hoolock/out-4k/modules-staging/lib/modules/7.0.12-gdfa4d4208131-dirty/kernel/drivers/hid/hid-bigbenff.ko
  INSTALL /home/potato/grafene/pomme/upstream/linux-hoolock/out-4k/modules-staging/lib/modules/7.0.12-gdfa4d4208131-dirty/kernel/drivers/hid/hid-cherry.ko
  INSTALL /home/potato/grafene/pomme/upstream/linux-hoolock/out-4k/modules-staging/lib/modules/7.0.12-gdfa4d4208131-dirty/kernel/drivers/hid/hid-chicony.ko
  INSTALL /home/potato/grafene/pomme/upstream/linux-hoolock/out-4k/modules-staging/lib/modules/7.0.12-gdfa4d4208131-dirty/kernel/drivers/hid/hid-cmedia.ko
  INSTALL /home/potato/grafene/pomme/upstream/linux-hoolock/out-4k/modules-staging/lib/modules/7.0.12-gdfa4d4208131-dirty/kernel/drivers/hid/hid-corsair.ko
  STRIP   /home/potato/grafene/pomme/upstream/linux-hoolock/out-4k/modules-staging/lib/modules/7.0.12-gdfa4d4208131-dirty/kernel/drivers/hid/hid-betopff.ko
  STRIP   /home/potato/grafene/pomme/upstream/linux-hoolock/out-4k/modules-staging/lib/modules/7.0.12-gdfa4d4208131-dirty/kernel/drivers/hid/hid-bigbenff.ko
  STRIP   /home/potato/grafene/pomme/upstream/linux-hoolock/out-4k/modules-staging/lib/modules/7.0.12-gdfa4d4208131-dirty/kernel/drivers/hid/hid-cherry.ko
  STRIP   /home/potato/grafene/pomme/upstream/linux-hoolock/out-4k/modules-staging/lib/modules/7.0.12-gdfa4d4208131-dirty/kernel/drivers/hid/hid-chicony.ko
  STRIP   /home/potato/grafene/pomme/upstream/linux-hoolock/out-4k/modules-staging/lib/modules/7.0.12-gdfa4d4208131-dirty/kernel/drivers/hid/hid-cmedia.ko
  STRIP   /home/potato/grafene/pomme/upstream/linux-hoolock/out-4k/modules-staging/lib/modules/7.0.12-gdfa4d4208131-dirty/kernel/drivers/hid/hid-corsair.ko
  INSTALL /home/potato/grafene/pomme/upstream/linux-hoolock/out-4k/modules-staging/lib/modules/7.0.12-gdfa4d4208131-dirty/kernel/drivers/hid/hid-corsair-void.ko
  INSTALL /home/potato/grafene/pomme/upstream/linux-hoolock/out-4k/modules-staging/lib/modules/7.0.12-gdfa4d4208131-dirty/kernel/drivers/hid/hid-cougar.ko
  STRIP   /home/potato/grafene/pomme/upstream/linux-hoolock/out-4k/modules-staging/lib/modules/7.0.12-gdfa4d4208131-dirty/kernel/drivers/hid/hid-corsair-void.ko
  STRIP   /home/potato/grafene/pomme/upstream/linux-hoolock/out-4k/modules-staging/lib/modules/7.0.12-gdfa4d4208131-dirty/kernel/drivers/hid/hid-cougar.ko
  INSTALL /home/potato/grafene/pomme/upstream/linux-hoolock/out-4k/modules-staging/lib/modules/7.0.12-gdfa4d4208131-dirty/kernel/drivers/hid/hid-cp2112.ko
  STRIP   /home/potato/grafene/pomme/upstream/linux-hoolock/out-4k/modules-staging/lib/modules/7.0.12-gdfa4d4208131-dirty/kernel/drivers/hid/hid-cp2112.ko
  INSTALL /home/potato/grafene/pomme/upstream/linux-hoolock/out-4k/modules-staging/lib/modules/7.0.12-gdfa4d4208131-dirty/kernel/drivers/hid/hid-cypress.ko
  INSTALL /home/potato/grafene/pomme/upstream/linux-hoolock/out-4k/modules-staging/lib/modules/7.0.12-gdfa4d4208131-dirty/kernel/drivers/hid/hid-dr.ko
  INSTALL /home/potato/grafene/pomme/upstream/linux-hoolock/out-4k/modules-staging/lib/modules/7.0.12-gdfa4d4208131-dirty/kernel/drivers/hid/hid-emsff.ko
  INSTALL /home/potato/grafene/pomme/upstream/linux-hoolock/out-4k/modules-staging/lib/modules/7.0.12-gdfa4d4208131-dirty/kernel/drivers/hid/hid-elan.ko
  INSTALL /home/potato/grafene/pomme/upstream/linux-hoolock/out-4k/modules-staging/lib/modules/7.0.12-gdfa4d4208131-dirty/kernel/drivers/hid/hid-elecom.ko
  INSTALL /home/potato/grafene/pomme/upstream/linux-hoolock/out-4k/modules-staging/lib/modules/7.0.12-gdfa4d4208131-dirty/kernel/drivers/hid/hid-elo.ko
  STRIP   /home/potato/grafene/pomme/upstream/linux-hoolock/out-4k/modules-staging/lib/modules/7.0.12-gdfa4d4208131-dirty/kernel/drivers/hid/hid-cypress.ko
  STRIP   /home/potato/grafene/pomme/upstream/linux-hoolock/out-4k/modules-staging/lib/modules/7.0.12-gdfa4d4208131-dirty/kernel/drivers/hid/hid-dr.ko
  INSTALL /home/potato/grafene/pomme/upstream/linux-hoolock/out-4k/modules-staging/lib/modules/7.0.12-gdfa4d4208131-dirty/kernel/drivers/hid/hid-evision.ko
  INSTALL /home/potato/grafene/pomme/upstream/linux-hoolock/out-4k/modules-staging/lib/modules/7.0.12-gdfa4d4208131-dirty/kernel/drivers/hid/hid-ezkey.ko
  STRIP   /home/potato/grafene/pomme/upstream/linux-hoolock/out-4k/modules-staging/lib/modules/7.0.12-gdfa4d4208131-dirty/kernel/drivers/hid/hid-emsff.ko
  STRIP   /home/potato/grafene/pomme/upstream/linux-hoolock/out-4k/modules-staging/lib/modules/7.0.12-gdfa4d4208131-dirty/kernel/drivers/hid/hid-elan.ko
  STRIP   /home/potato/grafene/pomme/upstream/linux-hoolock/out-4k/modules-staging/lib/modules/7.0.12-gdfa4d4208131-dirty/kernel/drivers/hid/hid-elecom.ko
  STRIP   /home/potato/grafene/pomme/upstream/linux-hoolock/out-4k/modules-staging/lib/modules/7.0.12-gdfa4d4208131-dirty/kernel/drivers/hid/hid-elo.ko
  STRIP   /home/potato/grafene/pomme/upstream/linux-hoolock/out-4k/modules-staging/lib/modules/7.0.12-gdfa4d4208131-dirty/kernel/drivers/hid/hid-evision.ko
  INSTALL /home/potato/grafene/pomme/upstream/linux-hoolock/out-4k/modules-staging/lib/modules/7.0.12-gdfa4d4208131-dirty/kernel/drivers/hid/hid-ft260.ko
  STRIP   /home/potato/grafene/pomme/upstream/linux-hoolock/out-4k/modules-staging/lib/modules/7.0.12-gdfa4d4208131-dirty/kernel/drivers/hid/hid-ezkey.ko
  INSTALL /home/potato/grafene/pomme/upstream/linux-hoolock/out-4k/modules-staging/lib/modules/7.0.12-gdfa4d4208131-dirty/kernel/drivers/hid/hid-gembird.ko
  INSTALL /home/potato/grafene/pomme/upstream/linux-hoolock/out-4k/modules-staging/lib/modules/7.0.12-gdfa4d4208131-dirty/kernel/drivers/hid/hid-gfrm.ko
  STRIP   /home/potato/grafene/pomme/upstream/linux-hoolock/out-4k/modules-staging/lib/modules/7.0.12-gdfa4d4208131-dirty/kernel/drivers/hid/hid-ft260.ko
  INSTALL /home/potato/grafene/pomme/upstream/linux-hoolock/out-4k/modules-staging/lib/modules/7.0.12-gdfa4d4208131-dirty/kernel/drivers/hid/hid-glorious.ko
  INSTALL /home/potato/grafene/pomme/upstream/linux-hoolock/out-4k/modules-staging/lib/modules/7.0.12-gdfa4d4208131-dirty/kernel/drivers/hid/hid-vivaldi-common.ko
  STRIP   /home/potato/grafene/pomme/upstream/linux-hoolock/out-4k/modules-staging/lib/modules/7.0.12-gdfa4d4208131-dirty/kernel/drivers/hid/hid-gembird.ko
  INSTALL /home/potato/grafene/pomme/upstream/linux-hoolock/out-4k/modules-staging/lib/modules/7.0.12-gdfa4d4208131-dirty/kernel/drivers/hid/hid-goodix-spi.ko
  INSTALL /home/potato/grafene/pomme/upstream/linux-hoolock/out-4k/modules-staging/lib/modules/7.0.12-gdfa4d4208131-dirty/kernel/drivers/hid/hid-google-stadiaff.ko
  STRIP   /home/potato/grafene/pomme/upstream/linux-hoolock/out-4k/modules-staging/lib/modules/7.0.12-gdfa4d4208131-dirty/kernel/drivers/hid/hid-gfrm.ko
  STRIP   /home/potato/grafene/pomme/upstream/linux-hoolock/out-4k/modules-staging/lib/modules/7.0.12-gdfa4d4208131-dirty/kernel/drivers/hid/hid-glorious.ko
  STRIP   /home/potato/grafene/pomme/upstream/linux-hoolock/out-4k/modules-staging/lib/modules/7.0.12-gdfa4d4208131-dirty/kernel/drivers/hid/hid-vivaldi-common.ko
  STRIP   /home/potato/grafene/pomme/upstream/linux-hoolock/out-4k/modules-staging/lib/modules/7.0.12-gdfa4d4208131-dirty/kernel/drivers/hid/hid-goodix-spi.ko
  STRIP   /home/potato/grafene/pomme/upstream/linux-hoolock/out-4k/modules-staging/lib/modules/7.0.12-gdfa4d4208131-dirty/kernel/drivers/hid/hid-google-stadiaff.ko
  INSTALL /home/potato/grafene/pomme/upstream/linux-hoolock/out-4k/modules-staging/lib/modules/7.0.12-gdfa4d4208131-dirty/kernel/drivers/hid/hid-vivaldi.ko
  INSTALL /home/potato/grafene/pomme/upstream/linux-hoolock/out-4k/modules-staging/lib/modules/7.0.12-gdfa4d4208131-dirty/kernel/drivers/hid/hid-gt683r.ko
  INSTALL /home/potato/grafene/pomme/upstream/linux-hoolock/out-4k/modules-staging/lib/modules/7.0.12-gdfa4d4208131-dirty/kernel/drivers/hid/hid-gyration.ko
  INSTALL /home/potato/grafene/pomme/upstream/linux-hoolock/out-4k/modules-staging/lib/modules/7.0.12-gdfa4d4208131-dirty/kernel/drivers/hid/hid-holtek-kbd.ko
  INSTALL /home/potato/grafene/pomme/upstream/linux-hoolock/out-4k/modules-staging/lib/modules/7.0.12-gdfa4d4208131-dirty/kernel/drivers/hid/hid-holtek-mouse.ko
  STRIP   /home/potato/grafene/pomme/upstream/linux-hoolock/out-4k/modules-staging/lib/modules/7.0.12-gdfa4d4208131-dirty/kernel/drivers/hid/hid-vivaldi.ko
  INSTALL /home/potato/grafene/pomme/upstream/linux-hoolock/out-4k/modules-staging/lib/modules/7.0.12-gdfa4d4208131-dirty/kernel/drivers/hid/hid-holtekff.ko
  STRIP   /home/potato/grafene/pomme/upstream/linux-hoolock/out-4k/modules-staging/lib/modules/7.0.12-gdfa4d4208131-dirty/kernel/drivers/hid/hid-gt683r.ko
  INSTALL /home/potato/grafene/pomme/upstream/linux-hoolock/out-4k/modules-staging/lib/modules/7.0.12-gdfa4d4208131-dirty/kernel/drivers/hid/hid-icade.ko
  STRIP   /home/potato/grafene/pomme/upstream/linux-hoolock/out-4k/modules-staging/lib/modules/7.0.12-gdfa4d4208131-dirty/kernel/drivers/hid/hid-gyration.ko
  STRIP   /home/potato/grafene/pomme/upstream/linux-hoolock/out-4k/modules-staging/lib/modules/7.0.12-gdfa4d4208131-dirty/kernel/drivers/hid/hid-holtek-kbd.ko
  STRIP   /home/potato/grafene/pomme/upstream/linux-hoolock/out-4k/modules-staging/lib/modules/7.0.12-gdfa4d4208131-dirty/kernel/drivers/hid/hid-holtekff.ko
  STRIP   /home/potato/grafene/pomme/upstream/linux-hoolock/out-4k/modules-staging/lib/modules/7.0.12-gdfa4d4208131-dirty/kernel/drivers/hid/hid-icade.ko
  STRIP   /home/potato/grafene/pomme/upstream/linux-hoolock/out-4k/modules-staging/lib/modules/7.0.12-gdfa4d4208131-dirty/kernel/drivers/hid/hid-holtek-mouse.ko
  INSTALL /home/potato/grafene/pomme/upstream/linux-hoolock/out-4k/modules-staging/lib/modules/7.0.12-gdfa4d4208131-dirty/kernel/drivers/hid/hid-ite.ko
  INSTALL /home/potato/grafene/pomme/upstream/linux-hoolock/out-4k/modules-staging/lib/modules/7.0.12-gdfa4d4208131-dirty/kernel/drivers/hid/hid-jabra.ko
  INSTALL /home/potato/grafene/pomme/upstream/linux-hoolock/out-4k/modules-staging/lib/modules/7.0.12-gdfa4d4208131-dirty/kernel/drivers/hid/hid-kensington.ko
  INSTALL /home/potato/grafene/pomme/upstream/linux-hoolock/out-4k/modules-staging/lib/modules/7.0.12-gdfa4d4208131-dirty/kernel/drivers/hid/hid-keytouch.ko
  STRIP   /home/potato/grafene/pomme/upstream/linux-hoolock/out-4k/modules-staging/lib/modules/7.0.12-gdfa4d4208131-dirty/kernel/drivers/hid/hid-ite.ko
  INSTALL /home/potato/grafene/pomme/upstream/linux-hoolock/out-4k/modules-staging/lib/modules/7.0.12-gdfa4d4208131-dirty/kernel/drivers/hid/hid-kye.ko
  STRIP   /home/potato/grafene/pomme/upstream/linux-hoolock/out-4k/modules-staging/lib/modules/7.0.12-gdfa4d4208131-dirty/kernel/drivers/hid/hid-jabra.ko
  INSTALL /home/potato/grafene/pomme/upstream/linux-hoolock/out-4k/modules-staging/lib/modules/7.0.12-gdfa4d4208131-dirty/kernel/drivers/hid/hid-lcpower.ko
  INSTALL /home/potato/grafene/pomme/upstream/linux-hoolock/out-4k/modules-staging/lib/modules/7.0.12-gdfa4d4208131-dirty/kernel/drivers/hid/hid-letsketch.ko
  STRIP   /home/potato/grafene/pomme/upstream/linux-hoolock/out-4k/modules-staging/lib/modules/7.0.12-gdfa4d4208131-dirty/kernel/drivers/hid/hid-kensington.ko
  STRIP   /home/potato/grafene/pomme/upstream/linux-hoolock/out-4k/modules-staging/lib/modules/7.0.12-gdfa4d4208131-dirty/kernel/drivers/hid/hid-keytouch.ko
  INSTALL /home/potato/grafene/pomme/upstream/linux-hoolock/out-4k/modules-staging/lib/modules/7.0.12-gdfa4d4208131-dirty/kernel/drivers/hid/hid-logitech.ko
  STRIP   /home/potato/grafene/pomme/upstream/linux-hoolock/out-4k/modules-staging/lib/modules/7.0.12-gdfa4d4208131-dirty/kernel/drivers/hid/hid-kye.ko
  STRIP   /home/potato/grafene/pomme/upstream/linux-hoolock/out-4k/modules-staging/lib/modules/7.0.12-gdfa4d4208131-dirty/kernel/drivers/hid/hid-letsketch.ko
  INSTALL /home/potato/grafene/pomme/upstream/linux-hoolock/out-4k/modules-staging/lib/modules/7.0.12-gdfa4d4208131-dirty/kernel/drivers/hid/hid-lg-g15.ko
  STRIP   /home/potato/grafene/pomme/upstream/linux-hoolock/out-4k/modules-staging/lib/modules/7.0.12-gdfa4d4208131-dirty/kernel/drivers/hid/hid-logitech.ko
  STRIP   /home/potato/grafene/pomme/upstream/linux-hoolock/out-4k/modules-staging/lib/modules/7.0.12-gdfa4d4208131-dirty/kernel/drivers/hid/hid-lcpower.ko
  INSTALL /home/potato/grafene/pomme/upstream/linux-hoolock/out-4k/modules-staging/lib/modules/7.0.12-gdfa4d4208131-dirty/kernel/drivers/hid/hid-logitech-dj.ko
  INSTALL /home/potato/grafene/pomme/upstream/linux-hoolock/out-4k/modules-staging/lib/modules/7.0.12-gdfa4d4208131-dirty/kernel/drivers/hid/hid-logitech-hidpp.ko
  STRIP   /home/potato/grafene/pomme/upstream/linux-hoolock/out-4k/modules-staging/lib/modules/7.0.12-gdfa4d4208131-dirty/kernel/drivers/hid/hid-lg-g15.ko
  INSTALL /home/potato/grafene/pomme/upstream/linux-hoolock/out-4k/modules-staging/lib/modules/7.0.12-gdfa4d4208131-dirty/kernel/drivers/hid/hid-macally.ko
  INSTALL /home/potato/grafene/pomme/upstream/linux-hoolock/out-4k/modules-staging/lib/modules/7.0.12-gdfa4d4208131-dirty/kernel/drivers/hid/hid-magicmouse.ko
  INSTALL /home/potato/grafene/pomme/upstream/linux-hoolock/out-4k/modules-staging/lib/modules/7.0.12-gdfa4d4208131-dirty/kernel/drivers/hid/hid-maltron.ko
  INSTALL /home/potato/grafene/pomme/upstream/linux-hoolock/out-4k/modules-staging/lib/modules/7.0.12-gdfa4d4208131-dirty/kernel/drivers/hid/hid-mcp2221.ko
  STRIP   /home/potato/grafene/pomme/upstream/linux-hoolock/out-4k/modules-staging/lib/modules/7.0.12-gdfa4d4208131-dirty/kernel/drivers/hid/hid-logitech-dj.ko
  STRIP   /home/potato/grafene/pomme/upstream/linux-hoolock/out-4k/modules-staging/lib/modules/7.0.12-gdfa4d4208131-dirty/kernel/drivers/hid/hid-logitech-hidpp.ko
  STRIP   /home/potato/grafene/pomme/upstream/linux-hoolock/out-4k/modules-staging/lib/modules/7.0.12-gdfa4d4208131-dirty/kernel/drivers/hid/hid-macally.ko
  INSTALL /home/potato/grafene/pomme/upstream/linux-hoolock/out-4k/modules-staging/lib/modules/7.0.12-gdfa4d4208131-dirty/kernel/drivers/hid/hid-mf.ko
  STRIP   /home/potato/grafene/pomme/upstream/linux-hoolock/out-4k/modules-staging/lib/modules/7.0.12-gdfa4d4208131-dirty/kernel/drivers/hid/hid-magicmouse.ko
  STRIP   /home/potato/grafene/pomme/upstream/linux-hoolock/out-4k/modules-staging/lib/modules/7.0.12-gdfa4d4208131-dirty/kernel/drivers/hid/hid-mcp2221.ko
  STRIP   /home/potato/grafene/pomme/upstream/linux-hoolock/out-4k/modules-staging/lib/modules/7.0.12-gdfa4d4208131-dirty/kernel/drivers/hid/hid-maltron.ko
  INSTALL /home/potato/grafene/pomme/upstream/linux-hoolock/out-4k/modules-staging/lib/modules/7.0.12-gdfa4d4208131-dirty/kernel/drivers/hid/hid-megaworld.ko
  INSTALL /home/potato/grafene/pomme/upstream/linux-hoolock/out-4k/modules-staging/lib/modules/7.0.12-gdfa4d4208131-dirty/kernel/drivers/hid/hid-microsoft.ko
  STRIP   /home/potato/grafene/pomme/upstream/linux-hoolock/out-4k/modules-staging/lib/modules/7.0.12-gdfa4d4208131-dirty/kernel/drivers/hid/hid-mf.ko
  INSTALL /home/potato/grafene/pomme/upstream/linux-hoolock/out-4k/modules-staging/lib/modules/7.0.12-gdfa4d4208131-dirty/kernel/drivers/hid/hid-monterey.ko
  STRIP   /home/potato/grafene/pomme/upstream/linux-hoolock/out-4k/modules-staging/lib/modules/7.0.12-gdfa4d4208131-dirty/kernel/drivers/hid/hid-megaworld.ko
  INSTALL /home/potato/grafene/pomme/upstream/linux-hoolock/out-4k/modules-staging/lib/modules/7.0.12-gdfa4d4208131-dirty/kernel/drivers/hid/hid-multitouch.ko
  INSTALL /home/potato/grafene/pomme/upstream/linux-hoolock/out-4k/modules-staging/lib/modules/7.0.12-gdfa4d4208131-dirty/kernel/drivers/hid/hid-nintendo.ko
  INSTALL /home/potato/grafene/pomme/upstream/linux-hoolock/out-4k/modules-staging/lib/modules/7.0.12-gdfa4d4208131-dirty/kernel/drivers/hid/hid-nti.ko
  STRIP   /home/potato/grafene/pomme/upstream/linux-hoolock/out-4k/modules-staging/lib/modules/7.0.12-gdfa4d4208131-dirty/kernel/drivers/hid/hid-microsoft.ko
  INSTALL /home/potato/grafene/pomme/upstream/linux-hoolock/out-4k/modules-staging/lib/modules/7.0.12-gdfa4d4208131-dirty/kernel/drivers/hid/hid-ntrig.ko
  STRIP   /home/potato/grafene/pomme/upstream/linux-hoolock/out-4k/modules-staging/lib/modules/7.0.12-gdfa4d4208131-dirty/kernel/drivers/hid/hid-monterey.ko
  INSTALL /home/potato/grafene/pomme/upstream/linux-hoolock/out-4k/modules-staging/lib/modules/7.0.12-gdfa4d4208131-dirty/kernel/drivers/hid/hid-nvidia-shield.ko
  STRIP   /home/potato/grafene/pomme/upstream/linux-hoolock/out-4k/modules-staging/lib/modules/7.0.12-gdfa4d4208131-dirty/kernel/drivers/hid/hid-multitouch.ko
  INSTALL /home/potato/grafene/pomme/upstream/linux-hoolock/out-4k/modules-staging/lib/modules/7.0.12-gdfa4d4208131-dirty/kernel/drivers/hid/hid-ortek.ko
  STRIP   /home/potato/grafene/pomme/upstream/linux-hoolock/out-4k/modules-staging/lib/modules/7.0.12-gdfa4d4208131-dirty/kernel/drivers/hid/hid-nintendo.ko
  STRIP   /home/potato/grafene/pomme/upstream/linux-hoolock/out-4k/modules-staging/lib/modules/7.0.12-gdfa4d4208131-dirty/kernel/drivers/hid/hid-ntrig.ko
  STRIP   /home/potato/grafene/pomme/upstream/linux-hoolock/out-4k/modules-staging/lib/modules/7.0.12-gdfa4d4208131-dirty/kernel/drivers/hid/hid-nti.ko
  INSTALL /home/potato/grafene/pomme/upstream/linux-hoolock/out-4k/modules-staging/lib/modules/7.0.12-gdfa4d4208131-dirty/kernel/drivers/hid/hid-prodikeys.ko
  STRIP   /home/potato/grafene/pomme/upstream/linux-hoolock/out-4k/modules-staging/lib/modules/7.0.12-gdfa4d4208131-dirty/kernel/drivers/hid/hid-nvidia-shield.ko
  STRIP   /home/potato/grafene/pomme/upstream/linux-hoolock/out-4k/modules-staging/lib/modules/7.0.12-gdfa4d4208131-dirty/kernel/drivers/hid/hid-ortek.ko
  INSTALL /home/potato/grafene/pomme/upstream/linux-hoolock/out-4k/modules-staging/lib/modules/7.0.12-gdfa4d4208131-dirty/kernel/drivers/hid/hid-pl.ko
  INSTALL /home/potato/grafene/pomme/upstream/linux-hoolock/out-4k/modules-staging/lib/modules/7.0.12-gdfa4d4208131-dirty/kernel/drivers/hid/hid-penmount.ko
  INSTALL /home/potato/grafene/pomme/upstream/linux-hoolock/out-4k/modules-staging/lib/modules/7.0.12-gdfa4d4208131-dirty/kernel/drivers/hid/hid-petalynx.ko
  STRIP   /home/potato/grafene/pomme/upstream/linux-hoolock/out-4k/modules-staging/lib/modules/7.0.12-gdfa4d4208131-dirty/kernel/drivers/hid/hid-prodikeys.ko
  INSTALL /home/potato/grafene/pomme/upstream/linux-hoolock/out-4k/modules-staging/lib/modules/7.0.12-gdfa4d4208131-dirty/kernel/drivers/hid/hid-picolcd.ko
  INSTALL /home/potato/grafene/pomme/upstream/linux-hoolock/out-4k/modules-staging/lib/modules/7.0.12-gdfa4d4208131-dirty/kernel/drivers/hid/hid-plantronics.ko
  INSTALL /home/potato/grafene/pomme/upstream/linux-hoolock/out-4k/modules-staging/lib/modules/7.0.12-gdfa4d4208131-dirty/kernel/drivers/hid/hid-playstation.ko
  STRIP   /home/potato/grafene/pomme/upstream/linux-hoolock/out-4k/modules-staging/lib/modules/7.0.12-gdfa4d4208131-dirty/kernel/drivers/hid/hid-pl.ko
  STRIP   /home/potato/grafene/pomme/upstream/linux-hoolock/out-4k/modules-staging/lib/modules/7.0.12-gdfa4d4208131-dirty/kernel/drivers/hid/hid-penmount.ko
  STRIP   /home/potato/grafene/pomme/upstream/linux-hoolock/out-4k/modules-staging/lib/modules/7.0.12-gdfa4d4208131-dirty/kernel/drivers/hid/hid-petalynx.ko
  INSTALL /home/potato/grafene/pomme/upstream/linux-hoolock/out-4k/modules-staging/lib/modules/7.0.12-gdfa4d4208131-dirty/kernel/drivers/hid/hid-primax.ko
  STRIP   /home/potato/grafene/pomme/upstream/linux-hoolock/out-4k/modules-staging/lib/modules/7.0.12-gdfa4d4208131-dirty/kernel/drivers/hid/hid-plantronics.ko
  STRIP   /home/potato/grafene/pomme/upstream/linux-hoolock/out-4k/modules-staging/lib/modules/7.0.12-gdfa4d4208131-dirty/kernel/drivers/hid/hid-playstation.ko
  INSTALL /home/potato/grafene/pomme/upstream/linux-hoolock/out-4k/modules-staging/lib/modules/7.0.12-gdfa4d4208131-dirty/kernel/drivers/hid/hid-pxrc.ko
  INSTALL /home/potato/grafene/pomme/upstream/linux-hoolock/out-4k/modules-staging/lib/modules/7.0.12-gdfa4d4208131-dirty/kernel/drivers/hid/hid-razer.ko
  STRIP   /home/potato/grafene/pomme/upstream/linux-hoolock/out-4k/modules-staging/lib/modules/7.0.12-gdfa4d4208131-dirty/kernel/drivers/hid/hid-picolcd.ko
  INSTALL /home/potato/grafene/pomme/upstream/linux-hoolock/out-4k/modules-staging/lib/modules/7.0.12-gdfa4d4208131-dirty/kernel/drivers/hid/hid-retrode.ko
  STRIP   /home/potato/grafene/pomme/upstream/linux-hoolock/out-4k/modules-staging/lib/modules/7.0.12-gdfa4d4208131-dirty/kernel/drivers/hid/hid-primax.ko
  INSTALL /home/potato/grafene/pomme/upstream/linux-hoolock/out-4k/modules-staging/lib/modules/7.0.12-gdfa4d4208131-dirty/kernel/drivers/hid/hid-roccat.ko
  STRIP   /home/potato/grafene/pomme/upstream/linux-hoolock/out-4k/modules-staging/lib/modules/7.0.12-gdfa4d4208131-dirty/kernel/drivers/hid/hid-razer.ko
  INSTALL /home/potato/grafene/pomme/upstream/linux-hoolock/out-4k/modules-staging/lib/modules/7.0.12-gdfa4d4208131-dirty/kernel/drivers/hid/hid-roccat-common.ko
  STRIP   /home/potato/grafene/pomme/upstream/linux-hoolock/out-4k/modules-staging/lib/modules/7.0.12-gdfa4d4208131-dirty/kernel/drivers/hid/hid-pxrc.ko
  INSTALL /home/potato/grafene/pomme/upstream/linux-hoolock/out-4k/modules-staging/lib/modules/7.0.12-gdfa4d4208131-dirty/kernel/drivers/hid/hid-roccat-isku.ko
  INSTALL /home/potato/grafene/pomme/upstream/linux-hoolock/out-4k/modules-staging/lib/modules/7.0.12-gdfa4d4208131-dirty/kernel/drivers/hid/hid-roccat-arvo.ko
  STRIP   /home/potato/grafene/pomme/upstream/linux-hoolock/out-4k/modules-staging/lib/modules/7.0.12-gdfa4d4208131-dirty/kernel/drivers/hid/hid-roccat.ko
  INSTALL /home/potato/grafene/pomme/upstream/linux-hoolock/out-4k/modules-staging/lib/modules/7.0.12-gdfa4d4208131-dirty/kernel/drivers/hid/hid-roccat-kone.ko
  STRIP   /home/potato/grafene/pomme/upstream/linux-hoolock/out-4k/modules-staging/lib/modules/7.0.12-gdfa4d4208131-dirty/kernel/drivers/hid/hid-retrode.ko
  STRIP   /home/potato/grafene/pomme/upstream/linux-hoolock/out-4k/modules-staging/lib/modules/7.0.12-gdfa4d4208131-dirty/kernel/drivers/hid/hid-roccat-common.ko
  INSTALL /home/potato/grafene/pomme/upstream/linux-hoolock/out-4k/modules-staging/lib/modules/7.0.12-gdfa4d4208131-dirty/kernel/drivers/hid/hid-roccat-koneplus.ko
  STRIP   /home/potato/grafene/pomme/upstream/linux-hoolock/out-4k/modules-staging/lib/modules/7.0.12-gdfa4d4208131-dirty/kernel/drivers/hid/hid-roccat-isku.ko
  STRIP   /home/potato/grafene/pomme/upstream/linux-hoolock/out-4k/modules-staging/lib/modules/7.0.12-gdfa4d4208131-dirty/kernel/drivers/hid/hid-roccat-arvo.ko
  INSTALL /home/potato/grafene/pomme/upstream/linux-hoolock/out-4k/modules-staging/lib/modules/7.0.12-gdfa4d4208131-dirty/kernel/drivers/hid/hid-roccat-konepure.ko
  STRIP   /home/potato/grafene/pomme/upstream/linux-hoolock/out-4k/modules-staging/lib/modules/7.0.12-gdfa4d4208131-dirty/kernel/drivers/hid/hid-roccat-kone.ko
  STRIP   /home/potato/grafene/pomme/upstream/linux-hoolock/out-4k/modules-staging/lib/modules/7.0.12-gdfa4d4208131-dirty/kernel/drivers/hid/hid-roccat-koneplus.ko
  INSTALL /home/potato/grafene/pomme/upstream/linux-hoolock/out-4k/modules-staging/lib/modules/7.0.12-gdfa4d4208131-dirty/kernel/drivers/hid/hid-roccat-lua.ko
  INSTALL /home/potato/grafene/pomme/upstream/linux-hoolock/out-4k/modules-staging/lib/modules/7.0.12-gdfa4d4208131-dirty/kernel/drivers/hid/hid-roccat-kovaplus.ko
  STRIP   /home/potato/grafene/pomme/upstream/linux-hoolock/out-4k/modules-staging/lib/modules/7.0.12-gdfa4d4208131-dirty/kernel/drivers/hid/hid-roccat-konepure.ko
  INSTALL /home/potato/grafene/pomme/upstream/linux-hoolock/out-4k/modules-staging/lib/modules/7.0.12-gdfa4d4208131-dirty/kernel/drivers/hid/hid-roccat-pyra.ko
  INSTALL /home/potato/grafene/pomme/upstream/linux-hoolock/out-4k/modules-staging/lib/modules/7.0.12-gdfa4d4208131-dirty/kernel/drivers/hid/hid-roccat-ryos.ko
  INSTALL /home/potato/grafene/pomme/upstream/linux-hoolock/out-4k/modules-staging/lib/modules/7.0.12-gdfa4d4208131-dirty/kernel/drivers/hid/hid-roccat-savu.ko
  INSTALL /home/potato/grafene/pomme/upstream/linux-hoolock/out-4k/modules-staging/lib/modules/7.0.12-gdfa4d4208131-dirty/kernel/drivers/hid/hid-rmi.ko
  STRIP   /home/potato/grafene/pomme/upstream/linux-hoolock/out-4k/modules-staging/lib/modules/7.0.12-gdfa4d4208131-dirty/kernel/drivers/hid/hid-roccat-lua.ko
  INSTALL /home/potato/grafene/pomme/upstream/linux-hoolock/out-4k/modules-staging/lib/modules/7.0.12-gdfa4d4208131-dirty/kernel/drivers/hid/hid-saitek.ko
  STRIP   /home/potato/grafene/pomme/upstream/linux-hoolock/out-4k/modules-staging/lib/modules/7.0.12-gdfa4d4208131-dirty/kernel/drivers/hid/hid-roccat-ryos.ko
  STRIP   /home/potato/grafene/pomme/upstream/linux-hoolock/out-4k/modules-staging/lib/modules/7.0.12-gdfa4d4208131-dirty/kernel/drivers/hid/hid-roccat-kovaplus.ko
  STRIP   /home/potato/grafene/pomme/upstream/linux-hoolock/out-4k/modules-staging/lib/modules/7.0.12-gdfa4d4208131-dirty/kernel/drivers/hid/hid-roccat-pyra.ko
  STRIP   /home/potato/grafene/pomme/upstream/linux-hoolock/out-4k/modules-staging/lib/modules/7.0.12-gdfa4d4208131-dirty/kernel/drivers/hid/hid-rmi.ko
  INSTALL /home/potato/grafene/pomme/upstream/linux-hoolock/out-4k/modules-staging/lib/modules/7.0.12-gdfa4d4208131-dirty/kernel/drivers/hid/hid-samsung.ko
  STRIP   /home/potato/grafene/pomme/upstream/linux-hoolock/out-4k/modules-staging/lib/modules/7.0.12-gdfa4d4208131-dirty/kernel/drivers/hid/hid-roccat-savu.ko
  STRIP   /home/potato/grafene/pomme/upstream/linux-hoolock/out-4k/modules-staging/lib/modules/7.0.12-gdfa4d4208131-dirty/kernel/drivers/hid/hid-saitek.ko
  INSTALL /home/potato/grafene/pomme/upstream/linux-hoolock/out-4k/modules-staging/lib/modules/7.0.12-gdfa4d4208131-dirty/kernel/drivers/hid/hid-semitek.ko
  STRIP   /home/potato/grafene/pomme/upstream/linux-hoolock/out-4k/modules-staging/lib/modules/7.0.12-gdfa4d4208131-dirty/kernel/drivers/hid/hid-samsung.ko
  INSTALL /home/potato/grafene/pomme/upstream/linux-hoolock/out-4k/modules-staging/lib/modules/7.0.12-gdfa4d4208131-dirty/kernel/drivers/hid/hid-sigmamicro.ko
  INSTALL /home/potato/grafene/pomme/upstream/linux-hoolock/out-4k/modules-staging/lib/modules/7.0.12-gdfa4d4208131-dirty/kernel/drivers/hid/hid-sjoy.ko
  INSTALL /home/potato/grafene/pomme/upstream/linux-hoolock/out-4k/modules-staging/lib/modules/7.0.12-gdfa4d4208131-dirty/kernel/drivers/hid/hid-sony.ko
  INSTALL /home/potato/grafene/pomme/upstream/linux-hoolock/out-4k/modules-staging/lib/modules/7.0.12-gdfa4d4208131-dirty/kernel/drivers/hid/hid-speedlink.ko
  STRIP   /home/potato/grafene/pomme/upstream/linux-hoolock/out-4k/modules-staging/lib/modules/7.0.12-gdfa4d4208131-dirty/kernel/drivers/hid/hid-semitek.ko
  INSTALL /home/potato/grafene/pomme/upstream/linux-hoolock/out-4k/modules-staging/lib/modules/7.0.12-gdfa4d4208131-dirty/kernel/drivers/hid/hid-steam.ko
  INSTALL /home/potato/grafene/pomme/upstream/linux-hoolock/out-4k/modules-staging/lib/modules/7.0.12-gdfa4d4208131-dirty/kernel/drivers/hid/hid-steelseries.ko
  STRIP   /home/potato/grafene/pomme/upstream/linux-hoolock/out-4k/modules-staging/lib/modules/7.0.12-gdfa4d4208131-dirty/kernel/drivers/hid/hid-sigmamicro.ko
  STRIP   /home/potato/grafene/pomme/upstream/linux-hoolock/out-4k/modules-staging/lib/modules/7.0.12-gdfa4d4208131-dirty/kernel/drivers/hid/hid-sjoy.ko
  STRIP   /home/potato/grafene/pomme/upstream/linux-hoolock/out-4k/modules-staging/lib/modules/7.0.12-gdfa4d4208131-dirty/kernel/drivers/hid/hid-sony.ko
  INSTALL /home/potato/grafene/pomme/upstream/linux-hoolock/out-4k/modules-staging/lib/modules/7.0.12-gdfa4d4208131-dirty/kernel/drivers/hid/hid-sunplus.ko
  STRIP   /home/potato/grafene/pomme/upstream/linux-hoolock/out-4k/modules-staging/lib/modules/7.0.12-gdfa4d4208131-dirty/kernel/drivers/hid/hid-steelseries.ko
  STRIP   /home/potato/grafene/pomme/upstream/linux-hoolock/out-4k/modules-staging/lib/modules/7.0.12-gdfa4d4208131-dirty/kernel/drivers/hid/hid-steam.ko
  STRIP   /home/potato/grafene/pomme/upstream/linux-hoolock/out-4k/modules-staging/lib/modules/7.0.12-gdfa4d4208131-dirty/kernel/drivers/hid/hid-speedlink.ko
  STRIP   /home/potato/grafene/pomme/upstream/linux-hoolock/out-4k/modules-staging/lib/modules/7.0.12-gdfa4d4208131-dirty/kernel/drivers/hid/hid-sunplus.ko
  INSTALL /home/potato/grafene/pomme/upstream/linux-hoolock/out-4k/modules-staging/lib/modules/7.0.12-gdfa4d4208131-dirty/kernel/drivers/hid/hid-gaff.ko
  INSTALL /home/potato/grafene/pomme/upstream/linux-hoolock/out-4k/modules-staging/lib/modules/7.0.12-gdfa4d4208131-dirty/kernel/drivers/hid/hid-thrustmaster.ko
  INSTALL /home/potato/grafene/pomme/upstream/linux-hoolock/out-4k/modules-staging/lib/modules/7.0.12-gdfa4d4208131-dirty/kernel/drivers/hid/hid-tmff.ko
  INSTALL /home/potato/grafene/pomme/upstream/linux-hoolock/out-4k/modules-staging/lib/modules/7.0.12-gdfa4d4208131-dirty/kernel/drivers/hid/hid-tivo.ko
  INSTALL /home/potato/grafene/pomme/upstream/linux-hoolock/out-4k/modules-staging/lib/modules/7.0.12-gdfa4d4208131-dirty/kernel/drivers/hid/hid-topseed.ko
  INSTALL /home/potato/grafene/pomme/upstream/linux-hoolock/out-4k/modules-staging/lib/modules/7.0.12-gdfa4d4208131-dirty/kernel/drivers/hid/hid-topre.ko
  INSTALL /home/potato/grafene/pomme/upstream/linux-hoolock/out-4k/modules-staging/lib/modules/7.0.12-gdfa4d4208131-dirty/kernel/drivers/hid/hid-twinhan.ko
  INSTALL /home/potato/grafene/pomme/upstream/linux-hoolock/out-4k/modules-staging/lib/modules/7.0.12-gdfa4d4208131-dirty/kernel/drivers/hid/hid-u2fzero.ko
  STRIP   /home/potato/grafene/pomme/upstream/linux-hoolock/out-4k/modules-staging/lib/modules/7.0.12-gdfa4d4208131-dirty/kernel/drivers/hid/hid-gaff.ko
  STRIP   /home/potato/grafene/pomme/upstream/linux-hoolock/out-4k/modules-staging/lib/modules/7.0.12-gdfa4d4208131-dirty/kernel/drivers/hid/hid-thrustmaster.ko
  STRIP   /home/potato/grafene/pomme/upstream/linux-hoolock/out-4k/modules-staging/lib/modules/7.0.12-gdfa4d4208131-dirty/kernel/drivers/hid/hid-tmff.ko
  STRIP   /home/potato/grafene/pomme/upstream/linux-hoolock/out-4k/modules-staging/lib/modules/7.0.12-gdfa4d4208131-dirty/kernel/drivers/hid/hid-topseed.ko
  STRIP   /home/potato/grafene/pomme/upstream/linux-hoolock/out-4k/modules-staging/lib/modules/7.0.12-gdfa4d4208131-dirty/kernel/drivers/hid/hid-u2fzero.ko
  STRIP   /home/potato/grafene/pomme/upstream/linux-hoolock/out-4k/modules-staging/lib/modules/7.0.12-gdfa4d4208131-dirty/kernel/drivers/hid/hid-twinhan.ko
  STRIP   /home/potato/grafene/pomme/upstream/linux-hoolock/out-4k/modules-staging/lib/modules/7.0.12-gdfa4d4208131-dirty/kernel/drivers/hid/hid-topre.ko
  STRIP   /home/potato/grafene/pomme/upstream/linux-hoolock/out-4k/modules-staging/lib/modules/7.0.12-gdfa4d4208131-dirty/kernel/drivers/hid/hid-tivo.ko
  INSTALL /home/potato/grafene/pomme/upstream/linux-hoolock/out-4k/modules-staging/lib/modules/7.0.12-gdfa4d4208131-dirty/kernel/drivers/hid/hid-uclogic.ko
  INSTALL /home/potato/grafene/pomme/upstream/linux-hoolock/out-4k/modules-staging/lib/modules/7.0.12-gdfa4d4208131-dirty/kernel/drivers/hid/hid-udraw-ps3.ko
  INSTALL /home/potato/grafene/pomme/upstream/linux-hoolock/out-4k/modules-staging/lib/modules/7.0.12-gdfa4d4208131-dirty/kernel/drivers/hid/hid-led.ko
  INSTALL /home/potato/grafene/pomme/upstream/linux-hoolock/out-4k/modules-staging/lib/modules/7.0.12-gdfa4d4208131-dirty/kernel/drivers/hid/hid-xiaomi.ko
  INSTALL /home/potato/grafene/pomme/upstream/linux-hoolock/out-4k/modules-staging/lib/modules/7.0.12-gdfa4d4208131-dirty/kernel/drivers/hid/hid-xinmo.ko
  INSTALL /home/potato/grafene/pomme/upstream/linux-hoolock/out-4k/modules-staging/lib/modules/7.0.12-gdfa4d4208131-dirty/kernel/drivers/hid/hid-zpff.ko
  STRIP   /home/potato/grafene/pomme/upstream/linux-hoolock/out-4k/modules-staging/lib/modules/7.0.12-gdfa4d4208131-dirty/kernel/drivers/hid/hid-uclogic.ko
  STRIP   /home/potato/grafene/pomme/upstream/linux-hoolock/out-4k/modules-staging/lib/modules/7.0.12-gdfa4d4208131-dirty/kernel/drivers/hid/hid-udraw-ps3.ko
  INSTALL /home/potato/grafene/pomme/upstream/linux-hoolock/out-4k/modules-staging/lib/modules/7.0.12-gdfa4d4208131-dirty/kernel/drivers/hid/hid-zydacron.ko
  STRIP   /home/potato/grafene/pomme/upstream/linux-hoolock/out-4k/modules-staging/lib/modules/7.0.12-gdfa4d4208131-dirty/kernel/drivers/hid/hid-led.ko
  INSTALL /home/potato/grafene/pomme/upstream/linux-hoolock/out-4k/modules-staging/lib/modules/7.0.12-gdfa4d4208131-dirty/kernel/drivers/hid/hid-viewsonic.ko
  STRIP   /home/potato/grafene/pomme/upstream/linux-hoolock/out-4k/modules-staging/lib/modules/7.0.12-gdfa4d4208131-dirty/kernel/drivers/hid/hid-xiaomi.ko
  STRIP   /home/potato/grafene/pomme/upstream/linux-hoolock/out-4k/modules-staging/lib/modules/7.0.12-gdfa4d4208131-dirty/kernel/drivers/hid/hid-xinmo.ko
  STRIP   /home/potato/grafene/pomme/upstream/linux-hoolock/out-4k/modules-staging/lib/modules/7.0.12-gdfa4d4208131-dirty/kernel/drivers/hid/hid-zpff.ko
  STRIP   /home/potato/grafene/pomme/upstream/linux-hoolock/out-4k/modules-staging/lib/modules/7.0.12-gdfa4d4208131-dirty/kernel/drivers/hid/hid-zydacron.ko
  STRIP   /home/potato/grafene/pomme/upstream/linux-hoolock/out-4k/modules-staging/lib/modules/7.0.12-gdfa4d4208131-dirty/kernel/drivers/hid/hid-viewsonic.ko
  INSTALL /home/potato/grafene/pomme/upstream/linux-hoolock/out-4k/modules-staging/lib/modules/7.0.12-gdfa4d4208131-dirty/kernel/drivers/hid/wacom.ko
  INSTALL /home/potato/grafene/pomme/upstream/linux-hoolock/out-4k/modules-staging/lib/modules/7.0.12-gdfa4d4208131-dirty/kernel/drivers/hid/hid-waltop.ko
  INSTALL /home/potato/grafene/pomme/upstream/linux-hoolock/out-4k/modules-staging/lib/modules/7.0.12-gdfa4d4208131-dirty/kernel/drivers/hid/hid-wiimote.ko
  INSTALL /home/potato/grafene/pomme/upstream/linux-hoolock/out-4k/modules-staging/lib/modules/7.0.12-gdfa4d4208131-dirty/kernel/drivers/hid/hid-winwing.ko
  STRIP   /home/potato/grafene/pomme/upstream/linux-hoolock/out-4k/modules-staging/lib/modules/7.0.12-gdfa4d4208131-dirty/kernel/drivers/hid/wacom.ko
  INSTALL /home/potato/grafene/pomme/upstream/linux-hoolock/out-4k/modules-staging/lib/modules/7.0.12-gdfa4d4208131-dirty/kernel/drivers/hid/hid-sensor-hub.ko
  INSTALL /home/potato/grafene/pomme/upstream/linux-hoolock/out-4k/modules-staging/lib/modules/7.0.12-gdfa4d4208131-dirty/kernel/drivers/iio/accel/hid-sensor-accel-3d.ko
  INSTALL /home/potato/grafene/pomme/upstream/linux-hoolock/out-4k/modules-staging/lib/modules/7.0.12-gdfa4d4208131-dirty/kernel/drivers/iio/buffer/industrialio-triggered-buffer.ko
  INSTALL /home/potato/grafene/pomme/upstream/linux-hoolock/out-4k/modules-staging/lib/modules/7.0.12-gdfa4d4208131-dirty/kernel/drivers/iio/buffer/kfifo_buf.ko
  STRIP   /home/potato/grafene/pomme/upstream/linux-hoolock/out-4k/modules-staging/lib/modules/7.0.12-gdfa4d4208131-dirty/kernel/drivers/hid/hid-waltop.ko
  STRIP   /home/potato/grafene/pomme/upstream/linux-hoolock/out-4k/modules-staging/lib/modules/7.0.12-gdfa4d4208131-dirty/kernel/drivers/hid/hid-winwing.ko
  STRIP   /home/potato/grafene/pomme/upstream/linux-hoolock/out-4k/modules-staging/lib/modules/7.0.12-gdfa4d4208131-dirty/kernel/drivers/hid/hid-wiimote.ko
  STRIP   /home/potato/grafene/pomme/upstream/linux-hoolock/out-4k/modules-staging/lib/modules/7.0.12-gdfa4d4208131-dirty/kernel/drivers/iio/accel/hid-sensor-accel-3d.ko
  STRIP   /home/potato/grafene/pomme/upstream/linux-hoolock/out-4k/modules-staging/lib/modules/7.0.12-gdfa4d4208131-dirty/kernel/drivers/iio/buffer/industrialio-triggered-buffer.ko
  STRIP   /home/potato/grafene/pomme/upstream/linux-hoolock/out-4k/modules-staging/lib/modules/7.0.12-gdfa4d4208131-dirty/kernel/drivers/hid/hid-sensor-hub.ko
  STRIP   /home/potato/grafene/pomme/upstream/linux-hoolock/out-4k/modules-staging/lib/modules/7.0.12-gdfa4d4208131-dirty/kernel/drivers/iio/buffer/kfifo_buf.ko
  INSTALL /home/potato/grafene/pomme/upstream/linux-hoolock/out-4k/modules-staging/lib/modules/7.0.12-gdfa4d4208131-dirty/kernel/drivers/iio/common/hid-sensors/hid-sensor-iio-common.ko
  INSTALL /home/potato/grafene/pomme/upstream/linux-hoolock/out-4k/modules-staging/lib/modules/7.0.12-gdfa4d4208131-dirty/kernel/drivers/iio/common/hid-sensors/hid-sensor-trigger.ko
  INSTALL /home/potato/grafene/pomme/upstream/linux-hoolock/out-4k/modules-staging/lib/modules/7.0.12-gdfa4d4208131-dirty/kernel/drivers/iio/gyro/hid-sensor-gyro-3d.ko
  INSTALL /home/potato/grafene/pomme/upstream/linux-hoolock/out-4k/modules-staging/lib/modules/7.0.12-gdfa4d4208131-dirty/kernel/drivers/iio/humidity/hid-sensor-humidity.ko
  INSTALL /home/potato/grafene/pomme/upstream/linux-hoolock/out-4k/modules-staging/lib/modules/7.0.12-gdfa4d4208131-dirty/kernel/drivers/iio/light/hid-sensor-als.ko
  STRIP   /home/potato/grafene/pomme/upstream/linux-hoolock/out-4k/modules-staging/lib/modules/7.0.12-gdfa4d4208131-dirty/kernel/drivers/iio/common/hid-sensors/hid-sensor-iio-common.ko
  STRIP   /home/potato/grafene/pomme/upstream/linux-hoolock/out-4k/modules-staging/lib/modules/7.0.12-gdfa4d4208131-dirty/kernel/drivers/iio/common/hid-sensors/hid-sensor-trigger.ko
  STRIP   /home/potato/grafene/pomme/upstream/linux-hoolock/out-4k/modules-staging/lib/modules/7.0.12-gdfa4d4208131-dirty/kernel/drivers/iio/gyro/hid-sensor-gyro-3d.ko
  STRIP   /home/potato/grafene/pomme/upstream/linux-hoolock/out-4k/modules-staging/lib/modules/7.0.12-gdfa4d4208131-dirty/kernel/drivers/iio/humidity/hid-sensor-humidity.ko
  STRIP   /home/potato/grafene/pomme/upstream/linux-hoolock/out-4k/modules-staging/lib/modules/7.0.12-gdfa4d4208131-dirty/kernel/drivers/iio/light/hid-sensor-als.ko
  INSTALL /home/potato/grafene/pomme/upstream/linux-hoolock/out-4k/modules-staging/lib/modules/7.0.12-gdfa4d4208131-dirty/kernel/drivers/iio/magnetometer/hid-sensor-magn-3d.ko
  INSTALL /home/potato/grafene/pomme/upstream/linux-hoolock/out-4k/modules-staging/lib/modules/7.0.12-gdfa4d4208131-dirty/kernel/drivers/iio/orientation/hid-sensor-incl-3d.ko
  INSTALL /home/potato/grafene/pomme/upstream/linux-hoolock/out-4k/modules-staging/lib/modules/7.0.12-gdfa4d4208131-dirty/kernel/drivers/iio/orientation/hid-sensor-rotation.ko
  INSTALL /home/potato/grafene/pomme/upstream/linux-hoolock/out-4k/modules-staging/lib/modules/7.0.12-gdfa4d4208131-dirty/kernel/drivers/iio/position/hid-sensor-custom-intel-hinge.ko
  INSTALL /home/potato/grafene/pomme/upstream/linux-hoolock/out-4k/modules-staging/lib/modules/7.0.12-gdfa4d4208131-dirty/kernel/drivers/iio/temperature/hid-sensor-temperature.ko
  INSTALL /home/potato/grafene/pomme/upstream/linux-hoolock/out-4k/modules-staging/lib/modules/7.0.12-gdfa4d4208131-dirty/kernel/drivers/ata/libata.ko
  INSTALL /home/potato/grafene/pomme/upstream/linux-hoolock/out-4k/modules-staging/lib/modules/7.0.12-gdfa4d4208131-dirty/kernel/drivers/mtd/parsers/ofpart.ko
  STRIP   /home/potato/grafene/pomme/upstream/linux-hoolock/out-4k/modules-staging/lib/modules/7.0.12-gdfa4d4208131-dirty/kernel/drivers/iio/magnetometer/hid-sensor-magn-3d.ko
  STRIP   /home/potato/grafene/pomme/upstream/linux-hoolock/out-4k/modules-staging/lib/modules/7.0.12-gdfa4d4208131-dirty/kernel/drivers/iio/orientation/hid-sensor-incl-3d.ko
  INSTALL /home/potato/grafene/pomme/upstream/linux-hoolock/out-4k/modules-staging/lib/modules/7.0.12-gdfa4d4208131-dirty/kernel/drivers/mtd/chips/chipreg.ko
  STRIP   /home/potato/grafene/pomme/upstream/linux-hoolock/out-4k/modules-staging/lib/modules/7.0.12-gdfa4d4208131-dirty/kernel/drivers/iio/temperature/hid-sensor-temperature.ko
  STRIP   /home/potato/grafene/pomme/upstream/linux-hoolock/out-4k/modules-staging/lib/modules/7.0.12-gdfa4d4208131-dirty/kernel/drivers/iio/position/hid-sensor-custom-intel-hinge.ko
  STRIP   /home/potato/grafene/pomme/upstream/linux-hoolock/out-4k/modules-staging/lib/modules/7.0.12-gdfa4d4208131-dirty/kernel/drivers/iio/orientation/hid-sensor-rotation.ko
  STRIP   /home/potato/grafene/pomme/upstream/linux-hoolock/out-4k/modules-staging/lib/modules/7.0.12-gdfa4d4208131-dirty/kernel/drivers/mtd/parsers/ofpart.ko
  STRIP   /home/potato/grafene/pomme/upstream/linux-hoolock/out-4k/modules-staging/lib/modules/7.0.12-gdfa4d4208131-dirty/kernel/drivers/ata/libata.ko
  STRIP   /home/potato/grafene/pomme/upstream/linux-hoolock/out-4k/modules-staging/lib/modules/7.0.12-gdfa4d4208131-dirty/kernel/drivers/mtd/chips/chipreg.ko
  INSTALL /home/potato/grafene/pomme/upstream/linux-hoolock/out-4k/modules-staging/lib/modules/7.0.12-gdfa4d4208131-dirty/kernel/drivers/mtd/devices/phram.ko
  INSTALL /home/potato/grafene/pomme/upstream/linux-hoolock/out-4k/modules-staging/lib/modules/7.0.12-gdfa4d4208131-dirty/kernel/drivers/mtd/mtd.ko
  INSTALL /home/potato/grafene/pomme/upstream/linux-hoolock/out-4k/modules-staging/lib/modules/7.0.12-gdfa4d4208131-dirty/kernel/drivers/input/serio/serio.ko
  INSTALL /home/potato/grafene/pomme/upstream/linux-hoolock/out-4k/modules-staging/lib/modules/7.0.12-gdfa4d4208131-dirty/kernel/drivers/input/serio/serport.ko
  INSTALL /home/potato/grafene/pomme/upstream/linux-hoolock/out-4k/modules-staging/lib/modules/7.0.12-gdfa4d4208131-dirty/kernel/sound/soundcore.ko
  INSTALL /home/potato/grafene/pomme/upstream/linux-hoolock/out-4k/modules-staging/lib/modules/7.0.12-gdfa4d4208131-dirty/kernel/sound/core/snd.ko
  STRIP   /home/potato/grafene/pomme/upstream/linux-hoolock/out-4k/modules-staging/lib/modules/7.0.12-gdfa4d4208131-dirty/kernel/drivers/mtd/devices/phram.ko
  INSTALL /home/potato/grafene/pomme/upstream/linux-hoolock/out-4k/modules-staging/lib/modules/7.0.12-gdfa4d4208131-dirty/kernel/sound/core/snd-hwdep.ko
  STRIP   /home/potato/grafene/pomme/upstream/linux-hoolock/out-4k/modules-staging/lib/modules/7.0.12-gdfa4d4208131-dirty/kernel/drivers/mtd/mtd.ko
  STRIP   /home/potato/grafene/pomme/upstream/linux-hoolock/out-4k/modules-staging/lib/modules/7.0.12-gdfa4d4208131-dirty/kernel/drivers/input/serio/serio.ko
  STRIP   /home/potato/grafene/pomme/upstream/linux-hoolock/out-4k/modules-staging/lib/modules/7.0.12-gdfa4d4208131-dirty/kernel/drivers/input/serio/serport.ko
  STRIP   /home/potato/grafene/pomme/upstream/linux-hoolock/out-4k/modules-staging/lib/modules/7.0.12-gdfa4d4208131-dirty/kernel/sound/soundcore.ko
  STRIP   /home/potato/grafene/pomme/upstream/linux-hoolock/out-4k/modules-staging/lib/modules/7.0.12-gdfa4d4208131-dirty/kernel/sound/core/snd.ko
  STRIP   /home/potato/grafene/pomme/upstream/linux-hoolock/out-4k/modules-staging/lib/modules/7.0.12-gdfa4d4208131-dirty/kernel/sound/core/snd-hwdep.ko
  INSTALL /home/potato/grafene/pomme/upstream/linux-hoolock/out-4k/modules-staging/lib/modules/7.0.12-gdfa4d4208131-dirty/kernel/sound/core/snd-timer.ko
  INSTALL /home/potato/grafene/pomme/upstream/linux-hoolock/out-4k/modules-staging/lib/modules/7.0.12-gdfa4d4208131-dirty/kernel/sound/core/snd-pcm.ko
  INSTALL /home/potato/grafene/pomme/upstream/linux-hoolock/out-4k/modules-staging/lib/modules/7.0.12-gdfa4d4208131-dirty/kernel/sound/core/snd-rawmidi.ko
  INSTALL /home/potato/grafene/pomme/upstream/linux-hoolock/out-4k/modules-staging/lib/modules/7.0.12-gdfa4d4208131-dirty/kernel/sound/core/snd-ump.ko
  INSTALL /home/potato/grafene/pomme/upstream/linux-hoolock/out-4k/modules-staging/lib/modules/7.0.12-gdfa4d4208131-dirty/kernel/sound/usb/snd-usb-audio.ko
  STRIP   /home/potato/grafene/pomme/upstream/linux-hoolock/out-4k/modules-staging/lib/modules/7.0.12-gdfa4d4208131-dirty/kernel/sound/core/snd-timer.ko
  STRIP   /home/potato/grafene/pomme/upstream/linux-hoolock/out-4k/modules-staging/lib/modules/7.0.12-gdfa4d4208131-dirty/kernel/sound/core/snd-pcm.ko
  STRIP   /home/potato/grafene/pomme/upstream/linux-hoolock/out-4k/modules-staging/lib/modules/7.0.12-gdfa4d4208131-dirty/kernel/sound/core/snd-rawmidi.ko
  STRIP   /home/potato/grafene/pomme/upstream/linux-hoolock/out-4k/modules-staging/lib/modules/7.0.12-gdfa4d4208131-dirty/kernel/sound/core/snd-ump.ko
  INSTALL /home/potato/grafene/pomme/upstream/linux-hoolock/out-4k/modules-staging/lib/modules/7.0.12-gdfa4d4208131-dirty/kernel/sound/usb/snd-usbmidi-lib.ko
  INSTALL /home/potato/grafene/pomme/upstream/linux-hoolock/out-4k/modules-staging/lib/modules/7.0.12-gdfa4d4208131-dirty/kernel/net/core/selftests.ko
  INSTALL /home/potato/grafene/pomme/upstream/linux-hoolock/out-4k/modules-staging/lib/modules/7.0.12-gdfa4d4208131-dirty/kernel/net/802/psnap.ko
  STRIP   /home/potato/grafene/pomme/upstream/linux-hoolock/out-4k/modules-staging/lib/modules/7.0.12-gdfa4d4208131-dirty/kernel/sound/usb/snd-usb-audio.ko
  STRIP   /home/potato/grafene/pomme/upstream/linux-hoolock/out-4k/modules-staging/lib/modules/7.0.12-gdfa4d4208131-dirty/kernel/sound/usb/snd-usbmidi-lib.ko
  INSTALL /home/potato/grafene/pomme/upstream/linux-hoolock/out-4k/modules-staging/lib/modules/7.0.12-gdfa4d4208131-dirty/kernel/net/802/stp.ko
  STRIP   /home/potato/grafene/pomme/upstream/linux-hoolock/out-4k/modules-staging/lib/modules/7.0.12-gdfa4d4208131-dirty/kernel/net/core/selftests.ko
  INSTALL /home/potato/grafene/pomme/upstream/linux-hoolock/out-4k/modules-staging/lib/modules/7.0.12-gdfa4d4208131-dirty/kernel/net/sched/cls_cgroup.ko
  STRIP   /home/potato/grafene/pomme/upstream/linux-hoolock/out-4k/modules-staging/lib/modules/7.0.12-gdfa4d4208131-dirty/kernel/net/802/psnap.ko
  INSTALL /home/potato/grafene/pomme/upstream/linux-hoolock/out-4k/modules-staging/lib/modules/7.0.12-gdfa4d4208131-dirty/kernel/net/netfilter/nf_conntrack.ko
  INSTALL /home/potato/grafene/pomme/upstream/linux-hoolock/out-4k/modules-staging/lib/modules/7.0.12-gdfa4d4208131-dirty/kernel/net/netfilter/nf_nat.ko
  INSTALL /home/potato/grafene/pomme/upstream/linux-hoolock/out-4k/modules-staging/lib/modules/7.0.12-gdfa4d4208131-dirty/kernel/net/netfilter/nf_synproxy_core.ko
  INSTALL /home/potato/grafene/pomme/upstream/linux-hoolock/out-4k/modules-staging/lib/modules/7.0.12-gdfa4d4208131-dirty/kernel/net/netfilter/nf_conncount.ko
  STRIP   /home/potato/grafene/pomme/upstream/linux-hoolock/out-4k/modules-staging/lib/modules/7.0.12-gdfa4d4208131-dirty/kernel/net/802/stp.ko
  STRIP   /home/potato/grafene/pomme/upstream/linux-hoolock/out-4k/modules-staging/lib/modules/7.0.12-gdfa4d4208131-dirty/kernel/net/sched/cls_cgroup.ko
  INSTALL /home/potato/grafene/pomme/upstream/linux-hoolock/out-4k/modules-staging/lib/modules/7.0.12-gdfa4d4208131-dirty/kernel/net/netfilter/nf_dup_netdev.ko
  STRIP   /home/potato/grafene/pomme/upstream/linux-hoolock/out-4k/modules-staging/lib/modules/7.0.12-gdfa4d4208131-dirty/kernel/net/netfilter/nf_nat.ko
  INSTALL /home/potato/grafene/pomme/upstream/linux-hoolock/out-4k/modules-staging/lib/modules/7.0.12-gdfa4d4208131-dirty/kernel/net/netfilter/nf_tables.ko
  STRIP   /home/potato/grafene/pomme/upstream/linux-hoolock/out-4k/modules-staging/lib/modules/7.0.12-gdfa4d4208131-dirty/kernel/net/netfilter/nf_synproxy_core.ko
  STRIP   /home/potato/grafene/pomme/upstream/linux-hoolock/out-4k/modules-staging/lib/modules/7.0.12-gdfa4d4208131-dirty/kernel/net/netfilter/nf_conntrack.ko
  STRIP   /home/potato/grafene/pomme/upstream/linux-hoolock/out-4k/modules-staging/lib/modules/7.0.12-gdfa4d4208131-dirty/kernel/net/netfilter/nf_conncount.ko
  INSTALL /home/potato/grafene/pomme/upstream/linux-hoolock/out-4k/modules-staging/lib/modules/7.0.12-gdfa4d4208131-dirty/kernel/net/netfilter/nft_compat.ko
  INSTALL /home/potato/grafene/pomme/upstream/linux-hoolock/out-4k/modules-staging/lib/modules/7.0.12-gdfa4d4208131-dirty/kernel/net/netfilter/nft_connlimit.ko
  STRIP   /home/potato/grafene/pomme/upstream/linux-hoolock/out-4k/modules-staging/lib/modules/7.0.12-gdfa4d4208131-dirty/kernel/net/netfilter/nf_dup_netdev.ko
  INSTALL /home/potato/grafene/pomme/upstream/linux-hoolock/out-4k/modules-staging/lib/modules/7.0.12-gdfa4d4208131-dirty/kernel/net/netfilter/nft_numgen.ko
  STRIP   /home/potato/grafene/pomme/upstream/linux-hoolock/out-4k/modules-staging/lib/modules/7.0.12-gdfa4d4208131-dirty/kernel/net/netfilter/nft_compat.ko
  INSTALL /home/potato/grafene/pomme/upstream/linux-hoolock/out-4k/modules-staging/lib/modules/7.0.12-gdfa4d4208131-dirty/kernel/net/netfilter/nft_ct.ko
  STRIP   /home/potato/grafene/pomme/upstream/linux-hoolock/out-4k/modules-staging/lib/modules/7.0.12-gdfa4d4208131-dirty/kernel/net/netfilter/nft_connlimit.ko
  INSTALL /home/potato/grafene/pomme/upstream/linux-hoolock/out-4k/modules-staging/lib/modules/7.0.12-gdfa4d4208131-dirty/kernel/net/netfilter/nft_limit.ko
  INSTALL /home/potato/grafene/pomme/upstream/linux-hoolock/out-4k/modules-staging/lib/modules/7.0.12-gdfa4d4208131-dirty/kernel/net/netfilter/nft_nat.ko
  STRIP   /home/potato/grafene/pomme/upstream/linux-hoolock/out-4k/modules-staging/lib/modules/7.0.12-gdfa4d4208131-dirty/kernel/net/netfilter/nft_numgen.ko
  STRIP   /home/potato/grafene/pomme/upstream/linux-hoolock/out-4k/modules-staging/lib/modules/7.0.12-gdfa4d4208131-dirty/kernel/net/netfilter/nft_ct.ko
  STRIP   /home/potato/grafene/pomme/upstream/linux-hoolock/out-4k/modules-staging/lib/modules/7.0.12-gdfa4d4208131-dirty/kernel/net/netfilter/nf_tables.ko
  INSTALL /home/potato/grafene/pomme/upstream/linux-hoolock/out-4k/modules-staging/lib/modules/7.0.12-gdfa4d4208131-dirty/kernel/net/netfilter/nft_quota.ko
  STRIP   /home/potato/grafene/pomme/upstream/linux-hoolock/out-4k/modules-staging/lib/modules/7.0.12-gdfa4d4208131-dirty/kernel/net/netfilter/nft_limit.ko
  INSTALL /home/potato/grafene/pomme/upstream/linux-hoolock/out-4k/modules-staging/lib/modules/7.0.12-gdfa4d4208131-dirty/kernel/net/netfilter/nft_reject.ko
  INSTALL /home/potato/grafene/pomme/upstream/linux-hoolock/out-4k/modules-staging/lib/modules/7.0.12-gdfa4d4208131-dirty/kernel/net/netfilter/nft_reject_inet.ko
  STRIP   /home/potato/grafene/pomme/upstream/linux-hoolock/out-4k/modules-staging/lib/modules/7.0.12-gdfa4d4208131-dirty/kernel/net/netfilter/nft_nat.ko
  STRIP   /home/potato/grafene/pomme/upstream/linux-hoolock/out-4k/modules-staging/lib/modules/7.0.12-gdfa4d4208131-dirty/kernel/net/netfilter/nft_quota.ko
  INSTALL /home/potato/grafene/pomme/upstream/linux-hoolock/out-4k/modules-staging/lib/modules/7.0.12-gdfa4d4208131-dirty/kernel/net/netfilter/nft_reject_netdev.ko
  INSTALL /home/potato/grafene/pomme/upstream/linux-hoolock/out-4k/modules-staging/lib/modules/7.0.12-gdfa4d4208131-dirty/kernel/net/netfilter/nft_tunnel.ko
  STRIP   /home/potato/grafene/pomme/upstream/linux-hoolock/out-4k/modules-staging/lib/modules/7.0.12-gdfa4d4208131-dirty/kernel/net/netfilter/nft_reject.ko
  STRIP   /home/potato/grafene/pomme/upstream/linux-hoolock/out-4k/modules-staging/lib/modules/7.0.12-gdfa4d4208131-dirty/kernel/net/netfilter/nft_reject_inet.ko
  INSTALL /home/potato/grafene/pomme/upstream/linux-hoolock/out-4k/modules-staging/lib/modules/7.0.12-gdfa4d4208131-dirty/kernel/net/netfilter/nft_log.ko
  INSTALL /home/potato/grafene/pomme/upstream/linux-hoolock/out-4k/modules-staging/lib/modules/7.0.12-gdfa4d4208131-dirty/kernel/net/netfilter/nft_masq.ko
  STRIP   /home/potato/grafene/pomme/upstream/linux-hoolock/out-4k/modules-staging/lib/modules/7.0.12-gdfa4d4208131-dirty/kernel/net/netfilter/nft_reject_netdev.ko
  STRIP   /home/potato/grafene/pomme/upstream/linux-hoolock/out-4k/modules-staging/lib/modules/7.0.12-gdfa4d4208131-dirty/kernel/net/netfilter/nft_tunnel.ko
  INSTALL /home/potato/grafene/pomme/upstream/linux-hoolock/out-4k/modules-staging/lib/modules/7.0.12-gdfa4d4208131-dirty/kernel/net/netfilter/nft_redir.ko
  INSTALL /home/potato/grafene/pomme/upstream/linux-hoolock/out-4k/modules-staging/lib/modules/7.0.12-gdfa4d4208131-dirty/kernel/net/netfilter/nft_hash.ko
  STRIP   /home/potato/grafene/pomme/upstream/linux-hoolock/out-4k/modules-staging/lib/modules/7.0.12-gdfa4d4208131-dirty/kernel/net/netfilter/nft_log.ko
  STRIP   /home/potato/grafene/pomme/upstream/linux-hoolock/out-4k/modules-staging/lib/modules/7.0.12-gdfa4d4208131-dirty/kernel/net/netfilter/nft_masq.ko
  INSTALL /home/potato/grafene/pomme/upstream/linux-hoolock/out-4k/modules-staging/lib/modules/7.0.12-gdfa4d4208131-dirty/kernel/net/netfilter/nft_fib.ko
  INSTALL /home/potato/grafene/pomme/upstream/linux-hoolock/out-4k/modules-staging/lib/modules/7.0.12-gdfa4d4208131-dirty/kernel/net/netfilter/nft_socket.ko
  STRIP   /home/potato/grafene/pomme/upstream/linux-hoolock/out-4k/modules-staging/lib/modules/7.0.12-gdfa4d4208131-dirty/kernel/net/netfilter/nft_redir.ko
  STRIP   /home/potato/grafene/pomme/upstream/linux-hoolock/out-4k/modules-staging/lib/modules/7.0.12-gdfa4d4208131-dirty/kernel/net/netfilter/nft_hash.ko
  INSTALL /home/potato/grafene/pomme/upstream/linux-hoolock/out-4k/modules-staging/lib/modules/7.0.12-gdfa4d4208131-dirty/kernel/net/netfilter/nft_osf.ko
  INSTALL /home/potato/grafene/pomme/upstream/linux-hoolock/out-4k/modules-staging/lib/modules/7.0.12-gdfa4d4208131-dirty/kernel/net/netfilter/nft_tproxy.ko
  STRIP   /home/potato/grafene/pomme/upstream/linux-hoolock/out-4k/modules-staging/lib/modules/7.0.12-gdfa4d4208131-dirty/kernel/net/netfilter/nft_fib.ko
  INSTALL /home/potato/grafene/pomme/upstream/linux-hoolock/out-4k/modules-staging/lib/modules/7.0.12-gdfa4d4208131-dirty/kernel/net/netfilter/nft_synproxy.ko
  STRIP   /home/potato/grafene/pomme/upstream/linux-hoolock/out-4k/modules-staging/lib/modules/7.0.12-gdfa4d4208131-dirty/kernel/net/netfilter/nft_socket.ko
  STRIP   /home/potato/grafene/pomme/upstream/linux-hoolock/out-4k/modules-staging/lib/modules/7.0.12-gdfa4d4208131-dirty/kernel/net/netfilter/nft_osf.ko
  INSTALL /home/potato/grafene/pomme/upstream/linux-hoolock/out-4k/modules-staging/lib/modules/7.0.12-gdfa4d4208131-dirty/kernel/net/netfilter/nft_chain_nat.ko
  STRIP   /home/potato/grafene/pomme/upstream/linux-hoolock/out-4k/modules-staging/lib/modules/7.0.12-gdfa4d4208131-dirty/kernel/net/netfilter/nft_tproxy.ko
  INSTALL /home/potato/grafene/pomme/upstream/linux-hoolock/out-4k/modules-staging/lib/modules/7.0.12-gdfa4d4208131-dirty/kernel/net/netfilter/nft_dup_netdev.ko
  INSTALL /home/potato/grafene/pomme/upstream/linux-hoolock/out-4k/modules-staging/lib/modules/7.0.12-gdfa4d4208131-dirty/kernel/net/netfilter/nft_fwd_netdev.ko
  STRIP   /home/potato/grafene/pomme/upstream/linux-hoolock/out-4k/modules-staging/lib/modules/7.0.12-gdfa4d4208131-dirty/kernel/net/netfilter/nft_synproxy.ko
  STRIP   /home/potato/grafene/pomme/upstream/linux-hoolock/out-4k/modules-staging/lib/modules/7.0.12-gdfa4d4208131-dirty/kernel/net/netfilter/nft_chain_nat.ko
  INSTALL /home/potato/grafene/pomme/upstream/linux-hoolock/out-4k/modules-staging/lib/modules/7.0.12-gdfa4d4208131-dirty/kernel/net/netfilter/nf_flow_table.ko
  INSTALL /home/potato/grafene/pomme/upstream/linux-hoolock/out-4k/modules-staging/lib/modules/7.0.12-gdfa4d4208131-dirty/kernel/net/netfilter/x_tables.ko
  STRIP   /home/potato/grafene/pomme/upstream/linux-hoolock/out-4k/modules-staging/lib/modules/7.0.12-gdfa4d4208131-dirty/kernel/net/netfilter/nft_dup_netdev.ko
  INSTALL /home/potato/grafene/pomme/upstream/linux-hoolock/out-4k/modules-staging/lib/modules/7.0.12-gdfa4d4208131-dirty/kernel/net/netfilter/xt_tcpudp.ko
  STRIP   /home/potato/grafene/pomme/upstream/linux-hoolock/out-4k/modules-staging/lib/modules/7.0.12-gdfa4d4208131-dirty/kernel/net/netfilter/nft_fwd_netdev.ko
  INSTALL /home/potato/grafene/pomme/upstream/linux-hoolock/out-4k/modules-staging/lib/modules/7.0.12-gdfa4d4208131-dirty/kernel/net/netfilter/xt_mark.ko
  INSTALL /home/potato/grafene/pomme/upstream/linux-hoolock/out-4k/modules-staging/lib/modules/7.0.12-gdfa4d4208131-dirty/kernel/net/netfilter/xt_nat.ko
  STRIP   /home/potato/grafene/pomme/upstream/linux-hoolock/out-4k/modules-staging/lib/modules/7.0.12-gdfa4d4208131-dirty/kernel/net/netfilter/x_tables.ko
  STRIP   /home/potato/grafene/pomme/upstream/linux-hoolock/out-4k/modules-staging/lib/modules/7.0.12-gdfa4d4208131-dirty/kernel/net/netfilter/nf_flow_table.ko
  INSTALL /home/potato/grafene/pomme/upstream/linux-hoolock/out-4k/modules-staging/lib/modules/7.0.12-gdfa4d4208131-dirty/kernel/net/netfilter/xt_CHECKSUM.ko
  STRIP   /home/potato/grafene/pomme/upstream/linux-hoolock/out-4k/modules-staging/lib/modules/7.0.12-gdfa4d4208131-dirty/kernel/net/netfilter/xt_tcpudp.ko
  STRIP   /home/potato/grafene/pomme/upstream/linux-hoolock/out-4k/modules-staging/lib/modules/7.0.12-gdfa4d4208131-dirty/kernel/net/netfilter/xt_mark.ko
  INSTALL /home/potato/grafene/pomme/upstream/linux-hoolock/out-4k/modules-staging/lib/modules/7.0.12-gdfa4d4208131-dirty/kernel/net/netfilter/xt_LOG.ko
  INSTALL /home/potato/grafene/pomme/upstream/linux-hoolock/out-4k/modules-staging/lib/modules/7.0.12-gdfa4d4208131-dirty/kernel/net/netfilter/xt_REDIRECT.ko
  STRIP   /home/potato/grafene/pomme/upstream/linux-hoolock/out-4k/modules-staging/lib/modules/7.0.12-gdfa4d4208131-dirty/kernel/net/netfilter/xt_nat.ko
  STRIP   /home/potato/grafene/pomme/upstream/linux-hoolock/out-4k/modules-staging/lib/modules/7.0.12-gdfa4d4208131-dirty/kernel/net/netfilter/xt_CHECKSUM.ko
  INSTALL /home/potato/grafene/pomme/upstream/linux-hoolock/out-4k/modules-staging/lib/modules/7.0.12-gdfa4d4208131-dirty/kernel/net/netfilter/xt_MASQUERADE.ko
  STRIP   /home/potato/grafene/pomme/upstream/linux-hoolock/out-4k/modules-staging/lib/modules/7.0.12-gdfa4d4208131-dirty/kernel/net/netfilter/xt_LOG.ko
  INSTALL /home/potato/grafene/pomme/upstream/linux-hoolock/out-4k/modules-staging/lib/modules/7.0.12-gdfa4d4208131-dirty/kernel/net/netfilter/xt_TCPMSS.ko
  STRIP   /home/potato/grafene/pomme/upstream/linux-hoolock/out-4k/modules-staging/lib/modules/7.0.12-gdfa4d4208131-dirty/kernel/net/netfilter/xt_REDIRECT.ko
  INSTALL /home/potato/grafene/pomme/upstream/linux-hoolock/out-4k/modules-staging/lib/modules/7.0.12-gdfa4d4208131-dirty/kernel/net/netfilter/xt_addrtype.ko
  INSTALL /home/potato/grafene/pomme/upstream/linux-hoolock/out-4k/modules-staging/lib/modules/7.0.12-gdfa4d4208131-dirty/kernel/net/netfilter/xt_comment.ko
  INSTALL /home/potato/grafene/pomme/upstream/linux-hoolock/out-4k/modules-staging/lib/modules/7.0.12-gdfa4d4208131-dirty/kernel/net/netfilter/xt_conntrack.ko
  STRIP   /home/potato/grafene/pomme/upstream/linux-hoolock/out-4k/modules-staging/lib/modules/7.0.12-gdfa4d4208131-dirty/kernel/net/netfilter/xt_MASQUERADE.ko
  STRIP   /home/potato/grafene/pomme/upstream/linux-hoolock/out-4k/modules-staging/lib/modules/7.0.12-gdfa4d4208131-dirty/kernel/net/netfilter/xt_TCPMSS.ko
  STRIP   /home/potato/grafene/pomme/upstream/linux-hoolock/out-4k/modules-staging/lib/modules/7.0.12-gdfa4d4208131-dirty/kernel/net/netfilter/xt_addrtype.ko
  STRIP   /home/potato/grafene/pomme/upstream/linux-hoolock/out-4k/modules-staging/lib/modules/7.0.12-gdfa4d4208131-dirty/kernel/net/netfilter/xt_comment.ko
  INSTALL /home/potato/grafene/pomme/upstream/linux-hoolock/out-4k/modules-staging/lib/modules/7.0.12-gdfa4d4208131-dirty/kernel/net/netfilter/xt_ipvs.ko
  INSTALL /home/potato/grafene/pomme/upstream/linux-hoolock/out-4k/modules-staging/lib/modules/7.0.12-gdfa4d4208131-dirty/kernel/net/netfilter/xt_multiport.ko
  STRIP   /home/potato/grafene/pomme/upstream/linux-hoolock/out-4k/modules-staging/lib/modules/7.0.12-gdfa4d4208131-dirty/kernel/net/netfilter/xt_conntrack.ko
  INSTALL /home/potato/grafene/pomme/upstream/linux-hoolock/out-4k/modules-staging/lib/modules/7.0.12-gdfa4d4208131-dirty/kernel/net/netfilter/xt_statistic.ko
  INSTALL /home/potato/grafene/pomme/upstream/linux-hoolock/out-4k/modules-staging/lib/modules/7.0.12-gdfa4d4208131-dirty/kernel/net/netfilter/xt_tcpmss.ko
  STRIP   /home/potato/grafene/pomme/upstream/linux-hoolock/out-4k/modules-staging/lib/modules/7.0.12-gdfa4d4208131-dirty/kernel/net/netfilter/xt_ipvs.ko
  INSTALL /home/potato/grafene/pomme/upstream/linux-hoolock/out-4k/modules-staging/lib/modules/7.0.12-gdfa4d4208131-dirty/kernel/net/netfilter/ipvs/ip_vs.ko
  INSTALL /home/potato/grafene/pomme/upstream/linux-hoolock/out-4k/modules-staging/lib/modules/7.0.12-gdfa4d4208131-dirty/kernel/net/netfilter/ipvs/ip_vs_rr.ko
  STRIP   /home/potato/grafene/pomme/upstream/linux-hoolock/out-4k/modules-staging/lib/modules/7.0.12-gdfa4d4208131-dirty/kernel/net/netfilter/xt_multiport.ko
  STRIP   /home/potato/grafene/pomme/upstream/linux-hoolock/out-4k/modules-staging/lib/modules/7.0.12-gdfa4d4208131-dirty/kernel/net/netfilter/xt_statistic.ko
  INSTALL /home/potato/grafene/pomme/upstream/linux-hoolock/out-4k/modules-staging/lib/modules/7.0.12-gdfa4d4208131-dirty/kernel/net/ipv4/netfilter/nf_defrag_ipv4.ko
  STRIP   /home/potato/grafene/pomme/upstream/linux-hoolock/out-4k/modules-staging/lib/modules/7.0.12-gdfa4d4208131-dirty/kernel/net/netfilter/xt_tcpmss.ko
  INSTALL /home/potato/grafene/pomme/upstream/linux-hoolock/out-4k/modules-staging/lib/modules/7.0.12-gdfa4d4208131-dirty/kernel/net/ipv4/netfilter/nf_reject_ipv4.ko
  INSTALL /home/potato/grafene/pomme/upstream/linux-hoolock/out-4k/modules-staging/lib/modules/7.0.12-gdfa4d4208131-dirty/kernel/net/ipv4/netfilter/nft_reject_ipv4.ko
  STRIP   /home/potato/grafene/pomme/upstream/linux-hoolock/out-4k/modules-staging/lib/modules/7.0.12-gdfa4d4208131-dirty/kernel/net/netfilter/ipvs/ip_vs_rr.ko
  STRIP   /home/potato/grafene/pomme/upstream/linux-hoolock/out-4k/modules-staging/lib/modules/7.0.12-gdfa4d4208131-dirty/kernel/net/ipv4/netfilter/nf_defrag_ipv4.ko
  INSTALL /home/potato/grafene/pomme/upstream/linux-hoolock/out-4k/modules-staging/lib/modules/7.0.12-gdfa4d4208131-dirty/kernel/net/ipv4/netfilter/nft_fib_ipv4.ko
  STRIP   /home/potato/grafene/pomme/upstream/linux-hoolock/out-4k/modules-staging/lib/modules/7.0.12-gdfa4d4208131-dirty/kernel/net/ipv4/netfilter/nf_reject_ipv4.ko
  INSTALL /home/potato/grafene/pomme/upstream/linux-hoolock/out-4k/modules-staging/lib/modules/7.0.12-gdfa4d4208131-dirty/kernel/net/ipv4/netfilter/ip_tables.ko
  STRIP   /home/potato/grafene/pomme/upstream/linux-hoolock/out-4k/modules-staging/lib/modules/7.0.12-gdfa4d4208131-dirty/kernel/net/ipv4/netfilter/nft_reject_ipv4.ko
  STRIP   /home/potato/grafene/pomme/upstream/linux-hoolock/out-4k/modules-staging/lib/modules/7.0.12-gdfa4d4208131-dirty/kernel/net/netfilter/ipvs/ip_vs.ko
  INSTALL /home/potato/grafene/pomme/upstream/linux-hoolock/out-4k/modules-staging/lib/modules/7.0.12-gdfa4d4208131-dirty/kernel/net/ipv4/netfilter/iptable_filter.ko
  STRIP   /home/potato/grafene/pomme/upstream/linux-hoolock/out-4k/modules-staging/lib/modules/7.0.12-gdfa4d4208131-dirty/kernel/net/ipv4/netfilter/nft_fib_ipv4.ko
  INSTALL /home/potato/grafene/pomme/upstream/linux-hoolock/out-4k/modules-staging/lib/modules/7.0.12-gdfa4d4208131-dirty/kernel/net/ipv4/netfilter/iptable_mangle.ko
  STRIP   /home/potato/grafene/pomme/upstream/linux-hoolock/out-4k/modules-staging/lib/modules/7.0.12-gdfa4d4208131-dirty/kernel/net/ipv4/netfilter/ip_tables.ko
  INSTALL /home/potato/grafene/pomme/upstream/linux-hoolock/out-4k/modules-staging/lib/modules/7.0.12-gdfa4d4208131-dirty/kernel/net/ipv4/netfilter/iptable_nat.ko
  STRIP   /home/potato/grafene/pomme/upstream/linux-hoolock/out-4k/modules-staging/lib/modules/7.0.12-gdfa4d4208131-dirty/kernel/net/ipv4/netfilter/iptable_filter.ko
  INSTALL /home/potato/grafene/pomme/upstream/linux-hoolock/out-4k/modules-staging/lib/modules/7.0.12-gdfa4d4208131-dirty/kernel/net/ipv4/netfilter/iptable_raw.ko
  INSTALL /home/potato/grafene/pomme/upstream/linux-hoolock/out-4k/modules-staging/lib/modules/7.0.12-gdfa4d4208131-dirty/kernel/net/ipv4/netfilter/ipt_REJECT.ko
  STRIP   /home/potato/grafene/pomme/upstream/linux-hoolock/out-4k/modules-staging/lib/modules/7.0.12-gdfa4d4208131-dirty/kernel/net/ipv4/netfilter/iptable_mangle.ko
  INSTALL /home/potato/grafene/pomme/upstream/linux-hoolock/out-4k/modules-staging/lib/modules/7.0.12-gdfa4d4208131-dirty/kernel/net/ipv4/udp_tunnel.ko
  STRIP   /home/potato/grafene/pomme/upstream/linux-hoolock/out-4k/modules-staging/lib/modules/7.0.12-gdfa4d4208131-dirty/kernel/net/ipv4/netfilter/iptable_nat.ko
  INSTALL /home/potato/grafene/pomme/upstream/linux-hoolock/out-4k/modules-staging/lib/modules/7.0.12-gdfa4d4208131-dirty/kernel/net/ipv6/netfilter/ip6_tables.ko
  STRIP   /home/potato/grafene/pomme/upstream/linux-hoolock/out-4k/modules-staging/lib/modules/7.0.12-gdfa4d4208131-dirty/kernel/net/ipv4/netfilter/iptable_raw.ko
  STRIP   /home/potato/grafene/pomme/upstream/linux-hoolock/out-4k/modules-staging/lib/modules/7.0.12-gdfa4d4208131-dirty/kernel/net/ipv4/netfilter/ipt_REJECT.ko
  INSTALL /home/potato/grafene/pomme/upstream/linux-hoolock/out-4k/modules-staging/lib/modules/7.0.12-gdfa4d4208131-dirty/kernel/net/ipv6/netfilter/ip6table_filter.ko
  INSTALL /home/potato/grafene/pomme/upstream/linux-hoolock/out-4k/modules-staging/lib/modules/7.0.12-gdfa4d4208131-dirty/kernel/net/ipv6/netfilter/ip6table_mangle.ko
  STRIP   /home/potato/grafene/pomme/upstream/linux-hoolock/out-4k/modules-staging/lib/modules/7.0.12-gdfa4d4208131-dirty/kernel/net/ipv4/udp_tunnel.ko
  INSTALL /home/potato/grafene/pomme/upstream/linux-hoolock/out-4k/modules-staging/lib/modules/7.0.12-gdfa4d4208131-dirty/kernel/net/ipv6/netfilter/ip6table_raw.ko
  STRIP   /home/potato/grafene/pomme/upstream/linux-hoolock/out-4k/modules-staging/lib/modules/7.0.12-gdfa4d4208131-dirty/kernel/net/ipv6/netfilter/ip6_tables.ko
  INSTALL /home/potato/grafene/pomme/upstream/linux-hoolock/out-4k/modules-staging/lib/modules/7.0.12-gdfa4d4208131-dirty/kernel/net/ipv6/netfilter/ip6table_nat.ko
  STRIP   /home/potato/grafene/pomme/upstream/linux-hoolock/out-4k/modules-staging/lib/modules/7.0.12-gdfa4d4208131-dirty/kernel/net/ipv6/netfilter/ip6table_filter.ko
  STRIP   /home/potato/grafene/pomme/upstream/linux-hoolock/out-4k/modules-staging/lib/modules/7.0.12-gdfa4d4208131-dirty/kernel/net/ipv6/netfilter/ip6table_mangle.ko
  INSTALL /home/potato/grafene/pomme/upstream/linux-hoolock/out-4k/modules-staging/lib/modules/7.0.12-gdfa4d4208131-dirty/kernel/net/ipv6/netfilter/nf_defrag_ipv6.ko
  INSTALL /home/potato/grafene/pomme/upstream/linux-hoolock/out-4k/modules-staging/lib/modules/7.0.12-gdfa4d4208131-dirty/kernel/net/ipv6/netfilter/nf_reject_ipv6.ko
  STRIP   /home/potato/grafene/pomme/upstream/linux-hoolock/out-4k/modules-staging/lib/modules/7.0.12-gdfa4d4208131-dirty/kernel/net/ipv6/netfilter/ip6table_raw.ko
  INSTALL /home/potato/grafene/pomme/upstream/linux-hoolock/out-4k/modules-staging/lib/modules/7.0.12-gdfa4d4208131-dirty/kernel/net/ipv6/netfilter/nft_reject_ipv6.ko
  STRIP   /home/potato/grafene/pomme/upstream/linux-hoolock/out-4k/modules-staging/lib/modules/7.0.12-gdfa4d4208131-dirty/kernel/net/ipv6/netfilter/ip6table_nat.ko
  INSTALL /home/potato/grafene/pomme/upstream/linux-hoolock/out-4k/modules-staging/lib/modules/7.0.12-gdfa4d4208131-dirty/kernel/net/ipv6/netfilter/nft_fib_ipv6.ko
  STRIP   /home/potato/grafene/pomme/upstream/linux-hoolock/out-4k/modules-staging/lib/modules/7.0.12-gdfa4d4208131-dirty/kernel/net/ipv6/netfilter/nf_defrag_ipv6.ko
  INSTALL /home/potato/grafene/pomme/upstream/linux-hoolock/out-4k/modules-staging/lib/modules/7.0.12-gdfa4d4208131-dirty/kernel/net/ipv6/netfilter/ip6t_REJECT.ko
  STRIP   /home/potato/grafene/pomme/upstream/linux-hoolock/out-4k/modules-staging/lib/modules/7.0.12-gdfa4d4208131-dirty/kernel/net/ipv6/netfilter/nf_reject_ipv6.ko
  INSTALL /home/potato/grafene/pomme/upstream/linux-hoolock/out-4k/modules-staging/lib/modules/7.0.12-gdfa4d4208131-dirty/kernel/net/ipv6/ip6_udp_tunnel.ko
  STRIP   /home/potato/grafene/pomme/upstream/linux-hoolock/out-4k/modules-staging/lib/modules/7.0.12-gdfa4d4208131-dirty/kernel/net/ipv6/netfilter/nft_reject_ipv6.ko
  INSTALL /home/potato/grafene/pomme/upstream/linux-hoolock/out-4k/modules-staging/lib/modules/7.0.12-gdfa4d4208131-dirty/kernel/net/8021q/8021q.ko
  INSTALL /home/potato/grafene/pomme/upstream/linux-hoolock/out-4k/modules-staging/lib/modules/7.0.12-gdfa4d4208131-dirty/kernel/net/llc/llc.ko
  STRIP   /home/potato/grafene/pomme/upstream/linux-hoolock/out-4k/modules-staging/lib/modules/7.0.12-gdfa4d4208131-dirty/kernel/net/ipv6/netfilter/nft_fib_ipv6.ko
  STRIP   /home/potato/grafene/pomme/upstream/linux-hoolock/out-4k/modules-staging/lib/modules/7.0.12-gdfa4d4208131-dirty/kernel/net/ipv6/netfilter/ip6t_REJECT.ko
  STRIP   /home/potato/grafene/pomme/upstream/linux-hoolock/out-4k/modules-staging/lib/modules/7.0.12-gdfa4d4208131-dirty/kernel/net/ipv6/ip6_udp_tunnel.ko
  INSTALL /home/potato/grafene/pomme/upstream/linux-hoolock/out-4k/modules-staging/lib/modules/7.0.12-gdfa4d4208131-dirty/kernel/net/bridge/bridge.ko
  STRIP   /home/potato/grafene/pomme/upstream/linux-hoolock/out-4k/modules-staging/lib/modules/7.0.12-gdfa4d4208131-dirty/kernel/net/8021q/8021q.ko
  STRIP   /home/potato/grafene/pomme/upstream/linux-hoolock/out-4k/modules-staging/lib/modules/7.0.12-gdfa4d4208131-dirty/kernel/net/llc/llc.ko
  INSTALL /home/potato/grafene/pomme/upstream/linux-hoolock/out-4k/modules-staging/lib/modules/7.0.12-gdfa4d4208131-dirty/kernel/net/bridge/br_netfilter.ko
  INSTALL /home/potato/grafene/pomme/upstream/linux-hoolock/out-4k/modules-staging/lib/modules/7.0.12-gdfa4d4208131-dirty/kernel/net/bluetooth/bluetooth.ko
  INSTALL /home/potato/grafene/pomme/upstream/linux-hoolock/out-4k/modules-staging/lib/modules/7.0.12-gdfa4d4208131-dirty/kernel/net/bluetooth/hidp/hidp.ko
  INSTALL /home/potato/grafene/pomme/upstream/linux-hoolock/out-4k/modules-staging/lib/modules/7.0.12-gdfa4d4208131-dirty/kernel/net/sunrpc/sunrpc.ko
  INSTALL /home/potato/grafene/pomme/upstream/linux-hoolock/out-4k/modules-staging/lib/modules/7.0.12-gdfa4d4208131-dirty/kernel/net/sunrpc/auth_gss/auth_rpcgss.ko
  STRIP   /home/potato/grafene/pomme/upstream/linux-hoolock/out-4k/modules-staging/lib/modules/7.0.12-gdfa4d4208131-dirty/kernel/net/bridge/br_netfilter.ko
  INSTALL /home/potato/grafene/pomme/upstream/linux-hoolock/out-4k/modules-staging/lib/modules/7.0.12-gdfa4d4208131-dirty/kernel/net/sunrpc/auth_gss/rpcsec_gss_krb5.ko
  INSTALL /home/potato/grafene/pomme/upstream/linux-hoolock/out-4k/modules-staging/lib/modules/7.0.12-gdfa4d4208131-dirty/kernel/net/rfkill/rfkill.ko
  STRIP   /home/potato/grafene/pomme/upstream/linux-hoolock/out-4k/modules-staging/lib/modules/7.0.12-gdfa4d4208131-dirty/kernel/net/bluetooth/hidp/hidp.ko
  STRIP   /home/potato/grafene/pomme/upstream/linux-hoolock/out-4k/modules-staging/lib/modules/7.0.12-gdfa4d4208131-dirty/kernel/net/rfkill/rfkill.ko
  STRIP   /home/potato/grafene/pomme/upstream/linux-hoolock/out-4k/modules-staging/lib/modules/7.0.12-gdfa4d4208131-dirty/kernel/net/sunrpc/auth_gss/auth_rpcgss.ko
  ZSTD    /home/potato/grafene/pomme/upstream/linux-hoolock/out-4k/modules-staging/lib/modules/7.0.12-gdfa4d4208131-dirty/kernel/fs/nfs_common/nfs_acl.ko.zst
  STRIP   /home/potato/grafene/pomme/upstream/linux-hoolock/out-4k/modules-staging/lib/modules/7.0.12-gdfa4d4208131-dirty/kernel/net/sunrpc/auth_gss/rpcsec_gss_krb5.ko
  STRIP   /home/potato/grafene/pomme/upstream/linux-hoolock/out-4k/modules-staging/lib/modules/7.0.12-gdfa4d4208131-dirty/kernel/net/bridge/bridge.ko
  ZSTD    /home/potato/grafene/pomme/upstream/linux-hoolock/out-4k/modules-staging/lib/modules/7.0.12-gdfa4d4208131-dirty/kernel/fs/nfs_common/grace.ko.zst
  ZSTD    /home/potato/grafene/pomme/upstream/linux-hoolock/out-4k/modules-staging/lib/modules/7.0.12-gdfa4d4208131-dirty/kernel/fs/nls/nls_ucs2_utils.ko.zst
  ZSTD    /home/potato/grafene/pomme/upstream/linux-hoolock/out-4k/modules-staging/lib/modules/7.0.12-gdfa4d4208131-dirty/kernel/fs/binfmt_misc.ko.zst
  ZSTD    /home/potato/grafene/pomme/upstream/linux-hoolock/out-4k/modules-staging/lib/modules/7.0.12-gdfa4d4208131-dirty/kernel/fs/netfs/netfs.ko.zst
  STRIP   /home/potato/grafene/pomme/upstream/linux-hoolock/out-4k/modules-staging/lib/modules/7.0.12-gdfa4d4208131-dirty/kernel/net/bluetooth/bluetooth.ko
  ZSTD    /home/potato/grafene/pomme/upstream/linux-hoolock/out-4k/modules-staging/lib/modules/7.0.12-gdfa4d4208131-dirty/kernel/fs/squashfs/squashfs.ko.zst
  STRIP   /home/potato/grafene/pomme/upstream/linux-hoolock/out-4k/modules-staging/lib/modules/7.0.12-gdfa4d4208131-dirty/kernel/net/sunrpc/sunrpc.ko
  ZSTD    /home/potato/grafene/pomme/upstream/linux-hoolock/out-4k/modules-staging/lib/modules/7.0.12-gdfa4d4208131-dirty/kernel/fs/exfat/exfat.ko.zst
  ZSTD    /home/potato/grafene/pomme/upstream/linux-hoolock/out-4k/modules-staging/lib/modules/7.0.12-gdfa4d4208131-dirty/kernel/fs/nfs/nfs.ko.zst
  ZSTD    /home/potato/grafene/pomme/upstream/linux-hoolock/out-4k/modules-staging/lib/modules/7.0.12-gdfa4d4208131-dirty/kernel/fs/nfs/nfsv3.ko.zst
  ZSTD    /home/potato/grafene/pomme/upstream/linux-hoolock/out-4k/modules-staging/lib/modules/7.0.12-gdfa4d4208131-dirty/kernel/fs/nfs/nfsv4.ko.zst
  ZSTD    /home/potato/grafene/pomme/upstream/linux-hoolock/out-4k/modules-staging/lib/modules/7.0.12-gdfa4d4208131-dirty/kernel/fs/nfs/filelayout/nfs_layout_nfsv41_files.ko.zst
  ZSTD    /home/potato/grafene/pomme/upstream/linux-hoolock/out-4k/modules-staging/lib/modules/7.0.12-gdfa4d4208131-dirty/kernel/fs/nfs/blocklayout/blocklayoutdriver.ko.zst
  ZSTD    /home/potato/grafene/pomme/upstream/linux-hoolock/out-4k/modules-staging/lib/modules/7.0.12-gdfa4d4208131-dirty/kernel/fs/nfs/flexfilelayout/nfs_layout_flexfiles.ko.zst
  ZSTD    /home/potato/grafene/pomme/upstream/linux-hoolock/out-4k/modules-staging/lib/modules/7.0.12-gdfa4d4208131-dirty/kernel/fs/nfsd/nfsd.ko.zst
  ZSTD    /home/potato/grafene/pomme/upstream/linux-hoolock/out-4k/modules-staging/lib/modules/7.0.12-gdfa4d4208131-dirty/kernel/fs/lockd/lockd.ko.zst
  ZSTD    /home/potato/grafene/pomme/upstream/linux-hoolock/out-4k/modules-staging/lib/modules/7.0.12-gdfa4d4208131-dirty/kernel/fs/smb/common/cifs_md4.ko.zst
  ZSTD    /home/potato/grafene/pomme/upstream/linux-hoolock/out-4k/modules-staging/lib/modules/7.0.12-gdfa4d4208131-dirty/kernel/fs/smb/client/cifs.ko.zst
  ZSTD    /home/potato/grafene/pomme/upstream/linux-hoolock/out-4k/modules-staging/lib/modules/7.0.12-gdfa4d4208131-dirty/kernel/fs/ntfs3/ntfs3.ko.zst
  ZSTD    /home/potato/grafene/pomme/upstream/linux-hoolock/out-4k/modules-staging/lib/modules/7.0.12-gdfa4d4208131-dirty/kernel/fs/fuse/fuse.ko.zst
  ZSTD    /home/potato/grafene/pomme/upstream/linux-hoolock/out-4k/modules-staging/lib/modules/7.0.12-gdfa4d4208131-dirty/kernel/fs/overlayfs/overlay.ko.zst
  ZSTD    /home/potato/grafene/pomme/upstream/linux-hoolock/out-4k/modules-staging/lib/modules/7.0.12-gdfa4d4208131-dirty/kernel/fs/udf/udf.ko.zst
  ZSTD    /home/potato/grafene/pomme/upstream/linux-hoolock/out-4k/modules-staging/lib/modules/7.0.12-gdfa4d4208131-dirty/kernel/fs/xfs/xfs.ko.zst
  ZSTD    /home/potato/grafene/pomme/upstream/linux-hoolock/out-4k/modules-staging/lib/modules/7.0.12-gdfa4d4208131-dirty/kernel/fs/cachefiles/cachefiles.ko.zst
  ZSTD    /home/potato/grafene/pomme/upstream/linux-hoolock/out-4k/modules-staging/lib/modules/7.0.12-gdfa4d4208131-dirty/kernel/fs/efivarfs/efivarfs.ko.zst
  ZSTD    /home/potato/grafene/pomme/upstream/linux-hoolock/out-4k/modules-staging/lib/modules/7.0.12-gdfa4d4208131-dirty/kernel/fs/erofs/erofs.ko.zst
  ZSTD    /home/potato/grafene/pomme/upstream/linux-hoolock/out-4k/modules-staging/lib/modules/7.0.12-gdfa4d4208131-dirty/kernel/crypto/asymmetric_keys/pkcs8_key_parser.ko.zst
  ZSTD    /home/potato/grafene/pomme/upstream/linux-hoolock/out-4k/modules-staging/lib/modules/7.0.12-gdfa4d4208131-dirty/kernel/crypto/cmac.ko.zst
  ZSTD    /home/potato/grafene/pomme/upstream/linux-hoolock/out-4k/modules-staging/lib/modules/7.0.12-gdfa4d4208131-dirty/kernel/crypto/md4.ko.zst
  ZSTD    /home/potato/grafene/pomme/upstream/linux-hoolock/out-4k/modules-staging/lib/modules/7.0.12-gdfa4d4208131-dirty/kernel/crypto/des_generic.ko.zst
  ZSTD    /home/potato/grafene/pomme/upstream/linux-hoolock/out-4k/modules-staging/lib/modules/7.0.12-gdfa4d4208131-dirty/kernel/crypto/camellia_generic.ko.zst
  ZSTD    /home/potato/grafene/pomme/upstream/linux-hoolock/out-4k/modules-staging/lib/modules/7.0.12-gdfa4d4208131-dirty/kernel/crypto/algif_hash.ko.zst
  ZSTD    /home/potato/grafene/pomme/upstream/linux-hoolock/out-4k/modules-staging/lib/modules/7.0.12-gdfa4d4208131-dirty/kernel/crypto/algif_skcipher.ko.zst
  ZSTD    /home/potato/grafene/pomme/upstream/linux-hoolock/out-4k/modules-staging/lib/modules/7.0.12-gdfa4d4208131-dirty/kernel/crypto/async_tx/async_tx.ko.zst
  ZSTD    /home/potato/grafene/pomme/upstream/linux-hoolock/out-4k/modules-staging/lib/modules/7.0.12-gdfa4d4208131-dirty/kernel/crypto/async_tx/async_xor.ko.zst
  ZSTD    /home/potato/grafene/pomme/upstream/linux-hoolock/out-4k/modules-staging/lib/modules/7.0.12-gdfa4d4208131-dirty/kernel/block/bsg.ko.zst
  ZSTD    /home/potato/grafene/pomme/upstream/linux-hoolock/out-4k/modules-staging/lib/modules/7.0.12-gdfa4d4208131-dirty/kernel/lib/crc/crc-itu-t.ko.zst
  ZSTD    /home/potato/grafene/pomme/upstream/linux-hoolock/out-4k/modules-staging/lib/modules/7.0.12-gdfa4d4208131-dirty/kernel/lib/crypto/libarc4.ko.zst
  ZSTD    /home/potato/grafene/pomme/upstream/linux-hoolock/out-4k/modules-staging/lib/modules/7.0.12-gdfa4d4208131-dirty/kernel/lib/crypto/libchacha20poly1305.ko.zst
  ZSTD    /home/potato/grafene/pomme/upstream/linux-hoolock/out-4k/modules-staging/lib/modules/7.0.12-gdfa4d4208131-dirty/kernel/lib/crypto/libcurve25519.ko.zst
  ZSTD    /home/potato/grafene/pomme/upstream/linux-hoolock/out-4k/modules-staging/lib/modules/7.0.12-gdfa4d4208131-dirty/kernel/lib/crypto/libdes.ko.zst
  ZSTD    /home/potato/grafene/pomme/upstream/linux-hoolock/out-4k/modules-staging/lib/modules/7.0.12-gdfa4d4208131-dirty/kernel/drivers/leds/trigger/ledtrig-timer.ko.zst
  ZSTD    /home/potato/grafene/pomme/upstream/linux-hoolock/out-4k/modules-staging/lib/modules/7.0.12-gdfa4d4208131-dirty/kernel/lib/crypto/libpoly1305.ko.zst
  ZSTD    /home/potato/grafene/pomme/upstream/linux-hoolock/out-4k/modules-staging/lib/modules/7.0.12-gdfa4d4208131-dirty/kernel/drivers/leds/trigger/ledtrig-pattern.ko.zst
  ZSTD    /home/potato/grafene/pomme/upstream/linux-hoolock/out-4k/modules-staging/lib/modules/7.0.12-gdfa4d4208131-dirty/kernel/drivers/leds/led-class.ko.zst
  ZSTD    /home/potato/grafene/pomme/upstream/linux-hoolock/out-4k/modules-staging/lib/modules/7.0.12-gdfa4d4208131-dirty/kernel/drivers/leds/led-class-multicolor.ko.zst
  ZSTD    /home/potato/grafene/pomme/upstream/linux-hoolock/out-4k/modules-staging/lib/modules/7.0.12-gdfa4d4208131-dirty/kernel/drivers/video/backlight/lcd.ko.zst
  ZSTD    /home/potato/grafene/pomme/upstream/linux-hoolock/out-4k/modules-staging/lib/modules/7.0.12-gdfa4d4208131-dirty/kernel/drivers/tty/ttynull.ko.zst
  ZSTD    /home/potato/grafene/pomme/upstream/linux-hoolock/out-4k/modules-staging/lib/modules/7.0.12-gdfa4d4208131-dirty/kernel/drivers/char/hw_random/virtio-rng.ko.zst
  ZSTD    /home/potato/grafene/pomme/upstream/linux-hoolock/out-4k/modules-staging/lib/modules/7.0.12-gdfa4d4208131-dirty/kernel/drivers/gpu/drm/udl/udl.ko.zst
  ZSTD    /home/potato/grafene/pomme/upstream/linux-hoolock/out-4k/modules-staging/lib/modules/7.0.12-gdfa4d4208131-dirty/kernel/drivers/block/nbd.ko.zst
  ZSTD    /home/potato/grafene/pomme/upstream/linux-hoolock/out-4k/modules-staging/lib/modules/7.0.12-gdfa4d4208131-dirty/kernel/drivers/block/ublk_drv.ko.zst
  ZSTD    /home/potato/grafene/pomme/upstream/linux-hoolock/out-4k/modules-staging/lib/modules/7.0.12-gdfa4d4208131-dirty/kernel/drivers/misc/enclosure.ko.zst
  ZSTD    /home/potato/grafene/pomme/upstream/linux-hoolock/out-4k/modules-staging/lib/modules/7.0.12-gdfa4d4208131-dirty/kernel/drivers/misc/ntsync.ko.zst
  ZSTD    /home/potato/grafene/pomme/upstream/linux-hoolock/out-4k/modules-staging/lib/modules/7.0.12-gdfa4d4208131-dirty/kernel/drivers/misc/hmc6352.ko.zst
  ZSTD    /home/potato/grafene/pomme/upstream/linux-hoolock/out-4k/modules-staging/lib/modules/7.0.12-gdfa4d4208131-dirty/kernel/drivers/misc/hi6421v600-irq.ko.zst
  ZSTD    /home/potato/grafene/pomme/upstream/linux-hoolock/out-4k/modules-staging/lib/modules/7.0.12-gdfa4d4208131-dirty/kernel/drivers/scsi/scsi_mod.ko.zst
  ZSTD    /home/potato/grafene/pomme/upstream/linux-hoolock/out-4k/modules-staging/lib/modules/7.0.12-gdfa4d4208131-dirty/kernel/drivers/scsi/scsi_common.ko.zst
  ZSTD    /home/potato/grafene/pomme/upstream/linux-hoolock/out-4k/modules-staging/lib/modules/7.0.12-gdfa4d4208131-dirty/kernel/drivers/net/phy/mdio-bus.ko.zst
  ZSTD    /home/potato/grafene/pomme/upstream/linux-hoolock/out-4k/modules-staging/lib/modules/7.0.12-gdfa4d4208131-dirty/kernel/drivers/net/phy/phylink.ko.zst
  ZSTD    /home/potato/grafene/pomme/upstream/linux-hoolock/out-4k/modules-staging/lib/modules/7.0.12-gdfa4d4208131-dirty/kernel/drivers/net/phy/libphy.ko.zst
  ZSTD    /home/potato/grafene/pomme/upstream/linux-hoolock/out-4k/modules-staging/lib/modules/7.0.12-gdfa4d4208131-dirty/kernel/drivers/net/phy/mdio_devres.ko.zst
  ZSTD    /home/potato/grafene/pomme/upstream/linux-hoolock/out-4k/modules-staging/lib/modules/7.0.12-gdfa4d4208131-dirty/kernel/drivers/net/phy/ax88796b.ko.zst
  ZSTD    /home/potato/grafene/pomme/upstream/linux-hoolock/out-4k/modules-staging/lib/modules/7.0.12-gdfa4d4208131-dirty/kernel/drivers/net/phy/fixed_phy.ko.zst
  ZSTD    /home/potato/grafene/pomme/upstream/linux-hoolock/out-4k/modules-staging/lib/modules/7.0.12-gdfa4d4208131-dirty/kernel/drivers/net/mdio/fwnode_mdio.ko.zst
  ZSTD    /home/potato/grafene/pomme/upstream/linux-hoolock/out-4k/modules-staging/lib/modules/7.0.12-gdfa4d4208131-dirty/kernel/drivers/net/mdio/of_mdio.ko.zst
  ZSTD    /home/potato/grafene/pomme/upstream/linux-hoolock/out-4k/modules-staging/lib/modules/7.0.12-gdfa4d4208131-dirty/kernel/drivers/net/ipvlan/ipvlan.ko.zst
  ZSTD    /home/potato/grafene/pomme/upstream/linux-hoolock/out-4k/modules-staging/lib/modules/7.0.12-gdfa4d4208131-dirty/kernel/drivers/net/dummy.ko.zst
  ZSTD    /home/potato/grafene/pomme/upstream/linux-hoolock/out-4k/modules-staging/lib/modules/7.0.12-gdfa4d4208131-dirty/kernel/drivers/net/wireguard/wireguard.ko.zst
  ZSTD    /home/potato/grafene/pomme/upstream/linux-hoolock/out-4k/modules-staging/lib/modules/7.0.12-gdfa4d4208131-dirty/kernel/drivers/net/macvlan.ko.zst
  ZSTD    /home/potato/grafene/pomme/upstream/linux-hoolock/out-4k/modules-staging/lib/modules/7.0.12-gdfa4d4208131-dirty/kernel/drivers/net/mii.ko.zst
  ZSTD    /home/potato/grafene/pomme/upstream/linux-hoolock/out-4k/modules-staging/lib/modules/7.0.12-gdfa4d4208131-dirty/kernel/drivers/net/tun.ko.zst
  ZSTD    /home/potato/grafene/pomme/upstream/linux-hoolock/out-4k/modules-staging/lib/modules/7.0.12-gdfa4d4208131-dirty/kernel/drivers/net/veth.ko.zst
  ZSTD    /home/potato/grafene/pomme/upstream/linux-hoolock/out-4k/modules-staging/lib/modules/7.0.12-gdfa4d4208131-dirty/kernel/drivers/net/vxlan/vxlan.ko.zst
  ZSTD    /home/potato/grafene/pomme/upstream/linux-hoolock/out-4k/modules-staging/lib/modules/7.0.12-gdfa4d4208131-dirty/kernel/drivers/net/usb/r8152.ko.zst
  ZSTD    /home/potato/grafene/pomme/upstream/linux-hoolock/out-4k/modules-staging/lib/modules/7.0.12-gdfa4d4208131-dirty/kernel/drivers/net/usb/asix.ko.zst
  ZSTD    /home/potato/grafene/pomme/upstream/linux-hoolock/out-4k/modules-staging/lib/modules/7.0.12-gdfa4d4208131-dirty/kernel/drivers/net/usb/ax88179_178a.ko.zst
  ZSTD    /home/potato/grafene/pomme/upstream/linux-hoolock/out-4k/modules-staging/lib/modules/7.0.12-gdfa4d4208131-dirty/kernel/drivers/net/usb/cdc_ether.ko.zst
  ZSTD    /home/potato/grafene/pomme/upstream/linux-hoolock/out-4k/modules-staging/lib/modules/7.0.12-gdfa4d4208131-dirty/kernel/drivers/net/usb/net1080.ko.zst
  ZSTD    /home/potato/grafene/pomme/upstream/linux-hoolock/out-4k/modules-staging/lib/modules/7.0.12-gdfa4d4208131-dirty/kernel/drivers/net/usb/rndis_host.ko.zst
  ZSTD    /home/potato/grafene/pomme/upstream/linux-hoolock/out-4k/modules-staging/lib/modules/7.0.12-gdfa4d4208131-dirty/kernel/drivers/net/usb/cdc_subset.ko.zst
  ZSTD    /home/potato/grafene/pomme/upstream/linux-hoolock/out-4k/modules-staging/lib/modules/7.0.12-gdfa4d4208131-dirty/kernel/drivers/net/usb/zaurus.ko.zst
  ZSTD    /home/potato/grafene/pomme/upstream/linux-hoolock/out-4k/modules-staging/lib/modules/7.0.12-gdfa4d4208131-dirty/kernel/drivers/net/usb/usbnet.ko.zst
  ZSTD    /home/potato/grafene/pomme/upstream/linux-hoolock/out-4k/modules-staging/lib/modules/7.0.12-gdfa4d4208131-dirty/kernel/drivers/net/usb/cdc_ncm.ko.zst
  ZSTD    /home/potato/grafene/pomme/upstream/linux-hoolock/out-4k/modules-staging/lib/modules/7.0.12-gdfa4d4208131-dirty/kernel/drivers/net/usb/r8153_ecm.ko.zst
  ZSTD    /home/potato/grafene/pomme/upstream/linux-hoolock/out-4k/modules-staging/lib/modules/7.0.12-gdfa4d4208131-dirty/kernel/drivers/usb/storage/uas.ko.zst
  ZSTD    /home/potato/grafene/pomme/upstream/linux-hoolock/out-4k/modules-staging/lib/modules/7.0.12-gdfa4d4208131-dirty/kernel/drivers/usb/storage/usb-storage.ko.zst
  ZSTD    /home/potato/grafene/pomme/upstream/linux-hoolock/out-4k/modules-staging/lib/modules/7.0.12-gdfa4d4208131-dirty/kernel/drivers/usb/gadget/function/usb_f_serial.ko.zst
  ZSTD    /home/potato/grafene/pomme/upstream/linux-hoolock/out-4k/modules-staging/lib/modules/7.0.12-gdfa4d4208131-dirty/kernel/drivers/usb/gadget/function/usb_f_ncm.ko.zst
  ZSTD    /home/potato/grafene/pomme/upstream/linux-hoolock/out-4k/modules-staging/lib/modules/7.0.12-gdfa4d4208131-dirty/kernel/drivers/usb/gadget/function/usb_f_eem.ko.zst
  ZSTD    /home/potato/grafene/pomme/upstream/linux-hoolock/out-4k/modules-staging/lib/modules/7.0.12-gdfa4d4208131-dirty/kernel/drivers/usb/gadget/function/usb_f_rndis.ko.zst
  ZSTD    /home/potato/grafene/pomme/upstream/linux-hoolock/out-4k/modules-staging/lib/modules/7.0.12-gdfa4d4208131-dirty/kernel/drivers/usb/gadget/function/usb_f_fs.ko.zst
  ZSTD    /home/potato/grafene/pomme/upstream/linux-hoolock/out-4k/modules-staging/lib/modules/7.0.12-gdfa4d4208131-dirty/kernel/drivers/usb/class/usblp.ko.zst
  ZSTD    /home/potato/grafene/pomme/upstream/linux-hoolock/out-4k/modules-staging/lib/modules/7.0.12-gdfa4d4208131-dirty/kernel/drivers/usb/serial/usbserial.ko.zst
  ZSTD    /home/potato/grafene/pomme/upstream/linux-hoolock/out-4k/modules-staging/lib/modules/7.0.12-gdfa4d4208131-dirty/kernel/drivers/usb/serial/cp210x.ko.zst
  ZSTD    /home/potato/grafene/pomme/upstream/linux-hoolock/out-4k/modules-staging/lib/modules/7.0.12-gdfa4d4208131-dirty/kernel/drivers/usb/serial/usb-serial-simple.ko.zst
  ZSTD    /home/potato/grafene/pomme/upstream/linux-hoolock/out-4k/modules-staging/lib/modules/7.0.12-gdfa4d4208131-dirty/kernel/drivers/input/joystick/xpad.ko.zst
  ZSTD    /home/potato/grafene/pomme/upstream/linux-hoolock/out-4k/modules-staging/lib/modules/7.0.12-gdfa4d4208131-dirty/kernel/drivers/input/ff-memless.ko.zst
  ZSTD    /home/potato/grafene/pomme/upstream/linux-hoolock/out-4k/modules-staging/lib/modules/7.0.12-gdfa4d4208131-dirty/kernel/drivers/input/vivaldi-fmap.ko.zst
  ZSTD    /home/potato/grafene/pomme/upstream/linux-hoolock/out-4k/modules-staging/lib/modules/7.0.12-gdfa4d4208131-dirty/kernel/drivers/input/input-leds.ko.zst
  ZSTD    /home/potato/grafene/pomme/upstream/linux-hoolock/out-4k/modules-staging/lib/modules/7.0.12-gdfa4d4208131-dirty/kernel/drivers/input/evdev.ko.zst
  ZSTD    /home/potato/grafene/pomme/upstream/linux-hoolock/out-4k/modules-staging/lib/modules/7.0.12-gdfa4d4208131-dirty/kernel/drivers/input/rmi4/rmi_core.ko.zst
  ZSTD    /home/potato/grafene/pomme/upstream/linux-hoolock/out-4k/modules-staging/lib/modules/7.0.12-gdfa4d4208131-dirty/kernel/drivers/md/dm-bufio.ko.zst
  ZSTD    /home/potato/grafene/pomme/upstream/linux-hoolock/out-4k/modules-staging/lib/modules/7.0.12-gdfa4d4208131-dirty/kernel/drivers/md/dm-bio-prison.ko.zst
  ZSTD    /home/potato/grafene/pomme/upstream/linux-hoolock/out-4k/modules-staging/lib/modules/7.0.12-gdfa4d4208131-dirty/kernel/drivers/md/persistent-data/dm-persistent-data.ko.zst
  ZSTD    /home/potato/grafene/pomme/upstream/linux-hoolock/out-4k/modules-staging/lib/modules/7.0.12-gdfa4d4208131-dirty/kernel/drivers/md/dm-thin-pool.ko.zst
  ZSTD    /home/potato/grafene/pomme/upstream/linux-hoolock/out-4k/modules-staging/lib/modules/7.0.12-gdfa4d4208131-dirty/kernel/drivers/md/dm-verity.ko.zst
  ZSTD    /home/potato/grafene/pomme/upstream/linux-hoolock/out-4k/modules-staging/lib/modules/7.0.12-gdfa4d4208131-dirty/kernel/drivers/md/dm-integrity.ko.zst
  ZSTD    /home/potato/grafene/pomme/upstream/linux-hoolock/out-4k/modules-staging/lib/modules/7.0.12-gdfa4d4208131-dirty/kernel/drivers/accessibility/speakup/speakup_acntsa.ko.zst
  ZSTD    /home/potato/grafene/pomme/upstream/linux-hoolock/out-4k/modules-staging/lib/modules/7.0.12-gdfa4d4208131-dirty/kernel/drivers/accessibility/speakup/speakup_apollo.ko.zst
  ZSTD    /home/potato/grafene/pomme/upstream/linux-hoolock/out-4k/modules-staging/lib/modules/7.0.12-gdfa4d4208131-dirty/kernel/drivers/accessibility/speakup/speakup_audptr.ko.zst
  ZSTD    /home/potato/grafene/pomme/upstream/linux-hoolock/out-4k/modules-staging/lib/modules/7.0.12-gdfa4d4208131-dirty/kernel/drivers/accessibility/speakup/speakup_bns.ko.zst
  ZSTD    /home/potato/grafene/pomme/upstream/linux-hoolock/out-4k/modules-staging/lib/modules/7.0.12-gdfa4d4208131-dirty/kernel/drivers/accessibility/speakup/speakup_dectlk.ko.zst
  ZSTD    /home/potato/grafene/pomme/upstream/linux-hoolock/out-4k/modules-staging/lib/modules/7.0.12-gdfa4d4208131-dirty/kernel/drivers/accessibility/speakup/speakup_decext.ko.zst
  ZSTD    /home/potato/grafene/pomme/upstream/linux-hoolock/out-4k/modules-staging/lib/modules/7.0.12-gdfa4d4208131-dirty/kernel/drivers/accessibility/speakup/speakup_ltlk.ko.zst
  ZSTD    /home/potato/grafene/pomme/upstream/linux-hoolock/out-4k/modules-staging/lib/modules/7.0.12-gdfa4d4208131-dirty/kernel/drivers/accessibility/speakup/speakup_soft.ko.zst
  ZSTD    /home/potato/grafene/pomme/upstream/linux-hoolock/out-4k/modules-staging/lib/modules/7.0.12-gdfa4d4208131-dirty/kernel/drivers/accessibility/speakup/speakup_spkout.ko.zst
  ZSTD    /home/potato/grafene/pomme/upstream/linux-hoolock/out-4k/modules-staging/lib/modules/7.0.12-gdfa4d4208131-dirty/kernel/drivers/accessibility/speakup/speakup_txprt.ko.zst
  ZSTD    /home/potato/grafene/pomme/upstream/linux-hoolock/out-4k/modules-staging/lib/modules/7.0.12-gdfa4d4208131-dirty/kernel/drivers/accessibility/speakup/speakup.ko.zst
  ZSTD    /home/potato/grafene/pomme/upstream/linux-hoolock/out-4k/modules-staging/lib/modules/7.0.12-gdfa4d4208131-dirty/kernel/drivers/hid/uhid.ko.zst
  ZSTD    /home/potato/grafene/pomme/upstream/linux-hoolock/out-4k/modules-staging/lib/modules/7.0.12-gdfa4d4208131-dirty/kernel/drivers/hid/hid-generic.ko.zst
  ZSTD    /home/potato/grafene/pomme/upstream/linux-hoolock/out-4k/modules-staging/lib/modules/7.0.12-gdfa4d4208131-dirty/kernel/drivers/hid/hid-a4tech.ko.zst
  ZSTD    /home/potato/grafene/pomme/upstream/linux-hoolock/out-4k/modules-staging/lib/modules/7.0.12-gdfa4d4208131-dirty/kernel/drivers/hid/hid-accutouch.ko.zst
  ZSTD    /home/potato/grafene/pomme/upstream/linux-hoolock/out-4k/modules-staging/lib/modules/7.0.12-gdfa4d4208131-dirty/kernel/drivers/hid/hid-alps.ko.zst
  ZSTD    /home/potato/grafene/pomme/upstream/linux-hoolock/out-4k/modules-staging/lib/modules/7.0.12-gdfa4d4208131-dirty/kernel/drivers/hid/hid-axff.ko.zst
  ZSTD    /home/potato/grafene/pomme/upstream/linux-hoolock/out-4k/modules-staging/lib/modules/7.0.12-gdfa4d4208131-dirty/kernel/drivers/hid/hid-apple.ko.zst
  ZSTD    /home/potato/grafene/pomme/upstream/linux-hoolock/out-4k/modules-staging/lib/modules/7.0.12-gdfa4d4208131-dirty/kernel/drivers/hid/hid-appleir.ko.zst
  ZSTD    /home/potato/grafene/pomme/upstream/linux-hoolock/out-4k/modules-staging/lib/modules/7.0.12-gdfa4d4208131-dirty/kernel/drivers/hid/hid-creative-sb0540.ko.zst
  ZSTD    /home/potato/grafene/pomme/upstream/linux-hoolock/out-4k/modules-staging/lib/modules/7.0.12-gdfa4d4208131-dirty/kernel/drivers/hid/hid-aureal.ko.zst
  ZSTD    /home/potato/grafene/pomme/upstream/linux-hoolock/out-4k/modules-staging/lib/modules/7.0.12-gdfa4d4208131-dirty/kernel/drivers/hid/hid-belkin.ko.zst
  ZSTD    /home/potato/grafene/pomme/upstream/linux-hoolock/out-4k/modules-staging/lib/modules/7.0.12-gdfa4d4208131-dirty/kernel/drivers/hid/hid-betopff.ko.zst
  ZSTD    /home/potato/grafene/pomme/upstream/linux-hoolock/out-4k/modules-staging/lib/modules/7.0.12-gdfa4d4208131-dirty/kernel/drivers/hid/hid-bigbenff.ko.zst
  ZSTD    /home/potato/grafene/pomme/upstream/linux-hoolock/out-4k/modules-staging/lib/modules/7.0.12-gdfa4d4208131-dirty/kernel/drivers/hid/hid-cherry.ko.zst
  ZSTD    /home/potato/grafene/pomme/upstream/linux-hoolock/out-4k/modules-staging/lib/modules/7.0.12-gdfa4d4208131-dirty/kernel/drivers/hid/hid-chicony.ko.zst
  ZSTD    /home/potato/grafene/pomme/upstream/linux-hoolock/out-4k/modules-staging/lib/modules/7.0.12-gdfa4d4208131-dirty/kernel/drivers/hid/hid-cmedia.ko.zst
  ZSTD    /home/potato/grafene/pomme/upstream/linux-hoolock/out-4k/modules-staging/lib/modules/7.0.12-gdfa4d4208131-dirty/kernel/drivers/hid/hid-corsair.ko.zst
  ZSTD    /home/potato/grafene/pomme/upstream/linux-hoolock/out-4k/modules-staging/lib/modules/7.0.12-gdfa4d4208131-dirty/kernel/drivers/hid/hid-corsair-void.ko.zst
  ZSTD    /home/potato/grafene/pomme/upstream/linux-hoolock/out-4k/modules-staging/lib/modules/7.0.12-gdfa4d4208131-dirty/kernel/drivers/hid/hid-cougar.ko.zst
  ZSTD    /home/potato/grafene/pomme/upstream/linux-hoolock/out-4k/modules-staging/lib/modules/7.0.12-gdfa4d4208131-dirty/kernel/drivers/hid/hid-cp2112.ko.zst
  ZSTD    /home/potato/grafene/pomme/upstream/linux-hoolock/out-4k/modules-staging/lib/modules/7.0.12-gdfa4d4208131-dirty/kernel/drivers/hid/hid-cypress.ko.zst
  ZSTD    /home/potato/grafene/pomme/upstream/linux-hoolock/out-4k/modules-staging/lib/modules/7.0.12-gdfa4d4208131-dirty/kernel/drivers/hid/hid-dr.ko.zst
  ZSTD    /home/potato/grafene/pomme/upstream/linux-hoolock/out-4k/modules-staging/lib/modules/7.0.12-gdfa4d4208131-dirty/kernel/drivers/hid/hid-emsff.ko.zst
  ZSTD    /home/potato/grafene/pomme/upstream/linux-hoolock/out-4k/modules-staging/lib/modules/7.0.12-gdfa4d4208131-dirty/kernel/drivers/hid/hid-elan.ko.zst
  ZSTD    /home/potato/grafene/pomme/upstream/linux-hoolock/out-4k/modules-staging/lib/modules/7.0.12-gdfa4d4208131-dirty/kernel/drivers/hid/hid-elecom.ko.zst
  ZSTD    /home/potato/grafene/pomme/upstream/linux-hoolock/out-4k/modules-staging/lib/modules/7.0.12-gdfa4d4208131-dirty/kernel/drivers/hid/hid-elo.ko.zst
  ZSTD    /home/potato/grafene/pomme/upstream/linux-hoolock/out-4k/modules-staging/lib/modules/7.0.12-gdfa4d4208131-dirty/kernel/drivers/hid/hid-evision.ko.zst
  ZSTD    /home/potato/grafene/pomme/upstream/linux-hoolock/out-4k/modules-staging/lib/modules/7.0.12-gdfa4d4208131-dirty/kernel/drivers/hid/hid-ezkey.ko.zst
  ZSTD    /home/potato/grafene/pomme/upstream/linux-hoolock/out-4k/modules-staging/lib/modules/7.0.12-gdfa4d4208131-dirty/kernel/drivers/hid/hid-ft260.ko.zst
  ZSTD    /home/potato/grafene/pomme/upstream/linux-hoolock/out-4k/modules-staging/lib/modules/7.0.12-gdfa4d4208131-dirty/kernel/drivers/hid/hid-gembird.ko.zst
  ZSTD    /home/potato/grafene/pomme/upstream/linux-hoolock/out-4k/modules-staging/lib/modules/7.0.12-gdfa4d4208131-dirty/kernel/drivers/hid/hid-gfrm.ko.zst
  ZSTD    /home/potato/grafene/pomme/upstream/linux-hoolock/out-4k/modules-staging/lib/modules/7.0.12-gdfa4d4208131-dirty/kernel/drivers/hid/hid-glorious.ko.zst
  ZSTD    /home/potato/grafene/pomme/upstream/linux-hoolock/out-4k/modules-staging/lib/modules/7.0.12-gdfa4d4208131-dirty/kernel/drivers/hid/hid-vivaldi-common.ko.zst
  ZSTD    /home/potato/grafene/pomme/upstream/linux-hoolock/out-4k/modules-staging/lib/modules/7.0.12-gdfa4d4208131-dirty/kernel/drivers/hid/hid-goodix-spi.ko.zst
  ZSTD    /home/potato/grafene/pomme/upstream/linux-hoolock/out-4k/modules-staging/lib/modules/7.0.12-gdfa4d4208131-dirty/kernel/drivers/hid/hid-google-stadiaff.ko.zst
  ZSTD    /home/potato/grafene/pomme/upstream/linux-hoolock/out-4k/modules-staging/lib/modules/7.0.12-gdfa4d4208131-dirty/kernel/drivers/hid/hid-vivaldi.ko.zst
  ZSTD    /home/potato/grafene/pomme/upstream/linux-hoolock/out-4k/modules-staging/lib/modules/7.0.12-gdfa4d4208131-dirty/kernel/drivers/hid/hid-gt683r.ko.zst
  ZSTD    /home/potato/grafene/pomme/upstream/linux-hoolock/out-4k/modules-staging/lib/modules/7.0.12-gdfa4d4208131-dirty/kernel/drivers/hid/hid-gyration.ko.zst
  ZSTD    /home/potato/grafene/pomme/upstream/linux-hoolock/out-4k/modules-staging/lib/modules/7.0.12-gdfa4d4208131-dirty/kernel/drivers/hid/hid-holtek-kbd.ko.zst
  ZSTD    /home/potato/grafene/pomme/upstream/linux-hoolock/out-4k/modules-staging/lib/modules/7.0.12-gdfa4d4208131-dirty/kernel/drivers/hid/hid-holtek-mouse.ko.zst
  ZSTD    /home/potato/grafene/pomme/upstream/linux-hoolock/out-4k/modules-staging/lib/modules/7.0.12-gdfa4d4208131-dirty/kernel/drivers/hid/hid-holtekff.ko.zst
  ZSTD    /home/potato/grafene/pomme/upstream/linux-hoolock/out-4k/modules-staging/lib/modules/7.0.12-gdfa4d4208131-dirty/kernel/drivers/hid/hid-icade.ko.zst
  ZSTD    /home/potato/grafene/pomme/upstream/linux-hoolock/out-4k/modules-staging/lib/modules/7.0.12-gdfa4d4208131-dirty/kernel/drivers/hid/hid-ite.ko.zst
  ZSTD    /home/potato/grafene/pomme/upstream/linux-hoolock/out-4k/modules-staging/lib/modules/7.0.12-gdfa4d4208131-dirty/kernel/drivers/hid/hid-jabra.ko.zst
  ZSTD    /home/potato/grafene/pomme/upstream/linux-hoolock/out-4k/modules-staging/lib/modules/7.0.12-gdfa4d4208131-dirty/kernel/drivers/hid/hid-kensington.ko.zst
  ZSTD    /home/potato/grafene/pomme/upstream/linux-hoolock/out-4k/modules-staging/lib/modules/7.0.12-gdfa4d4208131-dirty/kernel/drivers/hid/hid-keytouch.ko.zst
  ZSTD    /home/potato/grafene/pomme/upstream/linux-hoolock/out-4k/modules-staging/lib/modules/7.0.12-gdfa4d4208131-dirty/kernel/drivers/hid/hid-kye.ko.zst
  ZSTD    /home/potato/grafene/pomme/upstream/linux-hoolock/out-4k/modules-staging/lib/modules/7.0.12-gdfa4d4208131-dirty/kernel/drivers/hid/hid-lcpower.ko.zst
  ZSTD    /home/potato/grafene/pomme/upstream/linux-hoolock/out-4k/modules-staging/lib/modules/7.0.12-gdfa4d4208131-dirty/kernel/drivers/hid/hid-letsketch.ko.zst
  ZSTD    /home/potato/grafene/pomme/upstream/linux-hoolock/out-4k/modules-staging/lib/modules/7.0.12-gdfa4d4208131-dirty/kernel/drivers/hid/hid-logitech.ko.zst
  ZSTD    /home/potato/grafene/pomme/upstream/linux-hoolock/out-4k/modules-staging/lib/modules/7.0.12-gdfa4d4208131-dirty/kernel/drivers/hid/hid-lg-g15.ko.zst
  ZSTD    /home/potato/grafene/pomme/upstream/linux-hoolock/out-4k/modules-staging/lib/modules/7.0.12-gdfa4d4208131-dirty/kernel/drivers/hid/hid-logitech-dj.ko.zst
  ZSTD    /home/potato/grafene/pomme/upstream/linux-hoolock/out-4k/modules-staging/lib/modules/7.0.12-gdfa4d4208131-dirty/kernel/drivers/hid/hid-logitech-hidpp.ko.zst
  ZSTD    /home/potato/grafene/pomme/upstream/linux-hoolock/out-4k/modules-staging/lib/modules/7.0.12-gdfa4d4208131-dirty/kernel/drivers/hid/hid-macally.ko.zst
  ZSTD    /home/potato/grafene/pomme/upstream/linux-hoolock/out-4k/modules-staging/lib/modules/7.0.12-gdfa4d4208131-dirty/kernel/drivers/hid/hid-magicmouse.ko.zst
  ZSTD    /home/potato/grafene/pomme/upstream/linux-hoolock/out-4k/modules-staging/lib/modules/7.0.12-gdfa4d4208131-dirty/kernel/drivers/hid/hid-maltron.ko.zst
  ZSTD    /home/potato/grafene/pomme/upstream/linux-hoolock/out-4k/modules-staging/lib/modules/7.0.12-gdfa4d4208131-dirty/kernel/drivers/hid/hid-mcp2221.ko.zst
  ZSTD    /home/potato/grafene/pomme/upstream/linux-hoolock/out-4k/modules-staging/lib/modules/7.0.12-gdfa4d4208131-dirty/kernel/drivers/hid/hid-mf.ko.zst
  ZSTD    /home/potato/grafene/pomme/upstream/linux-hoolock/out-4k/modules-staging/lib/modules/7.0.12-gdfa4d4208131-dirty/kernel/drivers/hid/hid-megaworld.ko.zst
  ZSTD    /home/potato/grafene/pomme/upstream/linux-hoolock/out-4k/modules-staging/lib/modules/7.0.12-gdfa4d4208131-dirty/kernel/drivers/hid/hid-microsoft.ko.zst
  ZSTD    /home/potato/grafene/pomme/upstream/linux-hoolock/out-4k/modules-staging/lib/modules/7.0.12-gdfa4d4208131-dirty/kernel/drivers/hid/hid-monterey.ko.zst
  ZSTD    /home/potato/grafene/pomme/upstream/linux-hoolock/out-4k/modules-staging/lib/modules/7.0.12-gdfa4d4208131-dirty/kernel/drivers/hid/hid-multitouch.ko.zst
  ZSTD    /home/potato/grafene/pomme/upstream/linux-hoolock/out-4k/modules-staging/lib/modules/7.0.12-gdfa4d4208131-dirty/kernel/drivers/hid/hid-nintendo.ko.zst
  ZSTD    /home/potato/grafene/pomme/upstream/linux-hoolock/out-4k/modules-staging/lib/modules/7.0.12-gdfa4d4208131-dirty/kernel/drivers/hid/hid-nti.ko.zst
  ZSTD    /home/potato/grafene/pomme/upstream/linux-hoolock/out-4k/modules-staging/lib/modules/7.0.12-gdfa4d4208131-dirty/kernel/drivers/hid/hid-ntrig.ko.zst
  ZSTD    /home/potato/grafene/pomme/upstream/linux-hoolock/out-4k/modules-staging/lib/modules/7.0.12-gdfa4d4208131-dirty/kernel/drivers/hid/hid-nvidia-shield.ko.zst
  ZSTD    /home/potato/grafene/pomme/upstream/linux-hoolock/out-4k/modules-staging/lib/modules/7.0.12-gdfa4d4208131-dirty/kernel/drivers/hid/hid-ortek.ko.zst
  ZSTD    /home/potato/grafene/pomme/upstream/linux-hoolock/out-4k/modules-staging/lib/modules/7.0.12-gdfa4d4208131-dirty/kernel/drivers/hid/hid-prodikeys.ko.zst
  ZSTD    /home/potato/grafene/pomme/upstream/linux-hoolock/out-4k/modules-staging/lib/modules/7.0.12-gdfa4d4208131-dirty/kernel/drivers/hid/hid-pl.ko.zst
  ZSTD    /home/potato/grafene/pomme/upstream/linux-hoolock/out-4k/modules-staging/lib/modules/7.0.12-gdfa4d4208131-dirty/kernel/drivers/hid/hid-penmount.ko.zst
  ZSTD    /home/potato/grafene/pomme/upstream/linux-hoolock/out-4k/modules-staging/lib/modules/7.0.12-gdfa4d4208131-dirty/kernel/drivers/hid/hid-petalynx.ko.zst
  ZSTD    /home/potato/grafene/pomme/upstream/linux-hoolock/out-4k/modules-staging/lib/modules/7.0.12-gdfa4d4208131-dirty/kernel/drivers/hid/hid-picolcd.ko.zst
  ZSTD    /home/potato/grafene/pomme/upstream/linux-hoolock/out-4k/modules-staging/lib/modules/7.0.12-gdfa4d4208131-dirty/kernel/drivers/hid/hid-plantronics.ko.zst
  ZSTD    /home/potato/grafene/pomme/upstream/linux-hoolock/out-4k/modules-staging/lib/modules/7.0.12-gdfa4d4208131-dirty/kernel/drivers/hid/hid-playstation.ko.zst
  ZSTD    /home/potato/grafene/pomme/upstream/linux-hoolock/out-4k/modules-staging/lib/modules/7.0.12-gdfa4d4208131-dirty/kernel/drivers/hid/hid-primax.ko.zst
  ZSTD    /home/potato/grafene/pomme/upstream/linux-hoolock/out-4k/modules-staging/lib/modules/7.0.12-gdfa4d4208131-dirty/kernel/drivers/hid/hid-pxrc.ko.zst
  ZSTD    /home/potato/grafene/pomme/upstream/linux-hoolock/out-4k/modules-staging/lib/modules/7.0.12-gdfa4d4208131-dirty/kernel/drivers/hid/hid-razer.ko.zst
  ZSTD    /home/potato/grafene/pomme/upstream/linux-hoolock/out-4k/modules-staging/lib/modules/7.0.12-gdfa4d4208131-dirty/kernel/drivers/hid/hid-retrode.ko.zst
  ZSTD    /home/potato/grafene/pomme/upstream/linux-hoolock/out-4k/modules-staging/lib/modules/7.0.12-gdfa4d4208131-dirty/kernel/drivers/hid/hid-roccat.ko.zst
  ZSTD    /home/potato/grafene/pomme/upstream/linux-hoolock/out-4k/modules-staging/lib/modules/7.0.12-gdfa4d4208131-dirty/kernel/drivers/hid/hid-roccat-common.ko.zst
  ZSTD    /home/potato/grafene/pomme/upstream/linux-hoolock/out-4k/modules-staging/lib/modules/7.0.12-gdfa4d4208131-dirty/kernel/drivers/hid/hid-roccat-arvo.ko.zst
  ZSTD    /home/potato/grafene/pomme/upstream/linux-hoolock/out-4k/modules-staging/lib/modules/7.0.12-gdfa4d4208131-dirty/kernel/drivers/hid/hid-roccat-isku.ko.zst
  ZSTD    /home/potato/grafene/pomme/upstream/linux-hoolock/out-4k/modules-staging/lib/modules/7.0.12-gdfa4d4208131-dirty/kernel/drivers/hid/hid-roccat-kone.ko.zst
  ZSTD    /home/potato/grafene/pomme/upstream/linux-hoolock/out-4k/modules-staging/lib/modules/7.0.12-gdfa4d4208131-dirty/kernel/drivers/hid/hid-roccat-koneplus.ko.zst
  ZSTD    /home/potato/grafene/pomme/upstream/linux-hoolock/out-4k/modules-staging/lib/modules/7.0.12-gdfa4d4208131-dirty/kernel/drivers/hid/hid-roccat-konepure.ko.zst
  ZSTD    /home/potato/grafene/pomme/upstream/linux-hoolock/out-4k/modules-staging/lib/modules/7.0.12-gdfa4d4208131-dirty/kernel/drivers/hid/hid-roccat-kovaplus.ko.zst
  ZSTD    /home/potato/grafene/pomme/upstream/linux-hoolock/out-4k/modules-staging/lib/modules/7.0.12-gdfa4d4208131-dirty/kernel/drivers/hid/hid-roccat-lua.ko.zst
  ZSTD    /home/potato/grafene/pomme/upstream/linux-hoolock/out-4k/modules-staging/lib/modules/7.0.12-gdfa4d4208131-dirty/kernel/drivers/hid/hid-roccat-pyra.ko.zst
  ZSTD    /home/potato/grafene/pomme/upstream/linux-hoolock/out-4k/modules-staging/lib/modules/7.0.12-gdfa4d4208131-dirty/kernel/drivers/hid/hid-roccat-ryos.ko.zst
  ZSTD    /home/potato/grafene/pomme/upstream/linux-hoolock/out-4k/modules-staging/lib/modules/7.0.12-gdfa4d4208131-dirty/kernel/drivers/hid/hid-roccat-savu.ko.zst
  ZSTD    /home/potato/grafene/pomme/upstream/linux-hoolock/out-4k/modules-staging/lib/modules/7.0.12-gdfa4d4208131-dirty/kernel/drivers/hid/hid-rmi.ko.zst
  ZSTD    /home/potato/grafene/pomme/upstream/linux-hoolock/out-4k/modules-staging/lib/modules/7.0.12-gdfa4d4208131-dirty/kernel/drivers/hid/hid-saitek.ko.zst
  ZSTD    /home/potato/grafene/pomme/upstream/linux-hoolock/out-4k/modules-staging/lib/modules/7.0.12-gdfa4d4208131-dirty/kernel/drivers/hid/hid-samsung.ko.zst
  ZSTD    /home/potato/grafene/pomme/upstream/linux-hoolock/out-4k/modules-staging/lib/modules/7.0.12-gdfa4d4208131-dirty/kernel/drivers/hid/hid-semitek.ko.zst
  ZSTD    /home/potato/grafene/pomme/upstream/linux-hoolock/out-4k/modules-staging/lib/modules/7.0.12-gdfa4d4208131-dirty/kernel/drivers/hid/hid-sigmamicro.ko.zst
  ZSTD    /home/potato/grafene/pomme/upstream/linux-hoolock/out-4k/modules-staging/lib/modules/7.0.12-gdfa4d4208131-dirty/kernel/drivers/hid/hid-sjoy.ko.zst
  ZSTD    /home/potato/grafene/pomme/upstream/linux-hoolock/out-4k/modules-staging/lib/modules/7.0.12-gdfa4d4208131-dirty/kernel/drivers/hid/hid-sony.ko.zst
  ZSTD    /home/potato/grafene/pomme/upstream/linux-hoolock/out-4k/modules-staging/lib/modules/7.0.12-gdfa4d4208131-dirty/kernel/drivers/hid/hid-speedlink.ko.zst
  ZSTD    /home/potato/grafene/pomme/upstream/linux-hoolock/out-4k/modules-staging/lib/modules/7.0.12-gdfa4d4208131-dirty/kernel/drivers/hid/hid-steam.ko.zst
  ZSTD    /home/potato/grafene/pomme/upstream/linux-hoolock/out-4k/modules-staging/lib/modules/7.0.12-gdfa4d4208131-dirty/kernel/drivers/hid/hid-steelseries.ko.zst
  ZSTD    /home/potato/grafene/pomme/upstream/linux-hoolock/out-4k/modules-staging/lib/modules/7.0.12-gdfa4d4208131-dirty/kernel/drivers/hid/hid-sunplus.ko.zst
  ZSTD    /home/potato/grafene/pomme/upstream/linux-hoolock/out-4k/modules-staging/lib/modules/7.0.12-gdfa4d4208131-dirty/kernel/drivers/hid/hid-gaff.ko.zst
  ZSTD    /home/potato/grafene/pomme/upstream/linux-hoolock/out-4k/modules-staging/lib/modules/7.0.12-gdfa4d4208131-dirty/kernel/drivers/hid/hid-tmff.ko.zst
  ZSTD    /home/potato/grafene/pomme/upstream/linux-hoolock/out-4k/modules-staging/lib/modules/7.0.12-gdfa4d4208131-dirty/kernel/drivers/hid/hid-thrustmaster.ko.zst
  ZSTD    /home/potato/grafene/pomme/upstream/linux-hoolock/out-4k/modules-staging/lib/modules/7.0.12-gdfa4d4208131-dirty/kernel/drivers/hid/hid-tivo.ko.zst
  ZSTD    /home/potato/grafene/pomme/upstream/linux-hoolock/out-4k/modules-staging/lib/modules/7.0.12-gdfa4d4208131-dirty/kernel/drivers/hid/hid-topseed.ko.zst
  ZSTD    /home/potato/grafene/pomme/upstream/linux-hoolock/out-4k/modules-staging/lib/modules/7.0.12-gdfa4d4208131-dirty/kernel/drivers/hid/hid-topre.ko.zst
  ZSTD    /home/potato/grafene/pomme/upstream/linux-hoolock/out-4k/modules-staging/lib/modules/7.0.12-gdfa4d4208131-dirty/kernel/drivers/hid/hid-twinhan.ko.zst
  ZSTD    /home/potato/grafene/pomme/upstream/linux-hoolock/out-4k/modules-staging/lib/modules/7.0.12-gdfa4d4208131-dirty/kernel/drivers/hid/hid-u2fzero.ko.zst
  ZSTD    /home/potato/grafene/pomme/upstream/linux-hoolock/out-4k/modules-staging/lib/modules/7.0.12-gdfa4d4208131-dirty/kernel/drivers/hid/hid-uclogic.ko.zst
  ZSTD    /home/potato/grafene/pomme/upstream/linux-hoolock/out-4k/modules-staging/lib/modules/7.0.12-gdfa4d4208131-dirty/kernel/drivers/hid/hid-udraw-ps3.ko.zst
  ZSTD    /home/potato/grafene/pomme/upstream/linux-hoolock/out-4k/modules-staging/lib/modules/7.0.12-gdfa4d4208131-dirty/kernel/drivers/hid/hid-led.ko.zst
  ZSTD    /home/potato/grafene/pomme/upstream/linux-hoolock/out-4k/modules-staging/lib/modules/7.0.12-gdfa4d4208131-dirty/kernel/drivers/hid/hid-xiaomi.ko.zst
  ZSTD    /home/potato/grafene/pomme/upstream/linux-hoolock/out-4k/modules-staging/lib/modules/7.0.12-gdfa4d4208131-dirty/kernel/drivers/hid/hid-xinmo.ko.zst
  ZSTD    /home/potato/grafene/pomme/upstream/linux-hoolock/out-4k/modules-staging/lib/modules/7.0.12-gdfa4d4208131-dirty/kernel/drivers/hid/hid-zpff.ko.zst
  ZSTD    /home/potato/grafene/pomme/upstream/linux-hoolock/out-4k/modules-staging/lib/modules/7.0.12-gdfa4d4208131-dirty/kernel/drivers/hid/hid-zydacron.ko.zst
  ZSTD    /home/potato/grafene/pomme/upstream/linux-hoolock/out-4k/modules-staging/lib/modules/7.0.12-gdfa4d4208131-dirty/kernel/drivers/hid/hid-viewsonic.ko.zst
  ZSTD    /home/potato/grafene/pomme/upstream/linux-hoolock/out-4k/modules-staging/lib/modules/7.0.12-gdfa4d4208131-dirty/kernel/drivers/hid/wacom.ko.zst
  ZSTD    /home/potato/grafene/pomme/upstream/linux-hoolock/out-4k/modules-staging/lib/modules/7.0.12-gdfa4d4208131-dirty/kernel/drivers/hid/hid-waltop.ko.zst
  ZSTD    /home/potato/grafene/pomme/upstream/linux-hoolock/out-4k/modules-staging/lib/modules/7.0.12-gdfa4d4208131-dirty/kernel/drivers/hid/hid-wiimote.ko.zst
  ZSTD    /home/potato/grafene/pomme/upstream/linux-hoolock/out-4k/modules-staging/lib/modules/7.0.12-gdfa4d4208131-dirty/kernel/drivers/hid/hid-winwing.ko.zst
  ZSTD    /home/potato/grafene/pomme/upstream/linux-hoolock/out-4k/modules-staging/lib/modules/7.0.12-gdfa4d4208131-dirty/kernel/drivers/hid/hid-sensor-hub.ko.zst
  ZSTD    /home/potato/grafene/pomme/upstream/linux-hoolock/out-4k/modules-staging/lib/modules/7.0.12-gdfa4d4208131-dirty/kernel/drivers/iio/accel/hid-sensor-accel-3d.ko.zst
  ZSTD    /home/potato/grafene/pomme/upstream/linux-hoolock/out-4k/modules-staging/lib/modules/7.0.12-gdfa4d4208131-dirty/kernel/drivers/iio/buffer/industrialio-triggered-buffer.ko.zst
  ZSTD    /home/potato/grafene/pomme/upstream/linux-hoolock/out-4k/modules-staging/lib/modules/7.0.12-gdfa4d4208131-dirty/kernel/drivers/iio/buffer/kfifo_buf.ko.zst
  ZSTD    /home/potato/grafene/pomme/upstream/linux-hoolock/out-4k/modules-staging/lib/modules/7.0.12-gdfa4d4208131-dirty/kernel/drivers/iio/common/hid-sensors/hid-sensor-iio-common.ko.zst
  ZSTD    /home/potato/grafene/pomme/upstream/linux-hoolock/out-4k/modules-staging/lib/modules/7.0.12-gdfa4d4208131-dirty/kernel/drivers/iio/common/hid-sensors/hid-sensor-trigger.ko.zst
  ZSTD    /home/potato/grafene/pomme/upstream/linux-hoolock/out-4k/modules-staging/lib/modules/7.0.12-gdfa4d4208131-dirty/kernel/drivers/iio/gyro/hid-sensor-gyro-3d.ko.zst
  ZSTD    /home/potato/grafene/pomme/upstream/linux-hoolock/out-4k/modules-staging/lib/modules/7.0.12-gdfa4d4208131-dirty/kernel/drivers/iio/humidity/hid-sensor-humidity.ko.zst
  ZSTD    /home/potato/grafene/pomme/upstream/linux-hoolock/out-4k/modules-staging/lib/modules/7.0.12-gdfa4d4208131-dirty/kernel/drivers/iio/light/hid-sensor-als.ko.zst
  ZSTD    /home/potato/grafene/pomme/upstream/linux-hoolock/out-4k/modules-staging/lib/modules/7.0.12-gdfa4d4208131-dirty/kernel/drivers/iio/magnetometer/hid-sensor-magn-3d.ko.zst
  ZSTD    /home/potato/grafene/pomme/upstream/linux-hoolock/out-4k/modules-staging/lib/modules/7.0.12-gdfa4d4208131-dirty/kernel/drivers/iio/orientation/hid-sensor-incl-3d.ko.zst
  ZSTD    /home/potato/grafene/pomme/upstream/linux-hoolock/out-4k/modules-staging/lib/modules/7.0.12-gdfa4d4208131-dirty/kernel/drivers/iio/orientation/hid-sensor-rotation.ko.zst
  ZSTD    /home/potato/grafene/pomme/upstream/linux-hoolock/out-4k/modules-staging/lib/modules/7.0.12-gdfa4d4208131-dirty/kernel/drivers/iio/position/hid-sensor-custom-intel-hinge.ko.zst
  ZSTD    /home/potato/grafene/pomme/upstream/linux-hoolock/out-4k/modules-staging/lib/modules/7.0.12-gdfa4d4208131-dirty/kernel/drivers/iio/temperature/hid-sensor-temperature.ko.zst
  ZSTD    /home/potato/grafene/pomme/upstream/linux-hoolock/out-4k/modules-staging/lib/modules/7.0.12-gdfa4d4208131-dirty/kernel/drivers/ata/libata.ko.zst
  ZSTD    /home/potato/grafene/pomme/upstream/linux-hoolock/out-4k/modules-staging/lib/modules/7.0.12-gdfa4d4208131-dirty/kernel/drivers/mtd/parsers/ofpart.ko.zst
  ZSTD    /home/potato/grafene/pomme/upstream/linux-hoolock/out-4k/modules-staging/lib/modules/7.0.12-gdfa4d4208131-dirty/kernel/drivers/mtd/chips/chipreg.ko.zst
  ZSTD    /home/potato/grafene/pomme/upstream/linux-hoolock/out-4k/modules-staging/lib/modules/7.0.12-gdfa4d4208131-dirty/kernel/drivers/mtd/devices/phram.ko.zst
  ZSTD    /home/potato/grafene/pomme/upstream/linux-hoolock/out-4k/modules-staging/lib/modules/7.0.12-gdfa4d4208131-dirty/kernel/drivers/mtd/mtd.ko.zst
  ZSTD    /home/potato/grafene/pomme/upstream/linux-hoolock/out-4k/modules-staging/lib/modules/7.0.12-gdfa4d4208131-dirty/kernel/drivers/input/serio/serio.ko.zst
  ZSTD    /home/potato/grafene/pomme/upstream/linux-hoolock/out-4k/modules-staging/lib/modules/7.0.12-gdfa4d4208131-dirty/kernel/drivers/input/serio/serport.ko.zst
  ZSTD    /home/potato/grafene/pomme/upstream/linux-hoolock/out-4k/modules-staging/lib/modules/7.0.12-gdfa4d4208131-dirty/kernel/sound/soundcore.ko.zst
  ZSTD    /home/potato/grafene/pomme/upstream/linux-hoolock/out-4k/modules-staging/lib/modules/7.0.12-gdfa4d4208131-dirty/kernel/sound/core/snd.ko.zst
  ZSTD    /home/potato/grafene/pomme/upstream/linux-hoolock/out-4k/modules-staging/lib/modules/7.0.12-gdfa4d4208131-dirty/kernel/sound/core/snd-hwdep.ko.zst
  ZSTD    /home/potato/grafene/pomme/upstream/linux-hoolock/out-4k/modules-staging/lib/modules/7.0.12-gdfa4d4208131-dirty/kernel/sound/core/snd-timer.ko.zst
  ZSTD    /home/potato/grafene/pomme/upstream/linux-hoolock/out-4k/modules-staging/lib/modules/7.0.12-gdfa4d4208131-dirty/kernel/sound/core/snd-pcm.ko.zst
  ZSTD    /home/potato/grafene/pomme/upstream/linux-hoolock/out-4k/modules-staging/lib/modules/7.0.12-gdfa4d4208131-dirty/kernel/sound/core/snd-rawmidi.ko.zst
  ZSTD    /home/potato/grafene/pomme/upstream/linux-hoolock/out-4k/modules-staging/lib/modules/7.0.12-gdfa4d4208131-dirty/kernel/sound/core/snd-ump.ko.zst
  ZSTD    /home/potato/grafene/pomme/upstream/linux-hoolock/out-4k/modules-staging/lib/modules/7.0.12-gdfa4d4208131-dirty/kernel/sound/usb/snd-usb-audio.ko.zst
  ZSTD    /home/potato/grafene/pomme/upstream/linux-hoolock/out-4k/modules-staging/lib/modules/7.0.12-gdfa4d4208131-dirty/kernel/sound/usb/snd-usbmidi-lib.ko.zst
  ZSTD    /home/potato/grafene/pomme/upstream/linux-hoolock/out-4k/modules-staging/lib/modules/7.0.12-gdfa4d4208131-dirty/kernel/net/core/selftests.ko.zst
  ZSTD    /home/potato/grafene/pomme/upstream/linux-hoolock/out-4k/modules-staging/lib/modules/7.0.12-gdfa4d4208131-dirty/kernel/net/802/psnap.ko.zst
  ZSTD    /home/potato/grafene/pomme/upstream/linux-hoolock/out-4k/modules-staging/lib/modules/7.0.12-gdfa4d4208131-dirty/kernel/net/802/stp.ko.zst
  ZSTD    /home/potato/grafene/pomme/upstream/linux-hoolock/out-4k/modules-staging/lib/modules/7.0.12-gdfa4d4208131-dirty/kernel/net/sched/cls_cgroup.ko.zst
  ZSTD    /home/potato/grafene/pomme/upstream/linux-hoolock/out-4k/modules-staging/lib/modules/7.0.12-gdfa4d4208131-dirty/kernel/net/netfilter/nf_conntrack.ko.zst
  ZSTD    /home/potato/grafene/pomme/upstream/linux-hoolock/out-4k/modules-staging/lib/modules/7.0.12-gdfa4d4208131-dirty/kernel/net/netfilter/nf_nat.ko.zst
  ZSTD    /home/potato/grafene/pomme/upstream/linux-hoolock/out-4k/modules-staging/lib/modules/7.0.12-gdfa4d4208131-dirty/kernel/net/netfilter/nf_synproxy_core.ko.zst
  ZSTD    /home/potato/grafene/pomme/upstream/linux-hoolock/out-4k/modules-staging/lib/modules/7.0.12-gdfa4d4208131-dirty/kernel/net/netfilter/nf_conncount.ko.zst
  ZSTD    /home/potato/grafene/pomme/upstream/linux-hoolock/out-4k/modules-staging/lib/modules/7.0.12-gdfa4d4208131-dirty/kernel/net/netfilter/nf_dup_netdev.ko.zst
  ZSTD    /home/potato/grafene/pomme/upstream/linux-hoolock/out-4k/modules-staging/lib/modules/7.0.12-gdfa4d4208131-dirty/kernel/net/netfilter/nf_tables.ko.zst
  ZSTD    /home/potato/grafene/pomme/upstream/linux-hoolock/out-4k/modules-staging/lib/modules/7.0.12-gdfa4d4208131-dirty/kernel/net/netfilter/nft_compat.ko.zst
  ZSTD    /home/potato/grafene/pomme/upstream/linux-hoolock/out-4k/modules-staging/lib/modules/7.0.12-gdfa4d4208131-dirty/kernel/net/netfilter/nft_connlimit.ko.zst
  ZSTD    /home/potato/grafene/pomme/upstream/linux-hoolock/out-4k/modules-staging/lib/modules/7.0.12-gdfa4d4208131-dirty/kernel/net/netfilter/nft_numgen.ko.zst
  ZSTD    /home/potato/grafene/pomme/upstream/linux-hoolock/out-4k/modules-staging/lib/modules/7.0.12-gdfa4d4208131-dirty/kernel/net/netfilter/nft_ct.ko.zst
  ZSTD    /home/potato/grafene/pomme/upstream/linux-hoolock/out-4k/modules-staging/lib/modules/7.0.12-gdfa4d4208131-dirty/kernel/net/netfilter/nft_nat.ko.zst
  ZSTD    /home/potato/grafene/pomme/upstream/linux-hoolock/out-4k/modules-staging/lib/modules/7.0.12-gdfa4d4208131-dirty/kernel/net/netfilter/nft_limit.ko.zst
  ZSTD    /home/potato/grafene/pomme/upstream/linux-hoolock/out-4k/modules-staging/lib/modules/7.0.12-gdfa4d4208131-dirty/kernel/net/netfilter/nft_quota.ko.zst
  ZSTD    /home/potato/grafene/pomme/upstream/linux-hoolock/out-4k/modules-staging/lib/modules/7.0.12-gdfa4d4208131-dirty/kernel/net/netfilter/nft_reject.ko.zst
  ZSTD    /home/potato/grafene/pomme/upstream/linux-hoolock/out-4k/modules-staging/lib/modules/7.0.12-gdfa4d4208131-dirty/kernel/net/netfilter/nft_reject_inet.ko.zst
  ZSTD    /home/potato/grafene/pomme/upstream/linux-hoolock/out-4k/modules-staging/lib/modules/7.0.12-gdfa4d4208131-dirty/kernel/net/netfilter/nft_reject_netdev.ko.zst
  ZSTD    /home/potato/grafene/pomme/upstream/linux-hoolock/out-4k/modules-staging/lib/modules/7.0.12-gdfa4d4208131-dirty/kernel/net/netfilter/nft_tunnel.ko.zst
  ZSTD    /home/potato/grafene/pomme/upstream/linux-hoolock/out-4k/modules-staging/lib/modules/7.0.12-gdfa4d4208131-dirty/kernel/net/netfilter/nft_log.ko.zst
  ZSTD    /home/potato/grafene/pomme/upstream/linux-hoolock/out-4k/modules-staging/lib/modules/7.0.12-gdfa4d4208131-dirty/kernel/net/netfilter/nft_masq.ko.zst
  ZSTD    /home/potato/grafene/pomme/upstream/linux-hoolock/out-4k/modules-staging/lib/modules/7.0.12-gdfa4d4208131-dirty/kernel/net/netfilter/nft_redir.ko.zst
  ZSTD    /home/potato/grafene/pomme/upstream/linux-hoolock/out-4k/modules-staging/lib/modules/7.0.12-gdfa4d4208131-dirty/kernel/net/netfilter/nft_hash.ko.zst
  ZSTD    /home/potato/grafene/pomme/upstream/linux-hoolock/out-4k/modules-staging/lib/modules/7.0.12-gdfa4d4208131-dirty/kernel/net/netfilter/nft_fib.ko.zst
  ZSTD    /home/potato/grafene/pomme/upstream/linux-hoolock/out-4k/modules-staging/lib/modules/7.0.12-gdfa4d4208131-dirty/kernel/net/netfilter/nft_socket.ko.zst
  ZSTD    /home/potato/grafene/pomme/upstream/linux-hoolock/out-4k/modules-staging/lib/modules/7.0.12-gdfa4d4208131-dirty/kernel/net/netfilter/nft_tproxy.ko.zst
  ZSTD    /home/potato/grafene/pomme/upstream/linux-hoolock/out-4k/modules-staging/lib/modules/7.0.12-gdfa4d4208131-dirty/kernel/net/netfilter/nft_synproxy.ko.zst
  ZSTD    /home/potato/grafene/pomme/upstream/linux-hoolock/out-4k/modules-staging/lib/modules/7.0.12-gdfa4d4208131-dirty/kernel/net/netfilter/nft_chain_nat.ko.zst
  ZSTD    /home/potato/grafene/pomme/upstream/linux-hoolock/out-4k/modules-staging/lib/modules/7.0.12-gdfa4d4208131-dirty/kernel/net/netfilter/nft_osf.ko.zst
  ZSTD    /home/potato/grafene/pomme/upstream/linux-hoolock/out-4k/modules-staging/lib/modules/7.0.12-gdfa4d4208131-dirty/kernel/net/netfilter/nft_dup_netdev.ko.zst
  ZSTD    /home/potato/grafene/pomme/upstream/linux-hoolock/out-4k/modules-staging/lib/modules/7.0.12-gdfa4d4208131-dirty/kernel/net/netfilter/nft_fwd_netdev.ko.zst
  ZSTD    /home/potato/grafene/pomme/upstream/linux-hoolock/out-4k/modules-staging/lib/modules/7.0.12-gdfa4d4208131-dirty/kernel/net/netfilter/nf_flow_table.ko.zst
  ZSTD    /home/potato/grafene/pomme/upstream/linux-hoolock/out-4k/modules-staging/lib/modules/7.0.12-gdfa4d4208131-dirty/kernel/net/netfilter/x_tables.ko.zst
  ZSTD    /home/potato/grafene/pomme/upstream/linux-hoolock/out-4k/modules-staging/lib/modules/7.0.12-gdfa4d4208131-dirty/kernel/net/netfilter/xt_tcpudp.ko.zst
  ZSTD    /home/potato/grafene/pomme/upstream/linux-hoolock/out-4k/modules-staging/lib/modules/7.0.12-gdfa4d4208131-dirty/kernel/net/netfilter/xt_mark.ko.zst
  ZSTD    /home/potato/grafene/pomme/upstream/linux-hoolock/out-4k/modules-staging/lib/modules/7.0.12-gdfa4d4208131-dirty/kernel/net/netfilter/xt_nat.ko.zst
  ZSTD    /home/potato/grafene/pomme/upstream/linux-hoolock/out-4k/modules-staging/lib/modules/7.0.12-gdfa4d4208131-dirty/kernel/net/netfilter/xt_CHECKSUM.ko.zst
  ZSTD    /home/potato/grafene/pomme/upstream/linux-hoolock/out-4k/modules-staging/lib/modules/7.0.12-gdfa4d4208131-dirty/kernel/net/netfilter/xt_LOG.ko.zst
  ZSTD    /home/potato/grafene/pomme/upstream/linux-hoolock/out-4k/modules-staging/lib/modules/7.0.12-gdfa4d4208131-dirty/kernel/net/netfilter/xt_REDIRECT.ko.zst
  ZSTD    /home/potato/grafene/pomme/upstream/linux-hoolock/out-4k/modules-staging/lib/modules/7.0.12-gdfa4d4208131-dirty/kernel/net/netfilter/xt_MASQUERADE.ko.zst
  ZSTD    /home/potato/grafene/pomme/upstream/linux-hoolock/out-4k/modules-staging/lib/modules/7.0.12-gdfa4d4208131-dirty/kernel/net/netfilter/xt_TCPMSS.ko.zst
  ZSTD    /home/potato/grafene/pomme/upstream/linux-hoolock/out-4k/modules-staging/lib/modules/7.0.12-gdfa4d4208131-dirty/kernel/net/netfilter/xt_addrtype.ko.zst
  ZSTD    /home/potato/grafene/pomme/upstream/linux-hoolock/out-4k/modules-staging/lib/modules/7.0.12-gdfa4d4208131-dirty/kernel/net/netfilter/xt_comment.ko.zst
  ZSTD    /home/potato/grafene/pomme/upstream/linux-hoolock/out-4k/modules-staging/lib/modules/7.0.12-gdfa4d4208131-dirty/kernel/net/netfilter/xt_conntrack.ko.zst
  ZSTD    /home/potato/grafene/pomme/upstream/linux-hoolock/out-4k/modules-staging/lib/modules/7.0.12-gdfa4d4208131-dirty/kernel/net/netfilter/xt_ipvs.ko.zst
  ZSTD    /home/potato/grafene/pomme/upstream/linux-hoolock/out-4k/modules-staging/lib/modules/7.0.12-gdfa4d4208131-dirty/kernel/net/netfilter/xt_multiport.ko.zst
  ZSTD    /home/potato/grafene/pomme/upstream/linux-hoolock/out-4k/modules-staging/lib/modules/7.0.12-gdfa4d4208131-dirty/kernel/net/netfilter/xt_statistic.ko.zst
  ZSTD    /home/potato/grafene/pomme/upstream/linux-hoolock/out-4k/modules-staging/lib/modules/7.0.12-gdfa4d4208131-dirty/kernel/net/netfilter/xt_tcpmss.ko.zst
  ZSTD    /home/potato/grafene/pomme/upstream/linux-hoolock/out-4k/modules-staging/lib/modules/7.0.12-gdfa4d4208131-dirty/kernel/net/netfilter/ipvs/ip_vs.ko.zst
  ZSTD    /home/potato/grafene/pomme/upstream/linux-hoolock/out-4k/modules-staging/lib/modules/7.0.12-gdfa4d4208131-dirty/kernel/net/netfilter/ipvs/ip_vs_rr.ko.zst
  ZSTD    /home/potato/grafene/pomme/upstream/linux-hoolock/out-4k/modules-staging/lib/modules/7.0.12-gdfa4d4208131-dirty/kernel/net/ipv4/netfilter/nf_defrag_ipv4.ko.zst
  ZSTD    /home/potato/grafene/pomme/upstream/linux-hoolock/out-4k/modules-staging/lib/modules/7.0.12-gdfa4d4208131-dirty/kernel/net/ipv4/netfilter/nf_reject_ipv4.ko.zst
  ZSTD    /home/potato/grafene/pomme/upstream/linux-hoolock/out-4k/modules-staging/lib/modules/7.0.12-gdfa4d4208131-dirty/kernel/net/ipv4/netfilter/nft_reject_ipv4.ko.zst
  ZSTD    /home/potato/grafene/pomme/upstream/linux-hoolock/out-4k/modules-staging/lib/modules/7.0.12-gdfa4d4208131-dirty/kernel/net/ipv4/netfilter/nft_fib_ipv4.ko.zst
  ZSTD    /home/potato/grafene/pomme/upstream/linux-hoolock/out-4k/modules-staging/lib/modules/7.0.12-gdfa4d4208131-dirty/kernel/net/ipv4/netfilter/ip_tables.ko.zst
  ZSTD    /home/potato/grafene/pomme/upstream/linux-hoolock/out-4k/modules-staging/lib/modules/7.0.12-gdfa4d4208131-dirty/kernel/net/ipv4/netfilter/iptable_filter.ko.zst
  ZSTD    /home/potato/grafene/pomme/upstream/linux-hoolock/out-4k/modules-staging/lib/modules/7.0.12-gdfa4d4208131-dirty/kernel/net/ipv4/netfilter/iptable_mangle.ko.zst
  ZSTD    /home/potato/grafene/pomme/upstream/linux-hoolock/out-4k/modules-staging/lib/modules/7.0.12-gdfa4d4208131-dirty/kernel/net/ipv4/netfilter/iptable_nat.ko.zst
  ZSTD    /home/potato/grafene/pomme/upstream/linux-hoolock/out-4k/modules-staging/lib/modules/7.0.12-gdfa4d4208131-dirty/kernel/net/ipv4/netfilter/iptable_raw.ko.zst
  ZSTD    /home/potato/grafene/pomme/upstream/linux-hoolock/out-4k/modules-staging/lib/modules/7.0.12-gdfa4d4208131-dirty/kernel/net/ipv4/netfilter/ipt_REJECT.ko.zst
  ZSTD    /home/potato/grafene/pomme/upstream/linux-hoolock/out-4k/modules-staging/lib/modules/7.0.12-gdfa4d4208131-dirty/kernel/net/ipv4/udp_tunnel.ko.zst
  ZSTD    /home/potato/grafene/pomme/upstream/linux-hoolock/out-4k/modules-staging/lib/modules/7.0.12-gdfa4d4208131-dirty/kernel/net/ipv6/netfilter/ip6_tables.ko.zst
  ZSTD    /home/potato/grafene/pomme/upstream/linux-hoolock/out-4k/modules-staging/lib/modules/7.0.12-gdfa4d4208131-dirty/kernel/net/ipv6/netfilter/ip6table_filter.ko.zst
  ZSTD    /home/potato/grafene/pomme/upstream/linux-hoolock/out-4k/modules-staging/lib/modules/7.0.12-gdfa4d4208131-dirty/kernel/net/ipv6/netfilter/ip6table_mangle.ko.zst
  ZSTD    /home/potato/grafene/pomme/upstream/linux-hoolock/out-4k/modules-staging/lib/modules/7.0.12-gdfa4d4208131-dirty/kernel/net/ipv6/netfilter/ip6table_raw.ko.zst
  ZSTD    /home/potato/grafene/pomme/upstream/linux-hoolock/out-4k/modules-staging/lib/modules/7.0.12-gdfa4d4208131-dirty/kernel/net/ipv6/netfilter/ip6table_nat.ko.zst
  ZSTD    /home/potato/grafene/pomme/upstream/linux-hoolock/out-4k/modules-staging/lib/modules/7.0.12-gdfa4d4208131-dirty/kernel/net/ipv6/netfilter/nf_defrag_ipv6.ko.zst
  ZSTD    /home/potato/grafene/pomme/upstream/linux-hoolock/out-4k/modules-staging/lib/modules/7.0.12-gdfa4d4208131-dirty/kernel/net/ipv6/netfilter/nft_reject_ipv6.ko.zst
  ZSTD    /home/potato/grafene/pomme/upstream/linux-hoolock/out-4k/modules-staging/lib/modules/7.0.12-gdfa4d4208131-dirty/kernel/net/ipv6/netfilter/nft_fib_ipv6.ko.zst
  ZSTD    /home/potato/grafene/pomme/upstream/linux-hoolock/out-4k/modules-staging/lib/modules/7.0.12-gdfa4d4208131-dirty/kernel/net/ipv6/netfilter/nf_reject_ipv6.ko.zst
  ZSTD    /home/potato/grafene/pomme/upstream/linux-hoolock/out-4k/modules-staging/lib/modules/7.0.12-gdfa4d4208131-dirty/kernel/net/ipv6/ip6_udp_tunnel.ko.zst
  ZSTD    /home/potato/grafene/pomme/upstream/linux-hoolock/out-4k/modules-staging/lib/modules/7.0.12-gdfa4d4208131-dirty/kernel/net/ipv6/netfilter/ip6t_REJECT.ko.zst
  ZSTD    /home/potato/grafene/pomme/upstream/linux-hoolock/out-4k/modules-staging/lib/modules/7.0.12-gdfa4d4208131-dirty/kernel/net/8021q/8021q.ko.zst
  ZSTD    /home/potato/grafene/pomme/upstream/linux-hoolock/out-4k/modules-staging/lib/modules/7.0.12-gdfa4d4208131-dirty/kernel/net/llc/llc.ko.zst
  ZSTD    /home/potato/grafene/pomme/upstream/linux-hoolock/out-4k/modules-staging/lib/modules/7.0.12-gdfa4d4208131-dirty/kernel/net/bridge/bridge.ko.zst
  ZSTD    /home/potato/grafene/pomme/upstream/linux-hoolock/out-4k/modules-staging/lib/modules/7.0.12-gdfa4d4208131-dirty/kernel/net/bridge/br_netfilter.ko.zst
  ZSTD    /home/potato/grafene/pomme/upstream/linux-hoolock/out-4k/modules-staging/lib/modules/7.0.12-gdfa4d4208131-dirty/kernel/net/bluetooth/bluetooth.ko.zst
  ZSTD    /home/potato/grafene/pomme/upstream/linux-hoolock/out-4k/modules-staging/lib/modules/7.0.12-gdfa4d4208131-dirty/kernel/net/bluetooth/hidp/hidp.ko.zst
  ZSTD    /home/potato/grafene/pomme/upstream/linux-hoolock/out-4k/modules-staging/lib/modules/7.0.12-gdfa4d4208131-dirty/kernel/net/sunrpc/sunrpc.ko.zst
  ZSTD    /home/potato/grafene/pomme/upstream/linux-hoolock/out-4k/modules-staging/lib/modules/7.0.12-gdfa4d4208131-dirty/kernel/net/sunrpc/auth_gss/auth_rpcgss.ko.zst
  ZSTD    /home/potato/grafene/pomme/upstream/linux-hoolock/out-4k/modules-staging/lib/modules/7.0.12-gdfa4d4208131-dirty/kernel/net/sunrpc/auth_gss/rpcsec_gss_krb5.ko.zst
  ZSTD    /home/potato/grafene/pomme/upstream/linux-hoolock/out-4k/modules-staging/lib/modules/7.0.12-gdfa4d4208131-dirty/kernel/net/rfkill/rfkill.ko.zst
  DEPMOD  /home/potato/grafene/pomme/upstream/linux-hoolock/out-4k/modules-staging/lib/modules/7.0.12-gdfa4d4208131-dirty
make[2]: Leaving directory '/home/potato/grafene/pomme/upstream/linux-hoolock/out-4k'
make[1]: Leaving directory '/home/potato/grafene/pomme/upstream/linux-hoolock'
[kernel-build] packaging artifacts into /home/potato/grafene/pomme/artifacts/kernel-4k
[kernel-build] modules in tarball: 353
[kernel-build] assert OK: bare Image reports 4K pages
[kernel-build] assert OK: apple dtb count == 92
[kernel-build] building Image.initramfs (initramfs source: /home/potato/grafene/pomme/artifacts/images-4k/initramfs.cpio.gz, sha256 a74c1699c9eace242774e27f72072a996665cb5596fde4b3fa9a976b4250dbc2)
make[1]: Entering directory '/home/potato/grafene/pomme/upstream/linux-hoolock'
make[2]: Entering directory '/home/potato/grafene/pomme/upstream/linux-hoolock/out-initramfs-4k'
  GEN     Makefile
  HOSTCC  scripts/basic/fixdep
  HOSTCC  scripts/kconfig/conf.o
  HOSTCC  scripts/kconfig/confdata.o
  HOSTCC  scripts/kconfig/expr.o
  LEX     scripts/kconfig/lexer.lex.c
  YACC    scripts/kconfig/parser.tab.[ch]
  HOSTCC  scripts/kconfig/lexer.lex.o
  HOSTCC  scripts/kconfig/menu.o
  HOSTCC  scripts/kconfig/parser.tab.o
  HOSTCC  scripts/kconfig/preprocess.o
  HOSTCC  scripts/kconfig/symbol.o
  HOSTCC  scripts/kconfig/util.o
  HOSTLD  scripts/kconfig/conf
#
# configuration written to .config
#
make[2]: Leaving directory '/home/potato/grafene/pomme/upstream/linux-hoolock/out-initramfs-4k'
make[1]: Leaving directory '/home/potato/grafene/pomme/upstream/linux-hoolock'
make[1]: Entering directory '/home/potato/grafene/pomme/upstream/linux-hoolock'
make[2]: Entering directory '/home/potato/grafene/pomme/upstream/linux-hoolock/out-initramfs-4k'
  GEN     Makefile
  WRAP    arch/arm64/include/generated/uapi/asm/kvm_para.h
  WRAP    arch/arm64/include/generated/uapi/asm/errno.h
  WRAP    arch/arm64/include/generated/uapi/asm/ioctl.h
  WRAP    arch/arm64/include/generated/uapi/asm/ioctls.h
  WRAP    arch/arm64/include/generated/uapi/asm/ipcbuf.h
  WRAP    arch/arm64/include/generated/uapi/asm/msgbuf.h
  WRAP    arch/arm64/include/generated/uapi/asm/poll.h
  UPD     include/generated/uapi/linux/version.h
  WRAP    arch/arm64/include/generated/uapi/asm/resource.h
  WRAP    arch/arm64/include/generated/uapi/asm/sembuf.h
  WRAP    arch/arm64/include/generated/uapi/asm/shmbuf.h
  WRAP    arch/arm64/include/generated/uapi/asm/siginfo.h
  WRAP    arch/arm64/include/generated/uapi/asm/socket.h
  WRAP    arch/arm64/include/generated/uapi/asm/sockios.h
  WRAP    arch/arm64/include/generated/uapi/asm/stat.h
  WRAP    arch/arm64/include/generated/uapi/asm/swab.h
  WRAP    arch/arm64/include/generated/uapi/asm/termbits.h
  WRAP    arch/arm64/include/generated/uapi/asm/termios.h
  WRAP    arch/arm64/include/generated/uapi/asm/types.h
  SYSHDR  arch/arm64/include/generated/uapi/asm/unistd_64.h
  UPD     include/generated/compile.h
  HOSTCC  scripts/dtc/dtc.o
  HOSTCC  scripts/dtc/flattree.o
  HOSTCC  scripts/dtc/fstree.o
  HOSTCC  scripts/dtc/data.o
  HOSTCC  scripts/dtc/livetree.o
  HOSTCC  scripts/dtc/treesource.o
  HOSTCC  scripts/dtc/srcpos.o
  HOSTCC  scripts/dtc/checks.o
  HOSTCC  scripts/dtc/util.o
  LEX     scripts/dtc/dtc-lexer.lex.c
  YACC    scripts/dtc/dtc-parser.tab.[ch]
  WRAP    arch/arm64/include/generated/asm/early_ioremap.h
  WRAP    arch/arm64/include/generated/asm/fprobe.h
  WRAP    arch/arm64/include/generated/asm/mcs_spinlock.h
  WRAP    arch/arm64/include/generated/asm/mmzone.h
  WRAP    arch/arm64/include/generated/asm/qrwlock.h
  HOSTCC  scripts/dtc/libfdt/fdt.o
  WRAP    arch/arm64/include/generated/asm/qspinlock.h
  WRAP    arch/arm64/include/generated/asm/parport.h
  WRAP    arch/arm64/include/generated/asm/user.h
  WRAP    arch/arm64/include/generated/asm/delay.h
  WRAP    arch/arm64/include/generated/asm/div64.h
  WRAP    arch/arm64/include/generated/asm/dma-mapping.h
  WRAP    arch/arm64/include/generated/asm/dma.h
  WRAP    arch/arm64/include/generated/asm/emergency-restart.h
  WRAP    arch/arm64/include/generated/asm/hw_irq.h
  WRAP    arch/arm64/include/generated/asm/irq_regs.h
  WRAP    arch/arm64/include/generated/asm/kdebug.h
  WRAP    arch/arm64/include/generated/asm/kmap_size.h
  WRAP    arch/arm64/include/generated/asm/local.h
  WRAP    arch/arm64/include/generated/asm/local64.h
  WRAP    arch/arm64/include/generated/asm/mmiowb.h
  WRAP    arch/arm64/include/generated/asm/msi.h
  WRAP    arch/arm64/include/generated/asm/serial.h
  WRAP    arch/arm64/include/generated/asm/softirq_stack.h
  WRAP    arch/arm64/include/generated/asm/switch_to.h
  WRAP    arch/arm64/include/generated/asm/trace_clock.h
  WRAP    arch/arm64/include/generated/asm/unwind_user.h
  WRAP    arch/arm64/include/generated/asm/vga.h
  WRAP    arch/arm64/include/generated/asm/video.h
  SYSTBL  arch/arm64/include/generated/asm/syscall_table_32.h
  SYSTBL  arch/arm64/include/generated/asm/syscall_table_64.h
  SYSHDR  arch/arm64/include/generated/asm/unistd_32.h
  SYSHDR  arch/arm64/include/generated/asm/unistd_compat_32.h
  HOSTCC  scripts/dtc/libfdt/fdt_ro.o
  HOSTCC  scripts/dtc/libfdt/fdt_wip.o
  UPD     include/config/kernel.release
  UPD     include/generated/utsrelease.h
  HOSTCC  scripts/dtc/libfdt/fdt_sw.o
  HOSTCC  scripts/dtc/libfdt/fdt_rw.o
  HOSTCC  scripts/dtc/libfdt/fdt_strerror.o
  HOSTCC  scripts/dtc/libfdt/fdt_empty_tree.o
  HOSTCC  scripts/dtc/libfdt/fdt_addresses.o
  HOSTCC  scripts/dtc/libfdt/fdt_overlay.o
  HOSTCC  scripts/dtc/fdtoverlay.o
  HOSTCC  scripts/dtc/dtc-lexer.lex.o
  HOSTCC  scripts/dtc/dtc-parser.tab.o
  HOSTLD  scripts/dtc/fdtoverlay
  HOSTLD  scripts/dtc/dtc
  HOSTCC  scripts/kallsyms
  HOSTCC  scripts/sorttable.o
  HOSTCC  scripts/elf-parse.o
  HOSTCC  scripts/asn1_compiler
  HOSTCC  scripts/tracepoint-update.o
  TOUCH   include/generated/gcc-plugins.h
  HOSTLD  scripts/tracepoint-update
  HOSTLD  scripts/sorttable
  GEN     arch/arm64/include/generated/asm/cpucap-defs.h
  GEN     arch/arm64/include/generated/asm/sysreg-defs.h
  CC      scripts/mod/empty.o
  HOSTCC  scripts/mod/mk_elfconfig
  CC      scripts/mod/devicetable-offsets.s
  UPD     scripts/mod/devicetable-offsets.h
  MKELF   scripts/mod/elfconfig.h
  HOSTCC  scripts/mod/modpost.o
  HOSTCC  scripts/mod/file2alias.o
  HOSTCC  scripts/mod/sumversion.o
  HOSTCC  scripts/mod/symsearch.o
  HOSTLD  scripts/mod/modpost
  CC      kernel/bounds.s
  CHKSHA1 ../include/linux/atomic/atomic-arch-fallback.h
  CHKSHA1 ../include/linux/atomic/atomic-instrumented.h
  CHKSHA1 ../include/linux/atomic/atomic-long.h
  UPD     include/generated/timeconst.h
  UPD     include/generated/bounds.h
  CC      arch/arm64/kernel/asm-offsets.s
  UPD     include/generated/asm-offsets.h
  CC      kernel/sched/rq-offsets.s
  UPD     include/generated/rq-offsets.h
  CALL    ../scripts/checksyscalls.sh
  LDS     arch/arm64/kernel/vdso/vdso.lds
  CC      arch/arm64/kernel/vdso/vgettimeofday.o
  AS      arch/arm64/kernel/vdso/note.o
  AS      arch/arm64/kernel/vdso/sigreturn.o
  CC      arch/arm64/kernel/vdso/vgetrandom.o
  AS      arch/arm64/kernel/vdso/vgetrandom-chacha.o
  LD      arch/arm64/kernel/vdso/vdso.so.dbg
  VDSOSYM include/generated/vdso-offsets.h
  OBJCOPY arch/arm64/kernel/vdso/vdso.so
  COPY    usr/initramfs_inc_data
  CC      init/main.o
  CC      certs/system_keyring.o
  CC      ipc/compat.o
  AS      usr/initramfs_data.o
  CC      mm/filemap.o
  CC      fs/notify/dnotify/dnotify.o
  AR      usr/built-in.a
  CC      kernel/locking/mutex.o
  CC      arch/arm64/kernel/pi/idreg-override.o
  CC      kernel/sched/core.o
  HOSTCC  certs/extract-cert
  CERT    certs/x509_certificate_list
  CERT    certs/signing_key.x509
  AS      certs/system_certificates.o
  AR      certs/built-in.a
  CC      ipc/util.o
  CC      mm/mempool.o
  HOSTCC  arch/arm64/kernel/pi/relacheck
  CC      arch/arm64/kernel/pi/map_kernel.o
  AR      fs/notify/dnotify/built-in.a
  CC      fs/notify/inotify/inotify_fsnotify.o
  CC      kernel/locking/semaphore.o
  CC      fs/notify/inotify/inotify_user.o
  CC      arch/arm64/kernel/pi/map_range.o
  UPD     init/utsversion-tmp.h
  CC      init/do_mounts.o
  CC      security/keys/gc.o
  CC      ipc/msgutil.o
  CC      kernel/locking/rwsem.o
  CC      mm/oom_kill.o
  CC      ipc/msg.o
  CC      arch/arm64/kernel/pi/lib-fdt.o
  CC      arch/arm64/kernel/pi/lib-fdt_ro.o
  AR      fs/notify/inotify/built-in.a
  CC      security/keys/key.o
  CC      fs/notify/fanotify/fanotify.o
  CC      arch/arm64/kernel/pi/relocate.o
  CC      init/do_mounts_initrd.o
  CC      kernel/locking/percpu-rwsem.o
  CC      arch/arm64/kernel/pi/kaslr_early.o
  CC      fs/notify/fanotify/fanotify_user.o
  CC      ipc/sem.o
  OBJCOPY arch/arm64/kernel/pi/idreg-override.pi.o
  CC      init/initramfs.o
  CC      kernel/locking/spinlock.o
  CC      security/keys/keyring.o
  CC      mm/fadvise.o
  OBJCOPY arch/arm64/kernel/pi/map_kernel.pi.o
  OBJCOPY arch/arm64/kernel/pi/map_range.pi.o
  OBJCOPY arch/arm64/kernel/pi/lib-fdt.pi.o
  OBJCOPY arch/arm64/kernel/pi/lib-fdt_ro.pi.o
  OBJCOPY arch/arm64/kernel/pi/relocate.pi.o
  OBJCOPY arch/arm64/kernel/pi/kaslr_early.pi.o
  AR      arch/arm64/kernel/pi/built-in.a
  CC      arch/arm64/kernel/probes/kprobes.o
  CC      kernel/locking/osq_lock.o
  CC      mm/maccess.o
  CC      kernel/locking/qspinlock.o
  CC      init/calibrate.o
  CC      kernel/sched/fair.o
  CC      arch/arm64/kernel/probes/decode-insn.o
  CC      security/keys/keyctl.o
  AR      fs/notify/fanotify/built-in.a
  CC      init/init_task.o
  CC      ipc/shm.o
  CC      mm/page-writeback.o
  CC      fs/notify/fsnotify.o
  CC      kernel/locking/rtmutex_api.o
  CC      init/version.o
  AS      arch/arm64/kernel/probes/kprobes_trampoline.o
  CC      arch/arm64/kernel/probes/simulate-insn.o
  CC      fs/notify/notification.o
  CC      security/keys/permission.o
  CC      kernel/locking/qrwlock.o
  AR      init/built-in.a
  CC      fs/notify/group.o
  CC      ipc/syscall.o
  CC      arch/arm64/kernel/probes/uprobes.o
  CC      ipc/ipc_sysctl.o
  AR      kernel/locking/built-in.a
  CC      ipc/mqueue.o
  CC      fs/notify/mark.o
  CC      fs/notify/fdinfo.o
  CC      security/keys/process_keys.o
  CC      security/keys/request_key.o
  CC      mm/folio-compat.o
  CC      mm/readahead.o
  AR      fs/notify/built-in.a
  CC      ipc/namespace.o
  CC      security/keys/request_key_auth.o
  AR      arch/arm64/kernel/probes/built-in.a
  CC      arch/arm64/kernel/debug-monitors.o
  CC      security/yama/yama_lsm.o
  CC      fs/nfs_common/nfs_ssc.o
  CC      kernel/sched/build_policy.o
  CC      security/keys/user_defined.o
  CC      security/bpf/hooks.o
  CC      mm/swap.o
  CC      ipc/mq_sysctl.o
  AS      arch/arm64/kernel/entry.o
  CC      arch/arm64/kernel/irq.o
  AR      security/yama/built-in.a
  CC      security/keys/compat.o
  CC      kernel/sched/build_utility.o
  AR      ipc/built-in.a
  CC      security/keys/compat_dh.o
  CC      fs/nfs_common/common.o
  AR      security/bpf/built-in.a
  CC      arch/arm64/kernel/fpsimd.o
  CC      security/integrity/iint.o
  CC      security/keys/proc.o
  CC      crypto/asymmetric_keys/asymmetric_type.o
  CC      mm/truncate.o
  AR      fs/nfs_common/built-in.a
  CC      fs/iomap/trace.o
  CC      security/keys/sysctl.o
  CC      arch/arm64/kernel/entry-common.o
  CC      security/integrity/integrity_audit.o
  CC      crypto/asymmetric_keys/restrict.o
  CC      crypto/asymmetric_keys/signature.o
  CC      security/keys/dh.o
  CC      mm/vmscan.o
  CC      fs/iomap/iter.o
  AR      security/integrity/built-in.a
  CC      crypto/asymmetric_keys/public_key.o
  ASN.1   crypto/asymmetric_keys/x509.asn1.[ch]
  CC      security/commoncap.o
  CC      security/keys/keyctl_pkey.o
  AS      arch/arm64/kernel/entry-fpsimd.o
  ASN.1   crypto/asymmetric_keys/x509_akid.asn1.[ch]
  CC      crypto/asymmetric_keys/x509_loader.o
  CC      fs/iomap/buffered-io.o
  CC      arch/arm64/kernel/process.o
  CC      crypto/asymmetric_keys/x509_public_key.o
  AR      security/keys/built-in.a
  CC      arch/arm64/kernel/ptrace.o
  CC      security/lsm_syscalls.o
  ASN.1   crypto/asymmetric_keys/pkcs7.asn1.[ch]
  CC      crypto/asymmetric_keys/pkcs7_trust.o
  CC      crypto/asymmetric_keys/pkcs7_verify.o
  CC      mm/shrinker.o
  CC      fs/iomap/direct-io.o
  CC      security/min_addr.o
  CC      arch/arm64/kernel/setup.o
  CC      security/security.o
  CC      arch/arm64/kernel/signal.o
  CC      crypto/asymmetric_keys/x509.asn1.o
  CC      crypto/asymmetric_keys/x509_akid.asn1.o
  CC      crypto/asymmetric_keys/x509_cert_parser.o
  CC      fs/iomap/ioend.o
  CC      mm/shmem.o
  CC      crypto/asymmetric_keys/pkcs7.asn1.o
  CC      crypto/asymmetric_keys/pkcs7_parser.o
  CC      block/partitions/core.o
  AR      crypto/asymmetric_keys/built-in.a
  CC      fs/iomap/fiemap.o
  CC      arch/arm64/kernel/sys.o
  CC      crypto/api.o
  CC      fs/iomap/seek.o
  CC      block/partitions/msdos.o
  CC      arch/arm64/kernel/stacktrace.o
  CC      crypto/cipher.o
  CC      fs/iomap/bio.o
  CC      block/partitions/efi.o
  CC      mm/util.o
  CC      crypto/algapi.o
  CC      crypto/scatterwalk.o
  CC      fs/iomap/swapfile.o
  CC      arch/arm64/kernel/time.o
  AR      block/partitions/built-in.a
  CC      block/bdev.o
  CC      block/fops.o
  CC      mm/mmzone.o
  CC      arch/arm64/kernel/traps.o
  AR      fs/iomap/built-in.a
  CC      fs/quota/dquot.o
  CC      mm/vmstat.o
  CC      crypto/proc.o
  CC      fs/quota/quota_v1.o
  CC      block/bio.o
  CC      security/lsm_notifier.o
  CC      arch/arm64/kernel/io.o
  CC      crypto/aead.o
  CC      crypto/geniv.o
  CC      arch/arm64/kernel/vdso.o
  CC      security/lsm_init.o
  CC      crypto/lskcipher.o
  CC      security/inode.o
  AS      arch/arm64/kernel/hyp-stub.o
  CC      block/elevator.o
  CC      crypto/skcipher.o
  CC      arch/arm64/kernel/psci.o
  CC      fs/quota/quota_v2.o
  CC      mm/backing-dev.o
  CC      security/lsm_audit.o
  CC      arch/arm64/kernel/cpu_ops.o
  CC      arch/arm64/kernel/return_address.o
  CC      fs/quota/quota_tree.o
  CC      block/blk-core.o
  CC      crypto/bpf_crypto_skcipher.o
  CC      crypto/seqiv.o
  CC      arch/arm64/kernel/cpuinfo.o
  CC      fs/quota/quota.o
  CC      fs/quota/kqid.o
  CC      crypto/ahash.o
  CC      mm/mm_init.o
  CC      arch/arm64/kernel/cpu_errata.o
  CC      security/device_cgroup.o
  AR      fs/quota/built-in.a
  CC      fs/proc/task_mmu.o
  CC      arch/arm64/kernel/cpufeature.o
  CC      crypto/shash.o
  AR      security/built-in.a
  CC      crypto/akcipher.o
  CC      block/blk-sysfs.o
  CC      mm/percpu.o
  CC      arch/arm64/kernel/alternative.o
  CC      arch/arm64/kernel/cacheinfo.o
  CC      fs/proc/inode.o
  CC      fs/proc/root.o
  CC      crypto/sig.o
  CC      arch/arm64/mm/dma-mapping.o
  CC      block/blk-flush.o
  CC      arch/arm64/kernel/smp.o
  CC      arch/arm64/kernel/smp_spin_table.o
  CC      arch/arm64/mm/extable.o
  CC      fs/proc/base.o
  CC      crypto/kpp.o
  CC      arch/arm64/mm/fault.o
  CC      block/blk-settings.o
  CC      arch/arm64/mm/init.o
  CC      arch/arm64/kernel/topology.o
  CC      crypto/dh.o
  AS      arch/arm64/kernel/smccc-call.o
  CC      block/blk-ioc.o
  CC      kernel/power/qos.o
  AS      arch/arm64/mm/cache.o
  CC      arch/arm64/mm/copypage.o
  CC      crypto/dh_helper.o
  CC      arch/arm64/kernel/syscall.o
  ASN.1   crypto/rsapubkey.asn1.[ch]
  ASN.1   crypto/rsaprivkey.asn1.[ch]
  CC      crypto/rsa.o
  CC      arch/arm64/mm/flush.o
  CC      kernel/power/main.o
  CC      block/blk-map.o
  CC      arch/arm64/kernel/proton-pack.o
  CC      crypto/rsa_helper.o
  CC      arch/arm64/mm/ioremap.o
  CC      kernel/power/process.o
  CC      crypto/rsa-pkcs1pad.o
  CC      mm/slab_common.o
  AR      kernel/sched/built-in.a
  CC      fs/proc/generic.o
  CC      fs/proc/array.o
  CC      block/blk-merge.o
  CC      arch/arm64/mm/mmap.o
  CC      arch/arm64/kernel/idle.o
  CC      crypto/rsassa-pkcs1.o
  CC      arch/arm64/mm/pgd.o
  CC      kernel/power/poweroff.o
  CC      fs/proc/fd.o
  CC      arch/arm64/kernel/patching.o
  CC      fs/proc/proc_tty.o
  CC      block/blk-timeout.o
  CC      mm/compaction.o
  CC      kernel/power/energy_model.o
  CC      arch/arm64/kernel/rsi.o
  CC      arch/arm64/kernel/jump_label.o
  CC      arch/arm64/kernel/sys32.o
  CC      arch/arm64/mm/mem_encrypt.o
  CC      arch/arm64/kernel/signal32.o
  CC      block/blk-lib.o
  CC      crypto/acompress.o
  CC      fs/proc/cmdline.o
  CC      arch/arm64/mm/mmu.o
  CC      fs/proc/consoles.o
  CC      kernel/power/em_netlink_autogen.o
  CC      arch/arm64/kernel/sys_compat.o
  CC      block/blk-mq.o
  CC      fs/proc/cpuinfo.o
  CC      crypto/scompress.o
  CC      crypto/algboss.o
  CC      fs/proc/devices.o
  AS      arch/arm64/kernel/sigreturn32.o
  AS      arch/arm64/kernel/kuser32.o
  CC      kernel/power/em_netlink.o
  CC      arch/arm64/kernel/ftrace.o
  CC      arch/arm64/mm/context.o
  AS      arch/arm64/mm/proc.o
  AS      arch/arm64/kernel/entry-ftrace.o
  CC      fs/proc/interrupts.o
  CC      fs/proc/loadavg.o
  CC      crypto/testmgr.o
  CC      arch/arm64/kernel/module.o
  CC      mm/show_mem.o
  AR      kernel/power/built-in.a
  CC      kernel/printk/printk.o
  CC      kernel/irq/irqdesc.o
  CC      arch/arm64/mm/pageattr.o
  CC      fs/proc/meminfo.o
  CC      crypto/hmac.o
  CC      arch/arm64/kernel/module-plts.o
  CC      mm/interval_tree.o
  CC      crypto/xcbc.o
  CC      arch/arm64/mm/fixmap.o
  CC      fs/proc/stat.o
  CC      kernel/irq/handle.o
  CC      block/blk-mq-tag.o
  CC      arch/arm64/kernel/perf_regs.o
  CC      crypto/crypto_null.o
  CC      arch/arm64/mm/contpte.o
  CC      mm/list_lru.o
  CC      fs/proc/uptime.o
  CC      kernel/irq/manage.o
  CC      arch/arm64/kernel/perf_callchain.o
  CC      kernel/printk/printk_safe.o
  CC      block/blk-mq-dma.o
  CC      arch/arm64/kernel/hw_breakpoint.o
  CC      kernel/printk/nbcon.o
  CC      crypto/md5.o
  CC      fs/proc/util.o
  CC      mm/workingset.o
  CC      block/blk-stat.o
  CC      arch/arm64/mm/hugetlbpage.o
  CC      fs/proc/version.o
  CC      block/blk-mq-sysfs.o
  CC      crypto/rmd160.o
  CC      arch/arm64/mm/gcs.o
  CC      mm/debug.o
  CC      fs/proc/softirqs.o
  CC      kernel/printk/braille.o
  CC      crypto/sha1.o
  CC      block/blk-mq-cpumap.o
  CC      kernel/printk/printk_ringbuffer.o
  CC      fs/proc/namespaces.o
  CC      crypto/sha256.o
  CC      block/blk-mq-sched.o
  CC      mm/gup.o
  CC      arch/arm64/kernel/efi.o
  CC      fs/proc/self.o
  CC      kernel/printk/sysctl.o
  AR      arch/arm64/mm/built-in.a
  CC      fs/proc/thread_self.o
  CC      crypto/sha512.o
  AR      kernel/printk/built-in.a
  CC      crypto/sha3.o
  CC      kernel/irq/spurious.o
  CC      crypto/sm3_generic.o
  AS      arch/arm64/kernel/efi-rt-wrapper.o
  CC      arch/arm64/kernel/kaslr.o
  CC      fs/proc/proc_sysctl.o
  CC      block/ioctl.o
  CC      arch/arm64/kernel/pointer_auth.o
  CC      block/genhd.o
  CC      block/ioprio.o
  CC      crypto/blake2b.o
  CC      kernel/irq/resend.o
  AS      arch/arm64/kernel/vdso-wrap.o
  AS      arch/arm64/kernel/head.o
  LDS     arch/arm64/kernel/vmlinux.lds
  AR      arch/arm64/kernel/built-in.a
  CC      arch/arm64/net/bpf_jit_comp.o
  CC      mm/mmap_lock.o
  CC      crypto/ecb.o
  CC      crypto/cbc.o
  CC      kernel/irq/chip.o
  CC      kernel/irq/dummychip.o
  CC      fs/proc/proc_net.o
  CC      mm/vma_init.o
  CC      kernel/irq/devres.o
  CC      crypto/cts.o
  CC      fs/proc/kmsg.o
  CC      fs/proc/page.o
  CC      kernel/irq/kexec.o
  CC      block/badblocks.o
  CC      mm/highmem.o
  CC      crypto/xts.o
  CC      crypto/ctr.o
  CC      kernel/irq/autoprobe.o
  CC      mm/memory.o
  CC      mm/mincore.o
  CC      mm/mlock.o
  CC      fs/proc/bootconfig.o
  CC      crypto/gcm.o
  CC      kernel/irq/irqdomain.o
  AR      fs/proc/built-in.a
  CC      fs/kernfs/mount.o
  CC      crypto/ccm.o
  CC      kernel/irq/proc.o
  CC      fs/kernfs/inode.o
  CC      block/blk-rq-qos.o
  CC      fs/kernfs/dir.o
  CC      block/disk-events.o
  CC      crypto/cryptd.o
  CC      kernel/irq/cpuhotplug.o
  CC      crypto/aes.o
  CC      fs/kernfs/file.o
  CC      block/blk-ia-ranges.o
  CC      kernel/irq/msi.o
  CC      crypto/sm4.o
  CC      block/early-lookup.o
  CC      crypto/sm4_generic.o
  CC      kernel/irq/ipi.o
  CC      fs/kernfs/symlink.o
  CC      block/blk-cgroup.o
  CC      crypto/chacha.o
  CC      kernel/irq/ipi-mux.o
  AR      fs/kernfs/built-in.a
  AS      arch/arm64/net/bpf_timed_may_goto.o
  CC      fs/sysfs/file.o
  CC      crypto/deflate.o
  AR      arch/arm64/net/built-in.a
  CC      arch/arm64/crypto/sm3-ce-glue.o
  CC      kernel/irq/affinity.o
  CC      block/blk-cgroup-rwstat.o
  CC      fs/sysfs/dir.o
  AS      arch/arm64/crypto/sm3-ce-core.o
  CC      crypto/michael_mic.o
  AR      kernel/irq/built-in.a
  CC      arch/arm64/crypto/sm4-ce-cipher-glue.o
  CC      block/blk-throttle.o
  CC      fs/sysfs/symlink.o
  CC      crypto/crc32c.o
  CC      kernel/rcu/update.o
  AS      arch/arm64/crypto/sm4-ce-cipher-core.o
  CC      arch/arm64/crypto/sm4-ce-glue.o
  CC      crypto/authenc.o
  CC      fs/sysfs/mount.o
  CC      block/mq-deadline.o
  CC      fs/sysfs/group.o
  AR      fs/sysfs/built-in.a
  CC      block/kyber-iosched.o
  CC      crypto/authencesn.o
  CC      fs/configfs/inode.o
  CC      fs/configfs/file.o
  AS      arch/arm64/crypto/sm4-ce-core.o
  CC      arch/arm64/crypto/sm4-neon-glue.o
  CC      crypto/lzo.o
  CC      block/bio-integrity.o
  CC      fs/configfs/dir.o
  AS      arch/arm64/crypto/sm4-neon-core.o
  CC      arch/arm64/crypto/ghash-ce-glue.o
  CC      crypto/lzo-rle.o
  CC      block/blk-integrity.o
  CC      block/t10-pi.o
  CC      crypto/lz4.o
  AS      arch/arm64/crypto/ghash-ce-core.o
  CC      fs/configfs/symlink.o
  CC      block/bio-integrity-auto.o
  CC      arch/arm64/crypto/aes-ce-ccm-glue.o
  AS      arch/arm64/crypto/aes-ce-ccm-core.o
  CC      fs/configfs/mount.o
  CC      arch/arm64/crypto/aes-glue-ce.o
  CC      block/blk-mq-debugfs.o
  CC      crypto/lz4hc.o
  CC      crypto/xxhash_generic.o
  CC      fs/configfs/item.o
  CC      block/blk-pm.o
  CC      crypto/842.o
  CC      kernel/rcu/sync.o
  CC      kernel/rcu/srcutree.o
  CC      block/blk-crypto.o
  AR      fs/configfs/built-in.a
  CC      block/blk-crypto-profile.o
  AS      arch/arm64/crypto/aes-ce.o
  CC      fs/devpts/inode.o
  CC      arch/arm64/crypto/aes-glue-neon.o
  CC      fs/ext4/balloc.o
  CC      fs/ext4/bitmap.o
  AS      arch/arm64/crypto/aes-neon.o
  AS      arch/arm64/crypto/aes-neonbs-core.o
  CC      arch/arm64/crypto/aes-neonbs-glue.o
  CC      mm/mmap.o
  AR      fs/devpts/built-in.a
  CC      mm/mmu_gather.o
  CC      kernel/rcu/tree.o
  CC      kernel/rcu/rcu_segcblist.o
  CC      crypto/rng.o
  CC      fs/ext4/block_validity.o
  AR      arch/arm64/crypto/built-in.a
  CC      crypto/drbg.o
  AR      arch/arm64/built-in.a
  CC      block/blk-crypto-sysfs.o
  CC      fs/ext4/dir.o
  AR      kernel/livepatch/built-in.a
  CC      io_uring/io_uring.o
  CC      mm/mprotect.o
  AS      arch/arm64/lib/clear_page.o
  AS      arch/arm64/lib/clear_user.o
  AS      arch/arm64/lib/copy_from_user.o
  AS      arch/arm64/lib/copy_page.o
  AS      arch/arm64/lib/copy_to_user.o
  CC      arch/arm64/lib/csum.o
  CC      arch/arm64/lib/delay.o
  CC      fs/ext4/ext4_jbd2.o
  CC      arch/arm64/lib/insn.o
  AS      arch/arm64/lib/memchr.o
  AS      arch/arm64/lib/memcmp.o
  AS      arch/arm64/lib/memcpy.o
  CC      fs/ext4/extents.o
  AS      arch/arm64/lib/memset.o
  AS      arch/arm64/lib/strchr.o
  CC      crypto/jitterentropy.o
  AS      arch/arm64/lib/strcmp.o
  AS      arch/arm64/lib/strlen.o
  CC      crypto/jitterentropy-kcapi.o
  AS      arch/arm64/lib/strncmp.o
  AS      arch/arm64/lib/strnlen.o
  AS      arch/arm64/lib/strrchr.o
  AS      arch/arm64/lib/tishift.o
  CC      arch/arm64/lib/xor-neon.o
  CC      crypto/ghash-generic.o
  AR      arch/arm64/lib/lib.a
  AR      arch/arm64/lib/built-in.a
  CC      crypto/af_alg.o
  CC      block/blk-crypto-fallback.o
  CC      fs/ext4/extents_status.o
  CC      fs/ext4/file.o
  CC      mm/mremap.o
  CC      block/holder.o
  CC      fs/ext4/fsmap.o
  CC      fs/ext4/fsync.o
  CC      crypto/algif_rng.o
  AR      block/built-in.a
  CC      fs/ext4/hash.o
  CC      mm/msync.o
  AR      lib/kunit/built-in.a
  AR      lib/math/tests/built-in.a
  CC      lib/math/div64.o
  CC      lib/math/gcd.o
  CC      fs/ext4/ialloc.o
  CC      mm/page_vma_mapped.o
  CC      lib/math/lcm.o
  CC      fs/ext4/indirect.o
  CC      lib/math/int_log.o
  CC      crypto/algif_aead.o
  CC      lib/math/int_pow.o
  CC      lib/math/int_sqrt.o
  CC      lib/math/reciprocal_div.o
  CC      lib/math/rational.o
  AR      lib/math/built-in.a
  CC      crypto/zstd.o
  AR      lib/crc/tests/built-in.a
  CC      lib/crc/crc16.o
  CC      lib/crc/crc-t10dif-main.o
  AS      lib/crc/arm64/crc-t10dif-core.o
  HOSTCC  lib/crc/gen_crc32table
  CC      crypto/ecc.o
  AS      lib/crc/arm64/crc32-core.o
  HOSTCC  lib/crc/gen_crc64table
  GEN     lib/crc/crc32table.h
  GEN     lib/crc/crc64table.h
  CC      lib/crc/crc32-main.o
  CC      crypto/essiv.o
  CC      lib/crc/crc64-main.o
  CC      io_uring/opdef.o
  AR      kernel/rcu/built-in.a
  AR      lib/crc/built-in.a
  AR      kernel/liveupdate/built-in.a
  CC      kernel/dma/mapping.o
  CC      lib/crypto/mpi/generic_mpih-lshift.o
  CC      crypto/ecdh.o
  CC      lib/crypto/mpi/generic_mpih-mul1.o
  CC      lib/crypto/mpi/generic_mpih-mul2.o
  CC      crypto/ecdh_helper.o
  CC      crypto/xor.o
  CC      crypto/kdf_sp800108.o
  CC      lib/crypto/mpi/generic_mpih-mul3.o
  AR      drivers/cache/built-in.a
  CC      drivers/irqchip/irqchip.o
  CC      lib/crypto/mpi/generic_mpih-rshift.o
  CC      lib/crypto/mpi/generic_mpih-sub1.o
  CC      lib/crypto/mpi/generic_mpih-add1.o
  CC      drivers/irqchip/irq-gic.o
  CC      lib/crypto/mpi/mpicoder.o
  CC      crypto/rsapubkey.asn1.o
  CC      io_uring/kbuf.o
  CC      crypto/rsaprivkey.asn1.o
  CC      lib/crypto/mpi/mpi-add.o
  AR      crypto/built-in.a
  CC      io_uring/rsrc.o
  CC      drivers/irqchip/irq-gic-common.o
  CC      lib/crypto/mpi/mpi-bit.o
  CC      drivers/irqchip/irq-msi-lib.o
  CC      drivers/irqchip/irq-gic-v3.o
  CC      lib/crypto/mpi/mpi-cmp.o
  CC      lib/crypto/mpi/mpi-sub-ui.o
  CC      lib/crypto/mpi/mpi-div.o
  CC      lib/crypto/mpi/mpi-mod.o
  CC      lib/crypto/mpi/mpi-mul.o
  CC      lib/crypto/mpi/mpih-cmp.o
  CC      lib/crypto/mpi/mpih-div.o
  CC      lib/crypto/mpi/mpih-mul.o
  CC      lib/crypto/mpi/mpi-pow.o
  CC      kernel/entry/common.o
  CC      lib/crypto/mpi/mpiutil.o
  CC      mm/pagewalk.o
  AR      kernel/entry/built-in.a
  CC      mm/pgtable-generic.o
  AR      lib/crypto/mpi/built-in.a
  CC      lib/crypto/hash_info.o
  CC      drivers/irqchip/irq-gic-v3-mbi.o
  CC      drivers/irqchip/irq-gic-its-msi-parent.o
  CC      drivers/irqchip/irq-gic-v3-its.o
  CC      lib/crypto/memneq.o
  CC      mm/rmap.o
  CC      lib/crypto/utils.o
  CC      mm/vmalloc.o
  CC      mm/vma.o
  CC      lib/crypto/aes.o
  AS      lib/crypto/arm64/aes-cipher-core.o
  AS      lib/crypto/arm64/aes-ce-core.o
  CC      mm/vma_exec.o
  CC      kernel/dma/direct.o
  CC      drivers/irqchip/irq-gic-v4.o
  CC      fs/ext4/inline.o
  AR      lib/tests/built-in.a
  CC      fs/ext4/inode.o
  CC      lib/crypto/gf128mul.o
  CC      lib/crypto/blake2b.o
  CC      drivers/irqchip/irq-gic-v5.o
  AR      sound/built-in.a
  CC      lib/crypto/blake2s.o
  CC      io_uring/notif.o
  CC      mm/process_vm_access.o
  CC      kernel/dma/contiguous.o
  CC      mm/mseal.o
  CC      lib/crypto/chacha-block-generic.o
  CC      lib/crypto/chacha.o
  CC      kernel/dma/coherent.o
  CC      fs/ext4/ioctl.o
  CC      drivers/irqchip/irq-gic-v5-irs.o
  CC      drivers/irqchip/irq-gic-v5-its.o
  CC      io_uring/tctx.o
  AS      lib/crypto/arm64/chacha-neon-core.o
  CC      mm/page_alloc.o
  CC      lib/crypto/md5.o
  CC      kernel/dma/swiotlb.o
  CC      lib/crypto/sha1.o
  AS      lib/crypto/arm64/sha1-ce-core.o
  CC      io_uring/filetable.o
  CC      drivers/irqchip/irq-gic-v5-iwb.o
  CC      io_uring/rw.o
  CC      lib/crypto/sha256.o
  CC      io_uring/poll.o
  CC      drivers/irqchip/irq-apple-aic.o
  CC      mm/page_frag_cache.o
  PERLASM lib/crypto/arm64/sha256-core.S
  CC      kernel/dma/pool.o
  AS      lib/crypto/arm64/sha256-ce.o
  CC      lib/crypto/sha512.o
  CC      kernel/dma/remap.o
  AR      drivers/irqchip/built-in.a
  AR      drivers/phy/allwinner/built-in.a
  AR      drivers/bus/mhi/built-in.a
  CC      drivers/bus/apple-usbcomplex.o
  AR      drivers/phy/amlogic/built-in.a
  CC      drivers/phy/apple/atc.o
  AR      drivers/phy/broadcom/built-in.a
  CC      drivers/phy/apple/ausb.o
  PERLASM lib/crypto/arm64/sha512-core.S
  AS      lib/crypto/arm64/sha512-ce-core.o
  AR      kernel/dma/built-in.a
  CC      lib/crypto/sha3.o
  CC      drivers/bus/simple-pm-bus.o
  AS      lib/crypto/arm64/sha3-ce-core.o
  AR      drivers/bus/built-in.a
  CC      lib/crypto/sm3.o
  AR      kernel/unwind/built-in.a
  CC      kernel/module/main.o
  AR      drivers/phy/cadence/built-in.a
  CC      lib/vdso/datastore.o
  AS      lib/crypto/arm64/sha256-core.o
  AS      lib/crypto/arm64/sha512-core.o
  AR      lib/vdso/built-in.a
  AR      lib/crypto/built-in.a
  CC      lib/842/842_compress.o
  CC      fs/ext4/mballoc.o
  CC      lib/842/842_decompress.o
  AR      lib/842/built-in.a
  CC      lib/zlib_inflate/inffast.o
  CC      lib/zlib_inflate/inflate.o
  CC      lib/zlib_inflate/infutil.o
  CC      lib/zlib_inflate/inftrees.o
  CC      lib/zlib_inflate/inflate_syms.o
  AR      lib/zlib_inflate/built-in.a
  CC      lib/zlib_deflate/deflate.o
  CC      lib/reed_solomon/reed_solomon.o
  CC      lib/zlib_deflate/deftree.o
  AR      drivers/phy/apple/built-in.a
  AR      drivers/phy/freescale/built-in.a
  AR      drivers/phy/hisilicon/built-in.a
  AR      drivers/phy/ingenic/built-in.a
  AR      drivers/phy/intel/built-in.a
  AR      drivers/phy/lantiq/built-in.a
  AR      drivers/phy/marvell/built-in.a
  AR      drivers/phy/mediatek/built-in.a
  AR      drivers/phy/microchip/built-in.a
  AR      drivers/phy/motorola/built-in.a
  AR      drivers/phy/mscc/built-in.a
  AR      drivers/phy/nuvoton/built-in.a
  AR      drivers/phy/qualcomm/built-in.a
  AR      drivers/phy/ralink/built-in.a
  AR      drivers/phy/realtek/built-in.a
  AR      drivers/phy/renesas/built-in.a
  AR      drivers/phy/rockchip/built-in.a
  AR      drivers/phy/samsung/built-in.a
  AR      drivers/phy/socionext/built-in.a
  AR      drivers/phy/sophgo/built-in.a
  AR      drivers/phy/spacemit/built-in.a
  AR      drivers/phy/st/built-in.a
  AR      drivers/phy/starfive/built-in.a
  AR      drivers/phy/sunplus/built-in.a
  CC      lib/zlib_deflate/deflate_syms.o
  AR      drivers/phy/tegra/built-in.a
  AR      drivers/phy/ti/built-in.a
  AR      drivers/phy/xilinx/built-in.a
  CC      drivers/phy/phy-core.o
  CC      mm/init-mm.o
  CC      lib/lzo/lzo1x_compress.o
  AR      lib/reed_solomon/built-in.a
  CC      fs/ext4/migrate.o
  CC      io_uring/tw.o
  AR      lib/zlib_deflate/built-in.a
  CC      io_uring/wait.o
  CC      lib/lzo/lzo1x_compress_safe.o
  CC      mm/memblock.o
  AR      drivers/phy/built-in.a
  AR      drivers/pinctrl/actions/built-in.a
  AR      drivers/pinctrl/bcm/built-in.a
  AR      drivers/pinctrl/cirrus/built-in.a
  CC      lib/lzo/lzo1x_decompress_safe.o
  AR      drivers/pinctrl/cix/built-in.a
  AR      drivers/pinctrl/freescale/built-in.a
  AR      drivers/pinctrl/mediatek/built-in.a
  AR      drivers/pinctrl/microchip/built-in.a
  AR      drivers/pinctrl/mvebu/built-in.a
  AR      drivers/pinctrl/nomadik/built-in.a
  AR      drivers/pinctrl/nuvoton/built-in.a
  AR      drivers/pinctrl/nxp/built-in.a
  CC      fs/ext4/mmp.o
  AR      drivers/pinctrl/qcom/built-in.a
  AR      drivers/pinctrl/sophgo/built-in.a
  CC      io_uring/eventfd.o
  CC      drivers/gpio/gpiolib.o
  AR      drivers/pinctrl/spacemit/built-in.a
  AR      drivers/pinctrl/sprd/built-in.a
  AR      drivers/pinctrl/starfive/built-in.a
  AR      drivers/pinctrl/sunplus/built-in.a
  AR      drivers/pinctrl/ti/built-in.a
  CC      drivers/pinctrl/core.o
  CC      kernel/module/strict_rwx.o
  CC      drivers/gpio/gpiolib-devres.o
  AR      lib/lzo/built-in.a
  CC      lib/lz4/lz4_compress.o
  CC      kernel/module/kmod.o
  CC      io_uring/uring_cmd.o
  CC      mm/slub.o
  CC      fs/ext4/move_extent.o
  CC      fs/ext4/namei.o
  CC      kernel/module/decompress.o
  CC      drivers/pinctrl/pinctrl-utils.o
  CC      io_uring/openclose.o
  CC      io_uring/sqpoll.o
  CC      drivers/pinctrl/pinmux.o
  CC      lib/lz4/lz4hc_compress.o
  CC      drivers/pinctrl/devicetree.o
  CC      kernel/module/tree_lookup.o
  CC      kernel/module/kallsyms.o
  CC      fs/ext4/page-io.o
  CC      drivers/pinctrl/pinctrl-apple-gpio.o
  CC      lib/lz4/lz4_decompress.o
  CC      mm/madvise.o
  CC      io_uring/xattr.o
  CC      kernel/module/procfs.o
  AR      drivers/pinctrl/built-in.a
  CC      io_uring/nop.o
  CC      io_uring/fs.o
  CC      kernel/module/sysfs.o
  CC      fs/ext4/readpage.o
  CC      drivers/pwm/core.o
  AR      kernel/module/built-in.a
  CC      io_uring/splice.o
  CC      fs/ext4/resize.o
  AR      lib/lz4/built-in.a
  CC      kernel/time/time.o
  CC      lib/zstd/zstd_compress_module.o
  CC      fs/ext4/super.o
  CC      lib/zstd/compress/fse_compress.o
  CC      io_uring/sync.o
  CC      lib/zstd/compress/hist.o
  CC      lib/zstd/compress/huf_compress.o
  CC      lib/zstd/compress/zstd_compress.o
  CC      io_uring/msg_ring.o
  CC      kernel/time/timer.o
  CC      lib/zstd/compress/zstd_compress_literals.o
  CC      fs/ext4/symlink.o
  CC      drivers/gpio/gpiolib-legacy.o
  CC      io_uring/advise.o
  CC      drivers/gpio/gpiolib-of.o
  CC      io_uring/statx.o
  CC      drivers/gpio/gpiolib-cdev.o
  CC      drivers/pwm/pwm-apple.o
  CC      io_uring/timeout.o
  CC      io_uring/cancel.o
  CC      mm/page_io.o
  CC      fs/jbd2/transaction.o
  CC      drivers/gpio/gpiolib-swnode.o
  CC      kernel/time/hrtimer.o
  CC      drivers/gpio/gpio-macsmc.o
  CC      mm/swap_state.o
  CC      lib/zstd/compress/zstd_compress_sequences.o
  CC      io_uring/waitid.o
  CC      lib/zstd/compress/zstd_compress_superblock.o
  CC      lib/zstd/compress/zstd_double_fast.o
  CC      fs/jbd2/commit.o
  AR      drivers/gpio/built-in.a
  CC      fs/jbd2/recovery.o
  CC      io_uring/register.o
  CC      kernel/time/sleep_timeout.o
  CC      mm/swapfile.o
  CC      mm/dmapool.o
  CC      lib/zstd/compress/zstd_fast.o
  CC      fs/jbd2/checkpoint.o
  CC      kernel/time/timekeeping.o
  CC      fs/jbd2/revoke.o
  CC      lib/zstd/compress/zstd_lazy.o
  CC      lib/xz/xz_dec_syms.o
  CC      fs/jbd2/journal.o
  CC      lib/xz/xz_dec_stream.o
  CC      lib/xz/xz_dec_lzma2.o
  AR      lib/xz/built-in.a
  CC      kernel/futex/core.o
  CC      kernel/futex/syscalls.o
  CC      kernel/time/ntp.o
  CC      kernel/time/clocksource.o
  CC      kernel/futex/pi.o
  CC      kernel/time/jiffies.o
  CC      kernel/futex/requeue.o
  CC      kernel/time/timer_list.o
  CC      kernel/futex/waitwake.o
  CC      kernel/time/timeconv.o
  CC      kernel/time/timecounter.o
  AR      kernel/futex/built-in.a
  CC      kernel/time/alarmtimer.o
  CC      kernel/time/posix-timers.o
  AR      fs/jbd2/built-in.a
  CC      kernel/time/posix-cpu-timers.o
  AR      drivers/pwm/built-in.a
  CC      io_uring/truncate.o
  CC      kernel/time/posix-clock.o
  CC      mm/hugetlb.o
  CC      io_uring/memmap.o
  CC      mm/hugetlb_sysfs.o
  CC      lib/zstd/compress/zstd_ldm.o
  CC      kernel/time/itimer.o
  CC      lib/zstd/compress/zstd_opt.o
  CC      kernel/time/clockevents.o
  AR      drivers/leds/trigger/built-in.a
  AR      drivers/leds/blink/built-in.a
  AR      drivers/leds/simatic/built-in.a
  CC      drivers/leds/led-core.o
  AR      drivers/pci/controller/dwc/built-in.a
  AR      drivers/pci/controller/mobiveil/built-in.a
  AR      drivers/pci/controller/plda/built-in.a
  AR      drivers/pci/controller/built-in.a
  AR      drivers/pci/switch/built-in.a
  CC      drivers/pci/of.o
  CC      io_uring/alloc_cache.o
  CC      drivers/leds/led-triggers.o
  CC      kernel/time/tick-common.o
  CC      kernel/time/tick-broadcast.o
  CC      drivers/pci/trace.o
  AR      drivers/leds/built-in.a
  CC      kernel/time/tick-broadcast-hrtimer.o
  AR      samples/vfio-mdev/built-in.a
  AR      samples/built-in.a
  CC      kernel/time/sched_clock.o
  CC      lib/zstd/compress/zstd_preSplit.o
  CC      io_uring/query.o
  CC      lib/zstd/zstd_decompress_module.o
  CC      io_uring/zcrx.o
  CC      lib/raid6/algos.o
  AR      drivers/pci/built-in.a
  CC      lib/zstd/decompress/huf_decompress.o
  CC      drivers/video/console/dummycon.o
  CC      kernel/time/tick-oneshot.o
  CC      lib/raid6/recov.o
  CC      kernel/time/tick-sched.o
  HOSTCC  lib/raid6/mktables
  CC      lib/zstd/decompress/zstd_ddict.o
  UNROLL  lib/raid6/int1.c
  CC      lib/zstd/decompress/zstd_decompress.o
  CC      lib/zstd/decompress/zstd_decompress_block.o
  CC      kernel/time/timer_migration.o
  AR      drivers/video/console/built-in.a
  CC      drivers/video/logo/logo.o
  HOSTCC  drivers/video/logo/pnmtologo
  CC      lib/zstd/zstd_common_module.o
  CC      lib/zstd/common/debug.o
  CC      fs/ext4/sysfs.o
  CC      mm/hugetlb_sysctl.o
  CC      lib/zstd/common/entropy_common.o
  UNROLL  lib/raid6/int2.c
  UNROLL  lib/raid6/int4.c
  UNROLL  lib/raid6/int8.c
  LOGO    drivers/video/logo/logo_linux_mono.c
  CC      lib/raid6/neon.o
  LOGO    drivers/video/logo/logo_linux_vga16.c
  CC      lib/zstd/common/error_private.o
  LOGO    drivers/video/logo/logo_linux_clut224.c
  CC      drivers/video/logo/logo_linux_mono.o
  CC      lib/zstd/common/fse_decompress.o
  CC      drivers/video/logo/logo_linux_vga16.o
  CC      drivers/video/logo/logo_linux_clut224.o
  AR      drivers/video/logo/built-in.a
  CC      drivers/video/backlight/apple_dwi_bl.o
  CC      lib/zstd/common/zstd_common.o
  AR      lib/zstd/built-in.a
  CC      drivers/video/backlight/apple_pmic_bl.o
  CC      kernel/time/vsyscall.o
  CC      mm/hugetlb_cma.o
  UNROLL  lib/raid6/neon1.c
  UNROLL  lib/raid6/neon2.c
  UNROLL  lib/raid6/neon4.c
  CC      mm/sparse.o
  UNROLL  lib/raid6/neon8.c
  CC      lib/raid6/recov_neon.o
  CC      mm/sparse-vmemmap.o
  CC      drivers/video/backlight/backlight.o
  AR      drivers/video/backlight/built-in.a
  CC      lib/raid6/recov_neon_inner.o
  CC      kernel/time/timekeeping_debug.o
  CC      drivers/video/fbdev/core/fb_notify.o
  CC      fs/ext4/xattr.o
  CC      fs/ext4/xattr_hurd.o
  CC      fs/ext4/xattr_trusted.o
  CC      kernel/time/namespace.o
  TABLE   lib/raid6/tables.c
  CC      lib/raid6/int1.o
  CC      drivers/video/fbdev/core/fb_info.o
  CC      io_uring/io-wq.o
  CC      io_uring/futex.o
  CC      io_uring/epoll.o
  CC      lib/raid6/int2.o
  AR      kernel/time/built-in.a
  CC      kernel/cgroup/cgroup.o
  CC      mm/ksm.o
  CC      drivers/video/fbdev/core/fbmem.o
  CC      lib/raid6/int4.o
  CC      drivers/video/fbdev/core/fbcmap.o
  CC      fs/ext4/xattr_user.o
  CC      mm/migrate.o
  CC      io_uring/napi.o
  CC      lib/raid6/int8.o
  CC      fs/ext4/fast_commit.o
  CC      lib/raid6/neon1.o
  CC      drivers/video/fbdev/core/modedb.o
  CC      drivers/video/fbdev/core/fbcvt.o
  CC      lib/raid6/neon2.o
  CC      kernel/cgroup/rstat.o
  CC      lib/raid6/neon4.o
  CC      drivers/video/fbdev/core/fb_cmdline.o
  CC      io_uring/net.o
  CC      lib/raid6/neon8.o
  CC      drivers/video/fbdev/core/fb_backlight.o
  CC      lib/raid6/tables.o
  CC      drivers/video/fbdev/core/fbmon.o
  AR      lib/raid6/built-in.a
  CC      lib/fonts/fonts.o
  CC      drivers/video/fbdev/core/fb_defio.o
  CC      fs/ext4/orphan.o
  CC      lib/fonts/font_8x8.o
  CC      lib/fonts/font_8x16.o
  AR      lib/fonts/built-in.a
  CC      lib/argv_split.o
  CC      fs/ext4/acl.o
  CC      drivers/video/fbdev/core/fb_chrdev.o
  CC      lib/bug.o
  CC      fs/ext4/xattr_security.o
  CC      lib/buildid.o
  AR      fs/ext4/built-in.a
  CC      lib/clz_tab.o
  CC      drivers/video/fbdev/core/fb_procfs.o
  CC      lib/cmdline.o
  CC      lib/cpumask.o
  CC      fs/ramfs/inode.o
  CC      drivers/video/fbdev/core/fbsysfs.o
  CC      lib/ctype.o
  CC      lib/dec_and_lock.o
  CC      lib/decompress.o
  CC      lib/decompress_bunzip2.o
  CC      drivers/video/fbdev/core/fbcon.o
  CC      lib/decompress_inflate.o
  CC      fs/ramfs/file-mmu.o
  CC      mm/huge_memory.o
  CC      lib/decompress_unlz4.o
  CC      lib/decompress_unlzma.o
  CC      lib/decompress_unlzo.o
  CC      lib/decompress_unxz.o
  CC      lib/decompress_unzstd.o
  CC      lib/dump_stack.o
  CC      lib/earlycpio.o
  AR      drivers/video/fbdev/omap/built-in.a
  CC      io_uring/cmd_net.o
  CC      lib/extable.o
  CC      lib/fdt.o
  CC      lib/fdt_addresses.o
  CC      lib/fdt_empty_tree.o
  CC      lib/fdt_ro.o
  CC      lib/fdt_rw.o
  CC      lib/fdt_strerror.o
  CC      lib/fdt_sw.o
  CC      lib/fdt_wip.o
  CC      lib/flex_proportions.o
  CC      lib/idr.o
  AR      fs/ramfs/built-in.a
  CC      fs/hugetlbfs/inode.o
  CC      lib/iomem_copy.o
  CC      lib/irq_regs.o
  CC      lib/is_single_threaded.o
  CC      lib/klist.o
  CC      lib/kobject.o
  CC      lib/kobject_uevent.o
  CC      drivers/video/fbdev/core/bitblit.o
  CC      drivers/video/fbdev/core/softcursor.o
  CC      drivers/video/fbdev/core/fbcon_rotate.o
  CC      drivers/video/fbdev/core/fbcon_cw.o
  CC      drivers/video/fbdev/core/fbcon_ud.o
  CC      net/core/sock.o
  CC      kernel/cgroup/namespace.o
  AR      fs/hugetlbfs/built-in.a
  AR      drivers/video/fbdev/omap2/omapfb/dss/built-in.a
  CC      lib/logic_pio.o
  AR      drivers/video/fbdev/omap2/omapfb/displays/built-in.a
  AR      drivers/video/fbdev/omap2/omapfb/built-in.a
  AR      drivers/video/fbdev/omap2/built-in.a
  CC      io_uring/fdinfo.o
  CC      fs/fat/cache.o
  CC      fs/exportfs/expfs.o
  CC      drivers/video/fbdev/core/fbcon_ccw.o
  CC      lib/maple_tree.o
  AR      fs/exportfs/built-in.a
  CC      kernel/cgroup/cgroup-v1.o
  CC      lib/memcat_p.o
  CC      io_uring/bpf_filter.o
  CC      fs/fat/dir.o
  CC      fs/nls/nls_base.o
  CC      drivers/video/fbdev/core/fb_logo.o
  CC      mm/khugepaged.o
  AR      io_uring/built-in.a
  CC      drivers/video/fbdev/core/sysfillrect.o
  CC      fs/nls/nls_cp437.o
  CC      kernel/cgroup/freezer.o
  CC      fs/nls/nls_ascii.o
  CC      fs/nls/nls_iso8859-1.o
  CC      kernel/cgroup/legacy_freezer.o
  CC      drivers/video/fbdev/core/syscopyarea.o
  CC      kernel/cgroup/pids.o
  AR      fs/nls/built-in.a
  CC      kernel/cgroup/cpuset.o
  AR      fs/unicode/built-in.a
  CC      fs/fat/fatent.o
  CC      fs/fat/file.o
  CC      fs/fat/inode.o
  CC      drivers/video/fbdev/core/sysimgblt.o
  CC      net/core/skbuff.o
  CC      fs/fat/misc.o
  CC      drivers/video/fbdev/core/fb_sys_fops.o
  AR      kernel/cgroup/built-in.a
  CC      fs/fat/nfs.o
  AR      virt/lib/built-in.a
  CC      kernel/trace/trace_clock.o
  AR      virt/built-in.a
  CC      kernel/bpf/core.o
  CC      mm/page_counter.o
  CC      mm/memcontrol.o
  AR      drivers/video/fbdev/core/built-in.a
  AR      drivers/video/fbdev/built-in.a
  CC      drivers/video/aperture.o
  CC      kernel/trace/ftrace.o
  CC      fs/fat/namei_vfat.o
  CC      drivers/video/cmdline.o
  CC      lib/nmi_backtrace.o
  CC      lib/objpool.o
  AR      fs/fat/built-in.a
  CC      fs/autofs/init.o
  CC      fs/autofs/inode.o
  CC      lib/plist.o
  CC      drivers/video/nomodeset.o
  CC      lib/radix-tree.o
  CC      kernel/bpf/syscall.o
  CC      drivers/video/hdmi.o
  CC      kernel/bpf/verifier.o
  CC      fs/autofs/root.o
  CC      mm/vmpressure.o
  CC      lib/ratelimit.o
  AR      drivers/video/built-in.a
  CC      kernel/trace/ring_buffer.o
  AR      drivers/idle/built-in.a
  AR      drivers/char/ipmi/built-in.a
  CC      drivers/amba/bus.o
  CC      lib/rbtree.o
  CC      net/core/datagram.o
  CC      lib/seq_buf.o
  CC      fs/autofs/symlink.o
  CC      mm/swap_cgroup.o
  AR      drivers/amba/built-in.a
  AR      drivers/clk/actions/built-in.a
  AR      drivers/clk/analogbits/built-in.a
  AR      drivers/clk/aspeed/built-in.a
  AR      drivers/clk/bcm/built-in.a
  CC      lib/siphash.o
  AR      drivers/clk/imgtec/built-in.a
  AR      drivers/clk/imx/built-in.a
  AR      drivers/clk/ingenic/built-in.a
  AR      drivers/clk/keystone/built-in.a
  AR      drivers/clk/mediatek/built-in.a
  AR      drivers/clk/microchip/built-in.a
  AR      drivers/clk/mstar/built-in.a
  AR      drivers/clk/mvebu/built-in.a
  AR      drivers/clk/ralink/built-in.a
  AR      drivers/clk/renesas/built-in.a
  AR      drivers/clk/socfpga/built-in.a
  AR      drivers/clk/sophgo/built-in.a
  AR      drivers/clk/spacemit/built-in.a
  AR      drivers/clk/sprd/built-in.a
  AR      drivers/clk/starfive/built-in.a
  AR      drivers/clk/sunxi-ng/built-in.a
  AR      drivers/clk/ti/built-in.a
  AR      drivers/clk/versatile/built-in.a
  AR      drivers/clk/xilinx/built-in.a
  CC      drivers/clk/clk-devres.o
  CC      fs/autofs/waitq.o
  CC      mm/bpf_memcontrol.o
  CC      lib/string.o
  CC      drivers/clk/clk-bulk.o
  CC      net/core/stream.o
  CC      lib/sys_info.o
  CC      lib/timerqueue.o
  CC      mm/hugetlb_cgroup.o
  CC      fs/autofs/expire.o
  CC      fs/autofs/dev-ioctl.o
  CC      drivers/clk/clkdev.o
  CC      lib/union_find.o
  CC      kernel/trace/trace.o
  CC      drivers/clk/clk.o
  CC      lib/vsprintf.o
  AR      fs/autofs/built-in.a
  CC      kernel/trace/trace_output.o
  AR      fs/hostfs/built-in.a
  CC      fs/debugfs/inode.o
  CC      net/core/scm.o
  CC      mm/memory-failure.o
  CC      fs/debugfs/file.o
  CC      mm/page_isolation.o
  CC      kernel/bpf/inode.o
  AR      fs/debugfs/built-in.a
  CC      fs/tracefs/inode.o
  CC      mm/zsmalloc.o
  CC      fs/tracefs/event_inode.o
  CC      kernel/bpf/helpers.o
  CC      mm/early_ioremap.o
  CC      mm/cma.o
  CC      mm/secretmem.o
  CC      mm/memfd.o
  AR      fs/tracefs/built-in.a
  CC      fs/btrfs/super.o
  CC      mm/ioremap.o
  CC      mm/execmem.o
  AR      mm/built-in.a
  CC      fs/f2fs/dir.o
  CC      fs/f2fs/file.o
  CC      net/core/gen_stats.o
  CC      net/core/gen_estimator.o
  CC      lib/win_minmax.o
  CC      lib/xarray.o
  CC      net/core/net_namespace.o
  CC      drivers/clk/clk-divider.o
  CC      lib/lockref.o
  CC      kernel/trace/trace_seq.o
  CC      lib/bcd.o
  CC      lib/sort.o
  CC      kernel/trace/trace_stat.o
  CC      drivers/clk/clk-fixed-factor.o
  CC      net/core/secure_seq.o
  CC      lib/parser.o
  CC      lib/debug_locks.o
  CC      lib/random32.o
  CC      drivers/clk/clk-fixed-rate.o
  CC      kernel/trace/trace_printk.o
  CC      lib/bust_spinlocks.o
  CC      drivers/clk/clk-gate.o
  CC      drivers/clk/clk-multiplier.o
  CC      drivers/clk/clk-mux.o
  CC      drivers/clk/clk-composite.o
  CC      lib/kasprintf.o
  CC      drivers/clk/clk-fractional-divider.o
  CC      lib/bitmap.o
  CC      lib/scatterlist.o
  CC      drivers/clk/clk-gpio.o
  CC      fs/f2fs/inode.o
  CC      fs/f2fs/namei.o
  CC      kernel/trace/trace_pid.o
  CC      net/core/flow_dissector.o
  CC      lib/list_sort.o
  CC      drivers/clk/clk-conf.o
  CC      lib/uuid.o
  CC      lib/iov_iter.o
  CC      drivers/clk/clk-apple-nco.o
  CC      kernel/bpf/tnum.o
  CC      kernel/bpf/log.o
  CC      kernel/trace/pid_list.o
  AR      drivers/clk/built-in.a
  CC      lib/clz_ctz.o
  CC      fs/f2fs/hash.o
  CC      net/core/sysctl_net_core.o
  CC      drivers/soc/apple/mailbox.o
  CC      kernel/trace/trace_sched_switch.o
  CC      kernel/bpf/token.o
  CC      drivers/soc/apple/rtkit.o
  CC      drivers/soc/apple/rtkit-crashlog.o
  CC      fs/f2fs/super.o
  CC      kernel/trace/trace_functions.o
  CC      lib/bsearch.o
  CC      kernel/bpf/liveness.o
  CC      net/core/dev.o
  CC      lib/find_bit.o
  CC      lib/llist.o
  CC      kernel/bpf/bpf_iter.o
  CC      drivers/soc/apple/sart.o
  CC      lib/lwq.o
  CC      lib/memweight.o
  CC      drivers/soc/apple/tunable.o
  CC      lib/kfifo.o
  AR      drivers/soc/apple/built-in.a
  CC      lib/percpu-refcount.o
  CC      net/core/dev_api.o
  AR      drivers/soc/aspeed/built-in.a
  AR      drivers/soc/bcm/built-in.a
  AR      drivers/soc/fsl/built-in.a
  AR      drivers/soc/fujitsu/built-in.a
  AR      drivers/soc/hisilicon/built-in.a
  AR      drivers/soc/imx/built-in.a
  AR      drivers/soc/ixp4xx/built-in.a
  AR      drivers/soc/loongson/built-in.a
  CC      lib/rhashtable.o
  AR      drivers/soc/mediatek/built-in.a
  AR      drivers/soc/microchip/built-in.a
  AR      drivers/soc/nuvoton/built-in.a
  AR      drivers/soc/pxa/built-in.a
  CC      kernel/bpf/map_iter.o
  AR      drivers/soc/amlogic/built-in.a
  AR      drivers/soc/qcom/built-in.a
  AR      drivers/soc/renesas/built-in.a
  AR      drivers/soc/rockchip/built-in.a
  AR      drivers/soc/sophgo/built-in.a
  AR      drivers/soc/sunxi/built-in.a
  AR      drivers/soc/ti/built-in.a
  AR      drivers/soc/versatile/built-in.a
  AR      drivers/soc/vt8500/built-in.a
  AR      drivers/soc/xilinx/built-in.a
  AR      drivers/soc/built-in.a
  AR      drivers/pmdomain/actions/built-in.a
  CC      lib/base64.o
  AR      drivers/pmdomain/amlogic/built-in.a
  CC      drivers/pmdomain/apple/pmgr-pwrstate.o
  CC      lib/once.o
  AR      drivers/pmdomain/arm/built-in.a
  CC      fs/btrfs/ctree.o
  CC      kernel/trace/trace_nop.o
  CC      lib/refcount.o
  AR      drivers/pmdomain/apple/built-in.a
  AR      drivers/pmdomain/bcm/built-in.a
  AR      drivers/pmdomain/imx/built-in.a
  AR      drivers/pmdomain/marvell/built-in.a
  AR      drivers/pmdomain/mediatek/built-in.a
  AR      drivers/pmdomain/qcom/built-in.a
  AR      drivers/pmdomain/renesas/built-in.a
  AR      drivers/pmdomain/rockchip/built-in.a
  AR      drivers/pmdomain/samsung/built-in.a
  AR      drivers/pmdomain/st/built-in.a
  AR      drivers/pmdomain/starfive/built-in.a
  AR      drivers/pmdomain/sunxi/built-in.a
  AR      drivers/pmdomain/tegra/built-in.a
  AR      drivers/pmdomain/thead/built-in.a
  AR      drivers/pmdomain/ti/built-in.a
  AR      drivers/pmdomain/xilinx/built-in.a
  CC      drivers/pmdomain/core.o
  CC      lib/rcuref.o
  CC      lib/usercopy.o
  CC      kernel/trace/trace_functions_graph.o
  CC      kernel/bpf/task_iter.o
  CC      lib/errseq.o
  CC      lib/bucket_locks.o
  CC      lib/generic-radix-tree.o
  CC      lib/bitmap-str.o
  CC      lib/string_helpers.o
  CC      lib/hexdump.o
  CC      lib/kstrtox.o
  CC      lib/iomap_copy.o
  CC      kernel/trace/fgraph.o
  CC      lib/devres.o
  CC      lib/cache_maint.o
  CC      kernel/trace/blktrace.o
  CC      lib/hweight.o
  CC      lib/interval_tree.o
  CC      lib/assoc_array.o
  CC      kernel/trace/trace_events.o
  CC      lib/bitrev.o
  CC      lib/xxhash.o
  CC      lib/genalloc.o
  CC      lib/percpu_counter.o
  CC      lib/audit.o
  CC      lib/compat_audit.o
  CC      lib/syscall.o
  CC      lib/dynamic_debug.o
  CC      lib/errname.o
  CC      kernel/bpf/prog_iter.o
  CC      fs/btrfs/extent-tree.o
  CC      lib/nlattr.o
  CC      drivers/pmdomain/governor.o
  CC      kernel/trace/trace_export.o
  AR      drivers/pmdomain/built-in.a
  CC      fs/btrfs/print-tree.o
  CC      drivers/virtio/virtio.o
  CC      kernel/trace/trace_event_perf.o
  CC      lib/checksum.o
  CC      drivers/virtio/virtio_ring.o
  CC      lib/cpu_rmap.o
  CC      lib/dynamic_queue_limits.o
  CC      drivers/virtio/virtio_anchor.o
  AR      drivers/virtio/built-in.a
  CC      kernel/trace/trace_events_filter.o
  AR      drivers/reset/amlogic/built-in.a
  AR      drivers/reset/hisilicon/built-in.a
  AR      drivers/reset/spacemit/built-in.a
  AR      drivers/reset/starfive/built-in.a
  AR      drivers/reset/sti/built-in.a
  AR      drivers/reset/tegra/built-in.a
  CC      drivers/reset/core.o
  CC      kernel/bpf/link_iter.o
  CC      kernel/bpf/hashtab.o
  CC      kernel/bpf/arraymap.o
  AR      drivers/reset/built-in.a
  CC      drivers/tty/vt/vt_ioctl.o
  CC      kernel/trace/trace_events_trigger.o
  CC      kernel/trace/trace_eprobe.o
  CC      kernel/trace/bpf_trace.o
  CC      kernel/trace/trace_kprobe.o
  CC      kernel/bpf/percpu_freelist.o
  CC      drivers/tty/vt/vc_screen.o
  CC      fs/btrfs/root-tree.o
  CC      lib/glob.o
  CC      kernel/bpf/bpf_lru_list.o
  CC      lib/strncpy_from_user.o
  CC      kernel/bpf/lpm_trie.o
  CC      drivers/tty/vt/selection.o
  CC      lib/strnlen_user.o
  CC      fs/btrfs/dir-item.o
  CC      fs/btrfs/file-item.o
  CC      kernel/trace/error_report-traces.o
  CC      lib/net_utils.o
  CC      drivers/tty/vt/keyboard.o
  CC      kernel/trace/power-traces.o
  CC      kernel/bpf/map_in_map.o
  CC      fs/btrfs/inode-item.o
  CC      lib/sg_pool.o
  CC      fs/f2fs/inline.o
  CC      kernel/trace/rpm-traces.o
  CC      kernel/bpf/bloom_filter.o
  CC      lib/stackdepot.o
  CC      drivers/tty/vt/vt.o
  COPY    drivers/tty/vt/defkeymap.c
  CC      kernel/trace/trace_dynevent.o
  CC      fs/btrfs/disk-io.o
  CC      kernel/trace/trace_probe.o
  CC      kernel/bpf/local_storage.o
  CC      fs/f2fs/checkpoint.o
  CC      lib/bootconfig.o
  CC      kernel/trace/trace_uprobe.o
  CC      net/core/dev_addr_lists.o
  CC      lib/asn1_decoder.o
  CC      kernel/bpf/queue_stack_maps.o
  GEN     lib/oid_registry_data.c
  CC      drivers/tty/vt/consolemap.o
  CC      kernel/bpf/ringbuf.o
  CC      net/core/dst.o
  CC      fs/f2fs/gc.o
  CC      fs/f2fs/data.o
  CC      kernel/trace/trace_boot.o
  CC      fs/btrfs/transaction.o
  HOSTCC  drivers/tty/vt/conmakehash
  CC      kernel/bpf/bpf_insn_array.o
  AR      kernel/trace/built-in.a
  CC      fs/btrfs/inode.o
  CC      net/core/netevent.o
  COPY    drivers/tty/vt/ucs_width_table.h
  COPY    drivers/tty/vt/ucs_recompose_table.h
  COPY    drivers/tty/vt/ucs_fallback_table.h
  CC      drivers/tty/vt/defkeymap.o
  CONMK   drivers/tty/vt/consolemap_deftbl.c
  CC      drivers/tty/vt/ucs.o
  CC      kernel/bpf/bpf_local_storage.o
  CC      net/core/neighbour.o
  CC      drivers/tty/vt/consolemap_deftbl.o
  AR      drivers/tty/vt/built-in.a
  CC      lib/ucs2_string.o
  CC      lib/sbitmap.o
  AR      drivers/tty/serial/8250/built-in.a
  CC      drivers/tty/serial/serial_core.o
  CC      lib/group_cpus.o
  CC      kernel/bpf/bpf_task_storage.o
  CC      lib/devmem_is_allowed.o
  CC      drivers/tty/serial/serial_base_bus.o
  AR      lib/lib.a
  CC      lib/oid_registry.o
  CC      drivers/tty/serial/serial_ctrl.o
  AR      lib/built-in.a
  CC      drivers/tty/serial/serial_port.o
  CC      drivers/tty/serdev/core.o
  CC      kernel/bpf/bpf_inode_storage.o
  CC      kernel/bpf/disasm.o
  CC      drivers/tty/serial/earlycon.o
  CC      drivers/tty/serdev/serdev-ttyport.o
  CC      drivers/tty/serial/samsung_tty.o
  CC      fs/btrfs/file.o
  CC      kernel/bpf/mprog.o
  AR      drivers/tty/serdev/built-in.a
  CC      fs/btrfs/defrag.o
  CC      fs/btrfs/extent_map.o
  CC      kernel/bpf/trampoline.o
  CC      kernel/bpf/btf.o
  AR      drivers/tty/serial/built-in.a
  CC      kernel/bpf/memalloc.o
  CC      fs/f2fs/node.o
  AR      drivers/tty/ipwireless/built-in.a
  CC      drivers/tty/tty_io.o
  CC      net/core/rtnetlink.o
  CC      fs/btrfs/sysfs.o
  CC      fs/btrfs/accessors.o
  CC      fs/pstore/inode.o
  CC      drivers/tty/n_tty.o
  CC      drivers/tty/tty_ioctl.o
  CC      drivers/tty/tty_ldisc.o
  CC      fs/btrfs/xattr.o
  CC      drivers/char/hw_random/core.o
  CC      fs/pstore/platform.o
  CC      drivers/char/hw_random/arm_smccc_trng.o
  CC      drivers/tty/tty_buffer.o
  CC      fs/pstore/pmsg.o
  AR      drivers/char/hw_random/built-in.a
  CC      drivers/tty/tty_port.o
  AR      drivers/char/agp/built-in.a
  CC      drivers/char/mem.o
  CC      fs/pstore/ram.o
  CC      fs/btrfs/ordered-data.o
  CC      fs/pstore/ram_core.o
  CC      drivers/tty/tty_mutex.o
  CC      drivers/char/random.o
  CC      drivers/tty/tty_ldsem.o
  CC      drivers/tty/tty_baudrate.o
  CC      drivers/tty/tty_jobctrl.o
  AR      fs/pstore/built-in.a
  CC      drivers/tty/n_null.o
  CC      drivers/char/misc.o
  CC      drivers/tty/pty.o
  AR      drivers/char/built-in.a
  CC      fs/btrfs/extent_io.o
  CC      fs/f2fs/segment.o
  CC      kernel/bpf/rqspinlock.o
  CC      kernel/bpf/stream.o
  CC      drivers/tty/tty_audit.o
  CC      fs/f2fs/recovery.o
  CC      drivers/tty/sysrq.o
  CC      fs/btrfs/volumes.o
  CC      fs/f2fs/shrinker.o
  AR      drivers/tty/built-in.a
  AR      drivers/iommu/arm/arm-smmu/built-in.a
  AR      drivers/iommu/arm/arm-smmu-v3/built-in.a
  AR      drivers/iommu/arm/built-in.a
  AR      drivers/iommu/iommufd/built-in.a
  AR      drivers/iommu/built-in.a
  AR      drivers/gpu/host1x/built-in.a
  AR      drivers/gpu/drm/tests/built-in.a
  AR      drivers/gpu/drm/arm/built-in.a
  CC      drivers/gpu/drm/clients/drm_client_setup.o
  AR      drivers/gpu/drm/display/built-in.a
  CC      kernel/bpf/arena.o
  CC      drivers/gpu/drm/clients/drm_fbdev_client.o
  AR      drivers/gpu/drm/clients/built-in.a
  AR      drivers/gpu/drm/renesas/rcar-du/built-in.a
  AR      drivers/gpu/drm/omapdrm/built-in.a
  AR      drivers/gpu/drm/renesas/rz-du/built-in.a
  AR      drivers/gpu/drm/renesas/built-in.a
  CC      fs/btrfs/async-thread.o
  AR      drivers/gpu/drm/tilcdc/built-in.a
  AR      drivers/gpu/drm/imx/built-in.a
  AR      drivers/gpu/drm/panel/built-in.a
  AR      drivers/gpu/drm/bridge/analogix/built-in.a
  AR      drivers/gpu/drm/bridge/cadence/built-in.a
  AR      drivers/gpu/drm/bridge/imx/built-in.a
  AR      drivers/gpu/drm/bridge/synopsys/built-in.a
  AR      drivers/gpu/drm/bridge/built-in.a
  AR      drivers/gpu/drm/hisilicon/built-in.a
  AR      drivers/gpu/drm/mxsfb/built-in.a
  CC      drivers/gpu/drm/sysfb/drm_sysfb.o
  CC      fs/f2fs/extent_cache.o
  CC      kernel/bpf/range_tree.o
  CC      net/core/utils.o
  CC      drivers/gpu/drm/sysfb/drm_sysfb_modeset.o
  CC      drivers/gpu/drm/sysfb/simpledrm.o
  CC      kernel/bpf/dispatcher.o
  CC      fs/btrfs/ioctl.o
  CC      fs/btrfs/locking.o
  CC      fs/f2fs/sysfs.o
  CC      net/core/link_watch.o
  AR      drivers/gpu/drm/sysfb/built-in.a
  AR      drivers/gpu/drm/tiny/built-in.a
  AR      drivers/gpu/drm/xlnx/built-in.a
  AR      drivers/gpu/drm/gud/built-in.a
  AR      drivers/gpu/drm/sitronix/built-in.a
  AR      drivers/gpu/drm/solomon/built-in.a
  CC      drivers/gpu/drm/drm_atomic.o
  CC      net/core/filter.o
  CC      kernel/bpf/devmap.o
  CC      fs/f2fs/debug.o
  CC      drivers/gpu/drm/drm_atomic_uapi.o
  CC      fs/f2fs/xattr.o
  CC      drivers/gpu/drm/drm_auth.o
  CC      drivers/gpu/drm/drm_blend.o
  CC      drivers/gpu/drm/drm_bridge.o
  CC      net/core/sock_diag.o
  CC      fs/f2fs/acl.o
  CC      drivers/gpu/drm/drm_cache.o
  CC      fs/f2fs/iostat.o
  CC      kernel/bpf/cpumap.o
  CC      fs/btrfs/orphan.o
  CC      kernel/events/core.o
  CC      net/ethernet/eth.o
  CC      drivers/base/power/sysfs.o
  CC      drivers/gpu/drm/drm_color_mgmt.o
  AR      fs/f2fs/built-in.a
  CC      drivers/base/power/generic_ops.o
  CC      drivers/gpu/drm/drm_colorop.o
  CC      fs/btrfs/export.o
  CC      drivers/base/power/common.o
  CC      drivers/base/power/qos.o
  CC      kernel/bpf/offload.o
  AR      net/ethernet/built-in.a
  AR      net/802/built-in.a
  CC      drivers/base/power/runtime.o
  CC      drivers/gpu/drm/drm_connector.o
  CC      fs/btrfs/tree-log.o
  CC      drivers/gpu/drm/drm_crtc.o
  CC      kernel/bpf/net_namespace.o
  CC      drivers/base/power/wakeirq.o
  CC      drivers/base/power/clock_ops.o
  CC      drivers/gpu/drm/drm_displayid.o
  CC      kernel/bpf/tcx.o
  CC      net/sched/sch_generic.o
  CC      drivers/gpu/drm/drm_drv.o
  CC      drivers/block/zram/zcomp.o
  AR      drivers/base/power/built-in.a
  CC      kernel/bpf/stackmap.o
  CC      drivers/block/zram/zram_drv.o
  CC      drivers/base/firmware_loader/builtin/main.o
  CC      drivers/block/zram/backend_lzorle.o
  CC      drivers/gpu/drm/drm_dumb_buffers.o
  CC      kernel/bpf/cgroup_iter.o
  CC      net/core/dev_ioctl.o
  AR      drivers/base/firmware_loader/builtin/built-in.a
  CC      drivers/base/firmware_loader/fallback_table.o
  CC      drivers/block/zram/backend_lzo.o
  CC      drivers/block/zram/backend_lz4.o
  CC      drivers/gpu/drm/drm_edid.o
  CC      fs/btrfs/free-space-cache.o
  CC      kernel/bpf/bpf_cgrp_storage.o
  CC      drivers/base/firmware_loader/main.o
  CC      drivers/block/zram/backend_lz4hc.o
  CC      net/core/tso.o
  CC      drivers/block/zram/backend_zstd.o
  CC      kernel/bpf/cgroup.o
  CC      drivers/block/zram/backend_deflate.o
  CC      drivers/base/firmware_loader/fallback.o
  CC      drivers/block/zram/backend_842.o
  AR      drivers/block/zram/built-in.a
  CC      drivers/block/loop.o
  CC      net/core/sock_reuseport.o
  CC      drivers/base/firmware_loader/sysfs.o
  CC      fs/btrfs/zlib.o
  AR      drivers/base/firmware_loader/built-in.a
  CC      fs/btrfs/lzo.o
  CC      net/core/fib_notifier.o
  CC      kernel/bpf/reuseport_array.o
  CC      drivers/base/regmap/regmap.o
  CC      net/core/xdp.o
  CC      kernel/bpf/bpf_struct_ops.o
  CC      fs/btrfs/zstd.o
  AR      drivers/block/built-in.a
  CC      kernel/bpf/cpumask.o
  AR      drivers/misc/eeprom/built-in.a
  AR      drivers/misc/cb710/built-in.a
  AR      drivers/misc/lis3lv02d/built-in.a
  AR      drivers/misc/cardreader/built-in.a
  AR      drivers/misc/keba/built-in.a
  AR      drivers/misc/amd-sbi/built-in.a
  CC      drivers/misc/dummy-irq.o
  CC      net/core/flow_offload.o
  CC      fs/btrfs/compression.o
  CC      kernel/bpf/bpf_lsm_proto.o
  CC      drivers/base/regmap/regcache.o
  CC      drivers/misc/ics932s401.o
  CC      kernel/bpf/bpf_lsm.o
  CC      net/core/gro.o
  CC      drivers/base/regmap/regcache-rbtree.o
  CC      drivers/misc/ds1682.o
  CC      fs/btrfs/delayed-ref.o
  CC      drivers/base/regmap/regcache-flat.o
  CC      net/sched/sch_mq.o
  CC      drivers/gpu/drm/drm_eld.o
  CC      drivers/gpu/drm/drm_encoder.o
  AR      drivers/misc/built-in.a
  CC      net/sched/sch_frag.o
  CC      kernel/bpf/crypto.o
  CC      drivers/base/regmap/regcache-maple.o
  CC      fs/btrfs/relocation.o
  CC      net/core/netdev-genl.o
  CC      drivers/gpu/drm/drm_file.o
  CC      drivers/gpu/drm/drm_fourcc.o
  CC      net/sched/sch_api.o
  CC      drivers/base/regmap/regmap-debugfs.o
  CC      fs/btrfs/delayed-inode.o
  CC      kernel/bpf/relo_core.o
  CC      drivers/base/regmap/regmap-i2c.o
  CC      net/core/netdev-genl-gen.o
  CC      kernel/bpf/btf_iter.o
  CC      net/core/gso.o
  CC      drivers/gpu/drm/drm_framebuffer.o
  CC      fs/btrfs/scrub.o
  CC      net/sched/sch_blackhole.o
  CC      kernel/bpf/btf_relocate.o
  CC      drivers/base/regmap/regmap-spmi.o
  CC      kernel/bpf/kmem_cache_iter.o
  CC      drivers/gpu/drm/drm_gem.o
  CC      net/sched/cls_api.o
  CC      drivers/base/regmap/regmap-mmio.o
  CC      net/core/net-sysfs.o
  CC      net/core/hotdata.o
  CC      kernel/bpf/dmabuf_iter.o
  CC      drivers/base/regmap/regmap-irq.o
  CC      fs/btrfs/backref.o
  AR      kernel/bpf/built-in.a
  CC      drivers/gpu/drm/drm_ioctl.o
  CC      drivers/gpu/drm/drm_lease.o
  AR      drivers/base/regmap/built-in.a
  CC      kernel/fork.o
  AR      drivers/base/test/built-in.a
  CC      drivers/base/component.o
  CC      net/core/netdev_config.o
  CC      fs/btrfs/ulist.o
  CC      drivers/gpu/drm/drm_managed.o
  CC      net/sched/sch_fifo.o
  CC      drivers/base/core.o
  CC      fs/btrfs/qgroup.o
  CC      net/core/netdev_rx_queue.o
  CC      net/core/netdev_queues.o
  CC      drivers/gpu/drm/drm_mm.o
  AR      net/sched/built-in.a
  CC      drivers/gpu/drm/drm_mode_config.o
  CC      drivers/base/bus.o
  CC      drivers/base/dd.o
  CC      net/core/page_pool.o
  CC      drivers/gpu/drm/drm_mode_object.o
  CC      net/core/page_pool_user.o
  CC      drivers/base/syscore.o
  CC      net/core/net-procfs.o
  CC      drivers/gpu/drm/drm_modes.o
  CC      net/core/fib_rules.o
  CC      kernel/exec_domain.o
  CC      drivers/mfd/macsmc.o
  CC      drivers/gpu/drm/drm_modeset_lock.o
  CC      drivers/mfd/mfd-core.o
  CC      net/core/net-traces.o
  CC      kernel/events/ring_buffer.o
  CC      drivers/gpu/drm/drm_plane.o
  CC      drivers/mfd/syscon.o
  CC      drivers/mfd/rt5033.o
  AR      drivers/nfc/built-in.a
  CC      drivers/base/driver.o
  CC      drivers/gpu/drm/drm_prime.o
  CC      drivers/mfd/qcom-pm8008.o
  CC      drivers/gpu/drm/drm_print.o
  CC      fs/btrfs/send.o
  CC      fs/btrfs/dev-replace.o
  CC      kernel/events/callchain.o
  CC      drivers/mfd/simple-mfd-i2c.o
  CC      drivers/base/class.o
  CC      drivers/gpu/drm/drm_property.o
  CC      drivers/base/platform.o
  CC      kernel/events/hw_breakpoint.o
  CC      drivers/gpu/drm/drm_rect.o
  CC      drivers/mfd/simple-mfd-spmi.o
  AR      drivers/gpu/vga/built-in.a
  CC      drivers/gpu/drm/drm_syncobj.o
  CC      drivers/base/cpu.o
  CC      kernel/events/uprobes.o
  AR      drivers/mfd/built-in.a
  AR      drivers/dax/hmem/built-in.a
  AR      drivers/dax/built-in.a
  CC      kernel/panic.o
  CC      drivers/dma-buf/dma-buf.o
  CC      net/core/netprio_cgroup.o
  CC      drivers/base/firmware.o
  CC      net/core/netclassid_cgroup.o
  CC      fs/btrfs/raid56.o
  CC      drivers/base/init.o
  CC      drivers/base/map.o
  CC      fs/btrfs/uuid-tree.o
  CC      drivers/base/devres.o
  CC      drivers/gpu/drm/drm_sysfs.o
  CC      fs/btrfs/props.o
  CC      net/core/dst_cache.o
  CC      drivers/dma-buf/dma-fence.o
  CC      net/core/gro_cells.o
  CC      drivers/base/attribute_container.o
  CC      drivers/dma-buf/dma-fence-array.o
  AR      kernel/events/built-in.a
  CC      kernel/cpu.o
  CC      drivers/gpu/drm/drm_trace_points.o
  CC      drivers/base/transport_class.o
  CC      fs/btrfs/free-space-tree.o
  CC      fs/btrfs/tree-checker.o
  CC      net/core/skmsg.o
  CC      fs/btrfs/space-info.o
  CC      drivers/dma-buf/dma-fence-chain.o
  CC      drivers/base/topology.o
  CC      drivers/dma-buf/dma-fence-unwrap.o
  CC      drivers/gpu/drm/drm_vblank.o
  CC      drivers/base/container.o
  CC      drivers/dma-buf/dma-resv.o
  CC      drivers/base/property.o
  CC      drivers/gpu/drm/drm_vblank_work.o
  CC      drivers/base/cacheinfo.o
  CC      fs/btrfs/block-rsv.o
  CC      drivers/dma-buf/dma-buf-mapping.o
  CC      fs/btrfs/delalloc-space.o
  CC      drivers/gpu/drm/drm_vma_manager.o
  CC      drivers/dma-buf/sync_file.o
  CC      drivers/gpu/drm/drm_writeback.o
  CC      drivers/dma-buf/udmabuf.o
  CC      kernel/exit.o
  CC      fs/btrfs/block-group.o
  CC      fs/btrfs/discard.o
  CC      drivers/gpu/drm/drm_client.o
  CC      fs/btrfs/reflink.o
  AR      drivers/dma-buf/built-in.a
  CC      drivers/gpu/drm/drm_client_event.o
  CC      fs/btrfs/subpage.o
  CC      drivers/gpu/drm/drm_client_modeset.o
  CC      fs/btrfs/tree-mod-log.o
  CC      fs/btrfs/extent-io-tree.o
  CC      fs/btrfs/fs.o
  CC      drivers/gpu/drm/drm_client_sysrq.o
  CC      drivers/gpu/drm/drm_ioc32.o
  CC      drivers/gpu/drm/drm_panel.o
  AR      drivers/cxl/core/built-in.a
  AR      drivers/cxl/built-in.a
  AR      drivers/macintosh/built-in.a
  CC      kernel/softirq.o
  CC      fs/btrfs/messages.o
  CC      drivers/gpu/drm/drm_of.o
  CC      kernel/resource.o
  CC      drivers/gpu/drm/drm_debugfs.o
  CC      drivers/gpu/drm/drm_debugfs_crc.o
  CC      drivers/gpu/drm/drm_panel_orientation_quirks.o
  CC      drivers/gpu/drm/drm_gem_shmem_helper.o
  CC      drivers/base/swnode.o
  CC      fs/btrfs/bio.o
  CC      drivers/base/faux.o
  CC      drivers/base/devtmpfs.o
  CC      drivers/gpu/drm/drm_fbdev_shmem.o
  CC      net/netlink/af_netlink.o
  CC      net/netlink/genetlink.o
  CC      drivers/base/module.o
  CC      drivers/base/pinctrl.o
  CC      drivers/gpu/drm/drm_atomic_helper.o
  CC      drivers/base/devcoredump.o
  CC      fs/btrfs/lru_cache.o
  CC      fs/btrfs/raid-stripe-tree.o
  CC      drivers/base/platform-msi.o
  CC      drivers/gpu/drm/drm_atomic_state_helper.o
  CC      drivers/base/arch_topology.o
  CC      fs/btrfs/fiemap.o
  CC      kernel/sysctl.o
  CC      fs/btrfs/direct-io.o
  CC      drivers/gpu/drm/drm_bridge_helper.o
  CC      drivers/gpu/drm/drm_crtc_helper.o
  CC      drivers/gpu/drm/drm_damage_helper.o
  CC      drivers/gpu/drm/drm_flip_work.o
  CC      drivers/gpu/drm/drm_format_helper.o
  CC      net/netlink/policy.o
  CC      net/core/sock_map.o
  CC      fs/btrfs/acl.o
  CC      drivers/gpu/drm/drm_gem_atomic_helper.o
  CC      drivers/gpu/drm/drm_gem_framebuffer_helper.o
  AR      net/netlink/built-in.a
  CC      kernel/capability.o
  CC      kernel/ptrace.o
  CC      drivers/base/trace.o
  AR      fs/btrfs/built-in.a
  CC      fs/open.o
  CC      net/bpf/test_run.o
  CC      drivers/gpu/drm/drm_kms_helper_common.o
  CC      net/bpf/bpf_dummy_struct_ops.o
  AR      drivers/base/built-in.a
  CC      kernel/user.o
  CC      net/core/bpf_sk_storage.o
  CC      drivers/gpu/drm/drm_modeset_helper.o
  CC      drivers/gpu/drm/drm_plane_helper.o
  CC      drivers/gpu/drm/drm_probe_helper.o
  CC      drivers/gpu/drm/drm_self_refresh_helper.o
  AR      drivers/scsi/built-in.a
  CC      net/core/of_net.o
  CC      kernel/signal.o
  CC      net/core/devmem.o
  CC      drivers/gpu/drm/drm_simple_kms_helper.o
  CC      drivers/gpu/drm/drm_vblank_helper.o
  CC      fs/read_write.o
  CC      drivers/gpu/drm/bridge/panel.o
  AR      net/core/built-in.a
  CC      net/ethtool/ioctl.o
  CC      drivers/gpu/drm/drm_fb_helper.o
  CC      fs/file_table.o
  CC      net/netfilter/core.o
  CC      net/netfilter/nf_log.o
  CC      net/netfilter/nf_queue.o
  CC      kernel/sys.o
  AR      net/bpf/built-in.a
  CC      kernel/umh.o
  CC      net/netfilter/nf_sockopt.o
  CC      net/ipv4/netfilter/nf_socket_ipv4.o
  CC      net/unix/af_unix.o
  CC      net/netfilter/utils.o
  CC      kernel/workqueue.o
  CC      net/ethtool/common.o
  CC      net/unix/garbage.o
  CC      fs/super.o
  CC      net/unix/sysctl_net_unix.o
  CC      net/unix/unix_bpf.o
  CC      net/ipv4/netfilter/nf_tproxy_ipv4.o
  CC      net/netfilter/nf_bpf_link.o
  AR      net/ethtool/built-in.a
  CC      kernel/pid.o
  CC      fs/char_dev.o
  CC      net/ipv6/netfilter/nf_socket_ipv6.o
  CC      net/ipv4/route.o
  CC      fs/stat.o
  CC      net/ipv6/netfilter/nf_tproxy_ipv6.o
  AR      drivers/gpu/drm/built-in.a
  AR      net/ipv4/netfilter/built-in.a
  CC      kernel/task_work.o
  CC      net/ipv4/inetpeer.o
  AR      drivers/gpu/built-in.a
  AR      drivers/nvme/common/built-in.a
  CC      drivers/nvme/host/core.o
  CC      fs/exec.o
  CC      fs/pipe.o
  CC      kernel/extable.o
  AR      net/ipv6/netfilter/built-in.a
  CC      net/ipv6/af_inet6.o
  CC      net/ipv4/protocol.o
  CC      net/netfilter/nfnetlink.o
  AR      net/unix/built-in.a
  CC      net/ipv6/anycast.o
  CC      kernel/params.o
  CC      net/netfilter/nfnetlink_osf.o
  CC      fs/namei.o
  CC      net/ipv4/ip_input.o
  CC      net/ipv4/ip_fragment.o
  CC      net/ipv4/ip_forward.o
  CC      drivers/nvme/host/ioctl.o
  CC      net/ipv6/ip6_output.o
  CC      kernel/kthread.o
  CC      net/netfilter/nf_log_syslog.o
  CC      kernel/sys_ni.o
  CC      net/ipv6/ip6_input.o
  CC      net/ipv4/ip_options.o
  CC      net/ipv4/ip_output.o
  CC      drivers/nvme/host/sysfs.o
  CC      kernel/nsproxy.o
  AR      net/netfilter/built-in.a
  CC      kernel/nstree.o
  CC      fs/fcntl.o
  CC      fs/ioctl.o
  CC      kernel/nscommon.o
  CC      net/packet/af_packet.o
  CC      drivers/nvme/host/pr.o
  CC      net/ipv6/addrconf.o
  CC      kernel/notifier.o
  CC      drivers/nvme/host/trace.o
  CC      fs/readdir.o
  CC      kernel/ksysfs.o
  CC      fs/select.o
  CC      drivers/nvme/host/apple.o
  CC      kernel/cred.o
  AR      drivers/nvme/host/built-in.a
  CC      kernel/reboot.o
  AR      drivers/nvme/target/built-in.a
  AR      drivers/nvme/built-in.a
  CC      drivers/spi/spi.o
  CC      fs/dcache.o
  CC      kernel/async.o
  CC      kernel/range.o
  CC      kernel/smpboot.o
  CC      drivers/spi/spi-apple.o
  CC      fs/inode.o
  CC      fs/attr.o
  CC      kernel/ucount.o
  AR      drivers/spi/built-in.a
  CC      drivers/spmi/spmi.o
  CC      kernel/regset.o
  AR      drivers/net/phy/mediatek/built-in.a
  AR      drivers/net/phy/qcom/built-in.a
  CC      drivers/net/phy/stubs.o
  CC      kernel/ksyms_common.o
  CC      kernel/groups.o
  CC      drivers/spmi/spmi-devres.o
  AR      drivers/net/phy/built-in.a
  AR      drivers/net/pse-pd/built-in.a
  AR      drivers/net/mdio/built-in.a
  AR      drivers/net/pcs/built-in.a
  CC      drivers/net/wwan/wwan_core.o
  CC      drivers/spmi/spmi-apple-controller.o
  CC      kernel/kcmp.o
  CC      kernel/freezer.o
  AR      net/packet/built-in.a
  AR      drivers/net/wwan/built-in.a
  CC      net/ipv4/ip_sockglue.o
  AR      drivers/spmi/built-in.a
  CC      fs/bad_inode.o
  CC      kernel/profile.o
  CC      drivers/net/loopback.o
  CC      net/ipv6/addrlabel.o
  CC      net/ipv4/inet_hashtables.o
  CC      fs/file.o
  CC      kernel/stacktrace.o
  AR      drivers/net/built-in.a
  AR      drivers/firewire/built-in.a
  CC      kernel/smp.o
  AR      drivers/cdrom/built-in.a
  AR      drivers/auxdisplay/built-in.a
  CC      drivers/usb/common/common.o
  CC      net/ipv6/route.o
  CC      drivers/usb/core/usb.o
  CC      kernel/uid16.o
  CC      kernel/kallsyms.o
  CC      fs/filesystems.o
  CC      net/ipv4/inet_timewait_sock.o
  CC      drivers/usb/common/debug.o
  CC      drivers/usb/common/usb-conn-gpio.o
  CC      drivers/usb/common/ulpi.o
  CC      fs/namespace.o
  CC      drivers/usb/core/hub.o
  CC      net/ipv4/inet_connection_sock.o
  CC      kernel/acct.o
  CC      kernel/compat.o
  AR      drivers/usb/common/built-in.a
  CC      drivers/usb/core/hcd.o
  CC      drivers/usb/core/urb.o
  CC      drivers/usb/core/message.o
  CC      kernel/utsname.o
  CC      net/ipv4/tcp.o
  CC      drivers/usb/core/driver.o
  CC      kernel/user_namespace.o
  CC      net/ipv6/ip6_fib.o
  CC      net/ipv4/tcp_input.o
  CC      kernel/pid_namespace.o
  CC      kernel/stop_machine.o
  CC      fs/seq_file.o
  CC      fs/xattr.o
  CC      kernel/audit.o
  CC      drivers/usb/phy/of.o
  CC      drivers/usb/dwc2/core.o
  CC      drivers/usb/phy/phy-ulpi.o
  CC      fs/libfs.o
  CC      kernel/auditfilter.o
  CC      drivers/usb/phy/phy-ulpi-viewport.o
  AR      drivers/usb/phy/built-in.a
  CC      drivers/usb/dwc2/core_intr.o
  CC      kernel/auditsc.o
  CC      fs/fs-writeback.o
  CC      fs/pnode.o
  CC      drivers/usb/core/config.o
  CC      drivers/usb/core/file.o
  CC      drivers/usb/core/buffer.o
  CC      drivers/usb/core/sysfs.o
  CC      drivers/usb/core/endpoint.o
  CC      drivers/usb/core/devio.o
  CC      drivers/usb/core/notify.o
  CC      drivers/usb/dwc2/platform.o
  CC      fs/splice.o
  CC      net/ipv6/ipv6_sockglue.o
  CC      drivers/usb/core/generic.o
  CC      kernel/audit_watch.o
  CC      drivers/usb/dwc2/drd.o
  CC      drivers/usb/core/quirks.o
  CC      drivers/usb/core/devices.o
  CC      drivers/usb/dwc2/params.o
  CC      net/ipv6/ndisc.o
  CC      net/ipv6/udp.o
  CC      kernel/audit_fsnotify.o
  CC      net/ipv6/udplite.o
  CC      drivers/usb/core/phy.o
  CC      drivers/usb/dwc2/hcd.o
  CC      kernel/audit_tree.o
  CC      fs/sync.o
  CC      kernel/kprobes.o
  CC      drivers/usb/core/port.o
  CC      net/ipv6/raw.o
  CC      fs/utimes.o
  CC      net/ipv6/icmp.o
  CC      drivers/usb/core/trace.o
  CC      net/ipv4/tcp_output.o
  CC      net/ipv6/mcast.o
  CC      kernel/seccomp.o
  CC      fs/d_path.o
  CC      drivers/usb/dwc2/hcd_intr.o
  CC      drivers/usb/core/of.o
  CC      drivers/usb/dwc2/hcd_queue.o
  CC      net/ipv4/tcp_timer.o
  CC      fs/stack.o
  AR      drivers/usb/core/built-in.a
  CC      fs/fs_struct.o
  CC      fs/statfs.o
  CC      kernel/utsname_sysctl.o
  CC      drivers/usb/dwc2/hcd_ddma.o
  CC      kernel/delayacct.o
  CC      net/ipv4/tcp_ipv4.o
  CC      net/ipv6/reassembly.o
  CC      net/ipv4/tcp_minisocks.o
  CC      drivers/usb/dwc2/gadget.o
  CC      kernel/taskstats.o
  CC      kernel/tsacct.o
  CC      fs/fs_pin.o
  CC      fs/nsfs.o
  CC      net/ipv6/tcp_ipv6.o
  CC      fs/fs_dirent.o
  CC      net/ipv4/tcp_cong.o
  CC      net/ipv6/ping.o
  CC      net/ipv6/exthdrs.o
  CC      kernel/tracepoint.o
  CC      kernel/irq_work.o
  CC      net/ipv4/tcp_metrics.o
  CC      kernel/scs.o
  CC      kernel/padata.o
  CC      kernel/jump_label.o
  CC      kernel/context_tracking.o
  CC      kernel/iomem.o
  AR      net/dsa/built-in.a
  CC      net/ipv4/tcp_fastopen.o
  CC      kernel/rseq.o
  CC      drivers/input/keyboard/gpio_keys.o
  CC      drivers/usb/dwc2/debugfs.o
  CC      net/ipv6/datagram.o
  CC      fs/fs_context.o
  AR      drivers/usb/dwc2/built-in.a
  AR      drivers/input/keyboard/built-in.a
  CC      net/ipv6/ip6_flowlabel.o
  AR      drivers/input/joystick/built-in.a
  CC      drivers/input/touchscreen/apple_z2.o
  CC      drivers/input/misc/macsmc-input.o
  CC      drivers/usb/host/ehci-hcd.o
  CC      net/ipv4/tcp_recovery.o
  CC      fs/fs_parser.o
  CC      fs/fsopen.o
  CC      drivers/input/misc/uinput.o
  CC      net/ipv4/tcp_ulp.o
  AR      drivers/usb/storage/built-in.a
  CC      net/ipv6/inet6_connection_sock.o
  AR      drivers/input/touchscreen/built-in.a
  AR      drivers/usb/misc/built-in.a
  CC      drivers/usb/gadget/udc/core.o
  CC      fs/init.o
  AR      drivers/usb/typec/altmodes/built-in.a
  AR      drivers/usb/typec/mux/built-in.a
  CC      drivers/usb/typec/class.o
  AR      drivers/input/misc/built-in.a
  CC      drivers/input/input.o
  CC      drivers/usb/gadget/udc/trace.o
  CC      fs/kernel_read_file.o
  CC      net/ipv6/udp_offload.o
  CC      drivers/input/input-compat.o
  CC      fs/mnt_idmapping.o
  CC      fs/remap_range.o
  CC      net/ipv6/seg6.o
  CC      drivers/input/input-mt.o
  CC      drivers/input/input-poller.o
  CC      drivers/input/ff-core.o
  CC      drivers/input/touchscreen.o
  CC      drivers/input/touch-overlay.o
  AR      drivers/input/built-in.a
  CC      fs/pidfs.o
  AR      kernel/built-in.a
  CC      drivers/usb/roles/class.o
  CC      fs/file_attr.o
  CC      net/ipv4/tcp_offload.o
  AR      drivers/usb/roles/built-in.a
  CC      net/ipv4/tcp_plb.o
  CC      net/ipv6/fib6_notifier.o
  CC      drivers/usb/typec/mux.o
  CC      fs/fserror.o
  CC      net/ipv6/rpl.o
  CC      fs/nullfs.o
  CC      net/ipv6/ioam6.o
  CC      drivers/usb/typec/bus.o
  CC      drivers/usb/typec/pd.o
  CC      fs/buffer.o
  CC      drivers/usb/typec/retimer.o
  CC      drivers/usb/typec/mode_selection.o
  CC      net/ipv6/sysctl_net_ipv6.o
  AR      drivers/usb/typec/built-in.a
  CC      fs/mpage.o
  CC      net/ipv6/netfilter.o
  CC      net/ipv6/fib6_rules.o
  CC      fs/proc_namespace.o
  CC      drivers/rtc/lib.o
  CC      net/ipv6/proc.o
  CC      drivers/rtc/class.o
  CC      fs/direct-io.o
  CC      net/ipv6/syncookies.o
  CC      fs/eventpoll.o
  CC      drivers/rtc/interface.o
  CC      net/ipv6/sit.o
  CC      drivers/rtc/nvmem.o
  CC      fs/anon_inodes.o
  CC      drivers/rtc/dev.o
  CC      net/ipv6/addrconf_core.o
  CC      drivers/rtc/proc.o
  CC      drivers/rtc/sysfs.o
  CC      fs/signalfd.o
  CC      drivers/rtc/rtc-apple-pmic.o
  CC      net/ipv6/exthdrs_core.o
  CC      net/ipv4/datagram.o
  CC      fs/timerfd.o
  CC      drivers/rtc/rtc-macsmc.o
  CC      net/ipv6/ip6_checksum.o
  CC      drivers/usb/host/ehci-platform.o
  CC      net/ipv6/ip6_icmp.o
  CC      fs/eventfd.o
  AR      drivers/rtc/built-in.a
  CC      fs/aio.o
  CC      drivers/i2c/algos/i2c-algo-bit.o
  CC      net/ipv6/output_core.o
  CC      fs/locks.o
  CC      drivers/i2c/busses/i2c-pasemi-core.o
  CC      net/ipv6/protocol.o
  AR      drivers/i2c/algos/built-in.a
  CC      net/ipv6/ip6_offload.o
  CC      drivers/i2c/busses/i2c-pasemi-platform.o
  CC      fs/binfmt_script.o
  AR      drivers/i2c/busses/built-in.a
  CC      net/8021q/vlan_core.o
  AR      drivers/i2c/muxes/built-in.a
  CC      drivers/i2c/i2c-boardinfo.o
  CC      drivers/i2c/i2c-core-base.o
  CC      drivers/usb/host/ohci-hcd.o
  CC      net/ipv6/exthdrs_offload.o
  CC      net/ipv4/raw.o
  AR      drivers/usb/gadget/udc/built-in.a
  CC      drivers/usb/gadget/function/f_acm.o
  CC      net/ipv6/inet6_hashtables.o
  CC      net/ipv6/mcast_snoop.o
  CC      fs/binfmt_elf.o
  CC      drivers/i2c/i2c-core-smbus.o
  AR      net/8021q/built-in.a
  CC      drivers/usb/gadget/function/u_serial.o
  CC      drivers/usb/gadget/legacy/inode.o
  CC      drivers/usb/gadget/usbstring.o
  CC      net/ipv4/udp.o
  CC      net/dns_resolver/dns_key.o
  AR      net/ipv6/built-in.a
  CC      net/dns_resolver/dns_query.o
  CC      fs/compat_binfmt_elf.o
  CC      drivers/usb/gadget/function/u_ether.o
  CC      drivers/usb/host/ohci-platform.o
  CC      drivers/usb/host/xhci.o
  CC      drivers/i2c/i2c-core-of.o
  CC      drivers/usb/gadget/legacy/multi.o
  AR      net/dns_resolver/built-in.a
  CC      drivers/i2c/i2c-core-of-prober.o
  CC      fs/backing-file.o
  CC      drivers/i2c/i2c-mux.o
  CC      fs/mbcache.o
  AR      drivers/usb/gadget/legacy/built-in.a
  CC      fs/posix_acl.o
  CC      drivers/usb/gadget/function/f_ecm.o
  CC      drivers/usb/gadget/function/f_mass_storage.o
  CC      net/l3mdev/l3mdev.o
  AR      drivers/i2c/built-in.a
  CC      drivers/usb/gadget/function/storage_common.o
  CC      fs/drop_caches.o
  CC      net/handshake/alert.o
  CC      fs/sysctls.o
  AR      drivers/i3c/built-in.a
  AR      net/l3mdev/built-in.a
  CC      drivers/usb/host/xhci-mem.o
  CC      net/ipv4/udplite.o
  CC      net/ipv4/udp_offload.o
  CC      net/ipv4/arp.o
  CC      fs/fhandle.o
  CC      fs/bpf_fs_kfuncs.o
  CC      drivers/usb/host/xhci-ext-caps.o
  CC      net/handshake/genl.o
  AR      drivers/media/i2c/built-in.a
  AR      drivers/media/tuners/built-in.a
  CC      drivers/usb/host/xhci-ring.o
  AR      drivers/media/rc/keymaps/built-in.a
  AR      drivers/media/rc/built-in.a
  AR      drivers/media/common/b2c2/built-in.a
  AR      drivers/media/common/saa7146/built-in.a
  AR      drivers/media/platform/allegro-dvt/built-in.a
  AR      drivers/media/common/siano/built-in.a
  AR      drivers/media/common/v4l2-tpg/built-in.a
  AR      drivers/media/common/videobuf2/built-in.a
  AR      drivers/media/platform/amlogic/c3/isp/built-in.a
  AR      drivers/media/common/built-in.a
  AR      drivers/media/platform/amlogic/c3/mipi-adapter/built-in.a
  AR      drivers/media/platform/amlogic/c3/mipi-csi2/built-in.a
  AR      drivers/media/platform/amlogic/c3/built-in.a
  AR      drivers/ptp/built-in.a
  AR      drivers/media/platform/amlogic/meson-ge2d/built-in.a
  AR      drivers/media/platform/amlogic/built-in.a
  AR      drivers/media/platform/amphion/built-in.a
  CC      net/handshake/netlink.o
  AR      drivers/media/platform/arm/mali-c55/built-in.a
  AR      drivers/media/platform/arm/built-in.a
  AR      drivers/media/platform/aspeed/built-in.a
  AR      drivers/media/platform/atmel/built-in.a
  AR      drivers/media/platform/broadcom/built-in.a
  AR      drivers/media/platform/cadence/built-in.a
  AR      fs/built-in.a
  AR      drivers/media/platform/chips-media/coda/built-in.a
  AR      drivers/media/platform/chips-media/wave5/built-in.a
  AR      drivers/media/platform/chips-media/built-in.a
  AR      drivers/media/platform/imagination/built-in.a
  CC      net/ipv4/icmp.o
  AR      drivers/media/platform/intel/built-in.a
  AR      drivers/media/platform/marvell/built-in.a
  AR      drivers/media/platform/mediatek/jpeg/built-in.a
  AR      drivers/media/platform/mediatek/mdp/built-in.a
  AR      drivers/media/platform/mediatek/vcodec/common/built-in.a
  AR      drivers/media/platform/mediatek/vcodec/encoder/built-in.a
  AR      drivers/media/platform/mediatek/vcodec/decoder/built-in.a
  AR      drivers/media/platform/mediatek/vcodec/built-in.a
  AR      drivers/media/platform/mediatek/vpu/built-in.a
  AR      drivers/media/platform/mediatek/mdp3/built-in.a
  AR      drivers/media/platform/mediatek/built-in.a
  AR      drivers/media/platform/microchip/built-in.a
  AR      drivers/media/platform/nuvoton/built-in.a
  AR      drivers/media/platform/nvidia/tegra-vde/built-in.a
  AR      drivers/media/platform/nvidia/built-in.a
  AR      drivers/media/platform/nxp/dw100/built-in.a
  AR      drivers/media/platform/nxp/imx-jpeg/built-in.a
  AR      drivers/media/platform/nxp/imx8-isi/built-in.a
  AR      drivers/media/platform/nxp/built-in.a
  AR      drivers/media/platform/qcom/camss/built-in.a
  AR      drivers/media/platform/qcom/iris/built-in.a
  AR      drivers/media/platform/qcom/venus/built-in.a
  AR      drivers/media/platform/qcom/built-in.a
  AR      drivers/media/platform/raspberrypi/pisp_be/built-in.a
  AR      drivers/media/platform/raspberrypi/rp1-cfe/built-in.a
  AR      drivers/media/platform/renesas/rcar-isp/built-in.a
  AR      drivers/media/platform/raspberrypi/built-in.a
  AR      drivers/media/platform/renesas/rcar-vin/built-in.a
  AR      drivers/media/platform/renesas/rzg2l-cru/built-in.a
  AR      drivers/media/platform/renesas/rzv2h-ivc/built-in.a
  AR      drivers/media/platform/renesas/vsp1/built-in.a
  CC      net/devres.o
  AR      drivers/media/platform/renesas/built-in.a
  AR      drivers/media/platform/rockchip/rga/built-in.a
  AR      drivers/media/platform/rockchip/rkcif/built-in.a
  AR      drivers/media/platform/rockchip/rkisp1/built-in.a
  AR      drivers/media/platform/rockchip/rkvdec/built-in.a
  AR      drivers/media/platform/rockchip/built-in.a
  AR      drivers/media/platform/samsung/exynos-gsc/built-in.a
  AR      drivers/media/platform/samsung/exynos4-is/built-in.a
  AR      drivers/media/platform/samsung/s3c-camif/built-in.a
  AR      drivers/media/platform/samsung/s5p-g2d/built-in.a
  AR      drivers/media/platform/samsung/s5p-jpeg/built-in.a
  AR      drivers/media/platform/samsung/s5p-mfc/built-in.a
  AR      drivers/media/platform/samsung/built-in.a
  CC      net/socket.o
  AR      drivers/media/platform/st/sti/bdisp/built-in.a
  AR      drivers/media/platform/st/sti/delta/built-in.a
  AR      drivers/media/platform/st/sti/hva/built-in.a
  AR      drivers/media/platform/st/stm32/built-in.a
  AR      drivers/media/platform/st/built-in.a
  CC      drivers/usb/host/xhci-hub.o
  AR      drivers/media/platform/sunxi/sun4i-csi/built-in.a
  AR      drivers/media/platform/sunxi/sun6i-csi/built-in.a
  AR      drivers/media/platform/sunxi/sun6i-mipi-csi2/built-in.a
  AR      drivers/media/platform/sunxi/sun8i-a83t-mipi-csi2/built-in.a
  AR      drivers/media/platform/sunxi/sun8i-di/built-in.a
  AR      drivers/media/platform/sunxi/sun8i-rotate/built-in.a
  AR      drivers/media/platform/sunxi/built-in.a
  AR      drivers/media/platform/synopsys/hdmirx/built-in.a
  AR      drivers/media/platform/synopsys/built-in.a
  AR      drivers/media/platform/ti/am437x/built-in.a
  AR      drivers/media/platform/ti/cal/built-in.a
  AR      drivers/media/platform/ti/vpe/built-in.a
  AR      drivers/media/platform/ti/davinci/built-in.a
  AR      drivers/media/platform/ti/j721e-csi2rx/built-in.a
  AR      drivers/media/platform/ti/omap/built-in.a
  AR      drivers/media/platform/ti/omap3isp/built-in.a
  AR      drivers/media/platform/ti/built-in.a
  AR      drivers/media/platform/verisilicon/built-in.a
  AR      drivers/media/platform/via/built-in.a
  AR      drivers/media/platform/xilinx/built-in.a
  AR      drivers/media/platform/built-in.a
  AR      drivers/media/pci/ttpci/built-in.a
  AR      drivers/media/pci/b2c2/built-in.a
  AR      drivers/media/pci/pluto2/built-in.a
  AR      drivers/media/pci/dm1105/built-in.a
  AR      drivers/media/pci/pt1/built-in.a
  AR      drivers/media/pci/pt3/built-in.a
  AR      drivers/media/pci/mantis/built-in.a
  AR      drivers/media/pci/ngene/built-in.a
  AR      drivers/media/pci/ddbridge/built-in.a
  AR      drivers/media/pci/saa7146/built-in.a
  AR      drivers/media/pci/smipcie/built-in.a
  AR      drivers/media/pci/netup_unidvb/built-in.a
  AR      drivers/media/pci/intel/ipu3/built-in.a
  AR      drivers/media/pci/intel/ivsc/built-in.a
  AR      drivers/media/pci/intel/built-in.a
  AR      drivers/media/pci/built-in.a
  AR      drivers/media/usb/b2c2/built-in.a
  AR      drivers/media/usb/dvb-usb/built-in.a
  AR      drivers/media/mmc/siano/built-in.a
  AR      drivers/media/usb/dvb-usb-v2/built-in.a
  AR      drivers/media/mmc/built-in.a
  AR      drivers/media/usb/s2255/built-in.a
  AR      drivers/media/usb/siano/built-in.a
  CC      net/handshake/request.o
  AR      drivers/media/usb/ttusb-budget/built-in.a
  AR      drivers/media/usb/ttusb-dec/built-in.a
  AR      drivers/media/usb/built-in.a
  AR      drivers/media/firewire/built-in.a
  AR      drivers/media/spi/built-in.a
  AR      drivers/media/test-drivers/built-in.a
  AR      drivers/media/built-in.a
  CC      drivers/usb/host/xhci-dbg.o
  CC      net/compat.o
  CC      drivers/usb/gadget/config.o
  CC      drivers/usb/host/xhci-trace.o
  CC      net/ipv4/devinet.o
  CC      net/sysctl_net.o
  CC      net/ipv4/af_inet.o
  CC      net/handshake/tlshd.o
  CC      drivers/usb/gadget/epautoconf.o
  AR      drivers/usb/gadget/function/built-in.a
  CC      net/ipv4/igmp.o
  CC      net/ipv4/fib_frontend.o
  CC      net/handshake/trace.o
  CC      drivers/usb/gadget/composite.o
  CC      drivers/usb/host/xhci-debugfs.o
  CC      drivers/power/reset/macsmc-reboot.o
  CC      drivers/power/supply/power_supply_core.o
  CC      net/ipv4/fib_semantics.o
  AR      drivers/power/reset/built-in.a
  CC      net/ipv4/fib_trie.o
  AR      net/handshake/built-in.a
  CC      net/ipv4/fib_notifier.o
  CC      drivers/power/supply/power_supply_sysfs.o
  CC      drivers/usb/host/xhci-plat.o
  CC      net/ipv4/inet_fragment.o
  CC      drivers/usb/gadget/functions.o
  CC      drivers/usb/gadget/configfs.o
  CC      drivers/power/supply/power_supply_leds.o
  CC      drivers/power/supply/power_supply_hwmon.o
  CC      drivers/power/supply/bq27xxx_battery.o
  CC      drivers/hwmon/hwmon.o
  CC      drivers/power/supply/macsmc-power.o
  CC      drivers/watchdog/watchdog_core.o
  AR      drivers/power/supply/built-in.a
  AR      drivers/power/built-in.a
  CC      drivers/usb/gadget/u_f.o
  CC      drivers/md/dm-audit.o
  CC      drivers/md/dm.o
  AR      drivers/usb/gadget/built-in.a
  CC      drivers/md/dm-table.o
  CC      drivers/md/dm-target.o
  CC      net/ipv4/ping.o
  CC      drivers/md/dm-linear.o
  CC      drivers/accessibility/braille/braille_console.o
  CC      drivers/hwmon/macsmc-hwmon.o
  AR      drivers/usb/host/built-in.a
  AR      drivers/usb/built-in.a
  CC      drivers/watchdog/watchdog_dev.o
  CC      drivers/md/dm-stripe.o
  CC      drivers/opp/core.o
  CC      drivers/cpufreq/cpufreq.o
  AR      drivers/accessibility/braille/built-in.a
  AR      drivers/accessibility/built-in.a
  AR      drivers/mmc/built-in.a
  CC      drivers/md/dm-ioctl.o
  AR      drivers/hwmon/built-in.a
  CC      drivers/md/dm-io.o
  CC      drivers/md/dm-kcopyd.o
  CC      drivers/watchdog/apple_wdt.o
  CC      net/ipv4/ip_tunnel_core.o
  AR      drivers/ufs/built-in.a
  CC      drivers/md/dm-sysfs.o
  AR      drivers/firmware/arm_ffa/built-in.a
  AR      drivers/firmware/arm_scmi/built-in.a
  AR      drivers/firmware/broadcom/built-in.a
  AR      drivers/firmware/cirrus/test/built-in.a
  AR      drivers/watchdog/built-in.a
  AR      drivers/firmware/cirrus/built-in.a
  AR      drivers/firmware/meson/built-in.a
  AR      drivers/crypto/stm32/built-in.a
  AR      drivers/firmware/microchip/built-in.a
  AR      drivers/crypto/inside-secure/eip93/built-in.a
  AR      drivers/crypto/inside-secure/built-in.a
  AR      drivers/crypto/xilinx/built-in.a
  AR      drivers/crypto/hisilicon/built-in.a
  AR      drivers/crypto/loongson/built-in.a
  AR      drivers/crypto/intel/keembay/built-in.a
  AR      drivers/crypto/intel/ixp4xx/built-in.a
  AR      drivers/crypto/intel/built-in.a
  CC      drivers/firmware/efi/libstub/alignedmem.o
  AR      drivers/crypto/starfive/built-in.a
  AR      drivers/crypto/cavium/built-in.a
  AR      drivers/crypto/ti/built-in.a
  AR      drivers/crypto/built-in.a
  CC      drivers/opp/cpu.o
  CC      drivers/firmware/efi/libstub/arm64-stub.o
  CC      drivers/clocksource/timer-of.o
  CC      drivers/clocksource/timer-probe.o
  CC      drivers/md/dm-stats.o
  CC      drivers/opp/of.o
  CC      drivers/clocksource/arm_arch_timer.o
  CC      drivers/cpufreq/freq_table.o
  CC      drivers/firmware/efi/libstub/arm64.o
  CC      drivers/cpufreq/cpufreq_stats.o
  CC      drivers/hid/usbhid/hid-core.o
  CC      drivers/opp/debugfs.o
  CC      drivers/hid/hid-core.o
  CC      drivers/cpufreq/cpufreq_performance.o
  CC      drivers/md/dm-rq.o
  AR      drivers/opp/built-in.a
  CC      drivers/cpufreq/cpufreq_powersave.o
  CC      drivers/cpufreq/cpufreq_userspace.o
  CC      drivers/md/dm-io-rewind.o
  CC      drivers/cpufreq/cpufreq_ondemand.o
  CC      drivers/firmware/efi/libstub/efi-stub-entry.o
  CC      net/ipv4/gre_offload.o
  CC      drivers/firmware/efi/libstub/efi-stub-helper.o
  CC      drivers/firmware/efi/efi.o
  CC      drivers/clocksource/arm_arch_timer_mmio.o
  CC      drivers/cpufreq/cpufreq_conservative.o
  CC      drivers/md/dm-builtin.o
  CC      drivers/clocksource/dummy_timer.o
  CC      drivers/firmware/efi/libstub/efi-stub.o
  CC      net/ipv4/metrics.o
  CC      drivers/cpufreq/cpufreq_governor.o
  CC      drivers/md/dm-crypt.o
  CC      drivers/cpufreq/cpufreq_governor_attr_set.o
  CC      drivers/cpufreq/apple-soc-cpufreq.o
  AR      drivers/clocksource/built-in.a
  CC      drivers/firmware/efi/vars.o
  CC      drivers/firmware/efi/libstub/fdt.o
  CC      drivers/firmware/efi/reboot.o
  CC      drivers/firmware/efi/libstub/file.o
  AR      drivers/cpufreq/built-in.a
  CC      net/ipv4/netlink.o
  CC      drivers/firmware/efi/libstub/gop.o
  CC      drivers/of/base.o
  AR      drivers/platform/built-in.a
  CC      drivers/of/cpu.o
  CC      drivers/of/device.o
  CC      drivers/firmware/efi/memattr.o
  CC      drivers/firmware/efi/tpm.o
  CC      drivers/hid/usbhid/hiddev.o
  CC      drivers/firmware/efi/libstub/intrinsics.o
  CC      net/ipv4/nexthop.o
  CC      drivers/of/module.o
  CC      drivers/firmware/efi/libstub/kaslr.o
  CC      drivers/firmware/efi/libstub/lib-cmdline.o
  CC      drivers/firmware/efi/memmap.o
  AR      drivers/md/built-in.a
  CC      drivers/firmware/efi/libstub/lib-ctype.o
  CC      drivers/of/platform.o
  CC      drivers/firmware/efi/libstub/lib-fdt.o
  CC      drivers/of/property.o
  CC      drivers/remoteproc/remoteproc_core.o
  AR      drivers/virt/vboxguest/built-in.a
  AR      drivers/virt/coco/built-in.a
  AR      drivers/virt/built-in.a
  CC      drivers/firmware/efi/libstub/lib-fdt_empty_tree.o
  CC      drivers/devfreq/devfreq.o
  CC      drivers/firmware/efi/libstub/lib-fdt_ro.o
  CC      drivers/hid/usbhid/hid-pidff.o
  CC      drivers/firmware/efi/libstub/lib-fdt_rw.o
  CC      drivers/firmware/efi/libstub/lib-fdt_sw.o
  CC      drivers/firmware/efi/fdtparams.o
  CC      drivers/firmware/efi/libstub/lib-fdt_wip.o
  CC      drivers/of/kobj.o
  CC      drivers/firmware/efi/libstub/mem.o
  AR      drivers/iio/accel/built-in.a
  AR      drivers/hid/usbhid/built-in.a
  AR      drivers/iio/adc/built-in.a
  AR      drivers/iio/addac/built-in.a
  AR      drivers/iio/afe/built-in.a
  CC      drivers/remoteproc/remoteproc_coredump.o
  AR      drivers/iio/amplifiers/built-in.a
  CC      drivers/remoteproc/remoteproc_debugfs.o
  AR      drivers/iio/buffer/built-in.a
  AR      drivers/iio/cdc/built-in.a
  AR      drivers/iio/chemical/built-in.a
  CC      drivers/hid/hid-input.o
  AR      drivers/iio/common/cros_ec_sensors/built-in.a
  AR      drivers/iio/common/hid-sensors/built-in.a
  AR      drivers/iio/common/inv_sensors/built-in.a
  AR      drivers/iio/common/ms_sensors/built-in.a
  AR      drivers/iio/common/scmi_sensors/built-in.a
  AR      drivers/iio/common/ssp_sensors/built-in.a
  AR      drivers/iio/common/st_sensors/built-in.a
  AR      drivers/iio/common/built-in.a
  AR      drivers/iio/dac/built-in.a
  AR      drivers/iio/dummy/built-in.a
  AR      drivers/iio/gyro/built-in.a
  AR      drivers/iio/filter/built-in.a
  AR      drivers/iio/frequency/built-in.a
  AR      drivers/iio/health/built-in.a
  AR      drivers/iio/humidity/built-in.a
  AR      drivers/iio/imu/bmi160/built-in.a
  AR      drivers/iio/imu/bmi270/built-in.a
  AR      drivers/iio/imu/bmi323/built-in.a
  AR      drivers/iio/imu/bno055/built-in.a
  AR      drivers/iio/imu/inv_icm42600/built-in.a
  AR      drivers/iio/imu/inv_icm45600/built-in.a
  CC      drivers/devfreq/governor_simpleondemand.o
  AR      drivers/iio/imu/inv_mpu6050/built-in.a
  AR      drivers/iio/imu/smi330/built-in.a
  AR      drivers/iio/imu/st_lsm6dsx/built-in.a
  CC      drivers/of/dynamic.o
  AR      drivers/iio/imu/st_lsm9ds0/built-in.a
  AR      drivers/iio/imu/built-in.a
  AR      drivers/iio/light/built-in.a
  AR      drivers/iio/magnetometer/built-in.a
  AR      drivers/iio/multiplexer/built-in.a
  AR      drivers/iio/orientation/built-in.a
  AR      drivers/iio/position/built-in.a
  AR      drivers/iio/potentiometer/built-in.a
  AR      drivers/iio/potentiostat/built-in.a
  AR      drivers/iio/pressure/built-in.a
  AR      drivers/iio/proximity/built-in.a
  AR      drivers/iio/resolver/built-in.a
  AR      drivers/iio/temperature/built-in.a
  AR      drivers/iio/test/built-in.a
  AR      drivers/iio/trigger/built-in.a
  CC      drivers/iio/industrialio-core.o
  CC      drivers/firmware/efi/libstub/pci.o
  CC      drivers/remoteproc/remoteproc_sysfs.o
  CC      drivers/hid/hid-quirks.o
  AR      drivers/devfreq/built-in.a
  CC      drivers/remoteproc/remoteproc_virtio.o
  CC      net/ipv4/udp_tunnel_stub.o
  CC      drivers/of/fdt.o
  CC      drivers/firmware/efi/libstub/primary_display.o
  CC      drivers/firmware/efi/libstub/printk.o
  CC      drivers/iio/industrialio-event.o
  CC      drivers/iio/inkern.o
  CC      drivers/remoteproc/remoteproc_elf_loader.o
  CC      drivers/hid/hid-debug.o
  CC      net/ipv4/ip_tunnel.o
  DTC     drivers/of/empty_root.dtb
  CC      net/ipv4/sysctl_net_ipv4.o
  CC      drivers/firmware/efi/libstub/random.o
  CC      net/ipv4/proc.o
  CC      drivers/remoteproc/remoteproc_cdev.o
  CC      drivers/of/fdt_address.o
  CC      drivers/iio/industrialio-buffer.o
  CC      drivers/firmware/efi/libstub/randomalloc.o
  CC      drivers/hid/hidraw.o
  CC      drivers/of/address.o
  AR      drivers/remoteproc/built-in.a
  CC      drivers/firmware/efi/libstub/relocate.o
  CC      drivers/firmware/efi/libstub/secureboot.o
  CC      drivers/of/irq.o
  CC      drivers/of/of_reserved_mem.o
  CC      drivers/firmware/efi/libstub/skip_spaces.o
  CC      drivers/of/resolver.o
  CC      drivers/firmware/efi/libstub/smbios.o
  CC      drivers/firmware/efi/libstub/string.o
  CC      drivers/firmware/efi/libstub/systable.o
  CC      drivers/of/overlay.o
  CC      drivers/iio/industrialio-trigger.o
  CC      net/ipv4/fib_rules.o
  CC      net/ipv4/syncookies.o
  CC      drivers/firmware/efi/libstub/tpm.o
  AR      drivers/iio/built-in.a
  CC      net/ipv4/tunnel4.o
  CC      net/ipv4/netfilter.o
  CC      drivers/firmware/efi/esrt.o
  CC      drivers/perf/arm_pmu.o
  CC      drivers/firmware/efi/libstub/vsprintf.o
  WRAP    drivers/of/empty_root.dtb.S
  CC      drivers/firmware/efi/libstub/zboot-decompress-gzip.o
  CC      drivers/firmware/efi/libstub/zboot.o
  AR      drivers/ras/amd/atl/built-in.a
  CC      drivers/firmware/efi/efi-pstore.o
  CC      drivers/ras/ras.o
  CC      drivers/perf/arm_pmu_platform.o
  AS      drivers/of/empty_root.dtb.o
  CC      drivers/ras/debugfs.o
  AR      drivers/firmware/imx/built-in.a
  STUBCPY drivers/firmware/efi/libstub/alignedmem.stub.o
  STUBCPY drivers/firmware/efi/libstub/arm64-stub.stub.o
  CC      drivers/perf/arm_pmuv3.o
  STUBCPY drivers/firmware/efi/libstub/arm64.stub.o
  STUBCPY drivers/firmware/efi/libstub/efi-stub-entry.stub.o
  STUBCPY drivers/firmware/efi/libstub/efi-stub-helper.stub.o
  STUBCPY drivers/firmware/efi/libstub/efi-stub.stub.o
  STUBCPY drivers/firmware/efi/libstub/fdt.stub.o
  STUBCPY drivers/firmware/efi/libstub/file.stub.o
  STUBCPY drivers/firmware/efi/libstub/gop.stub.o
  STUBCPY drivers/firmware/efi/libstub/intrinsics.stub.o
  STUBCPY drivers/firmware/efi/libstub/kaslr.stub.o
  STUBCPY drivers/firmware/efi/libstub/lib-cmdline.stub.o
  STUBCPY drivers/firmware/efi/libstub/lib-ctype.stub.o
  STUBCPY drivers/firmware/efi/libstub/lib-fdt.stub.o
  STUBCPY drivers/firmware/efi/libstub/lib-fdt_empty_tree.stub.o
  CC      drivers/hwtracing/coresight/coresight-core.o
  STUBCPY drivers/firmware/efi/libstub/lib-fdt_ro.stub.o
  STUBCPY drivers/firmware/efi/libstub/lib-fdt_rw.stub.o
  STUBCPY drivers/firmware/efi/libstub/lib-fdt_sw.stub.o
  STUBCPY drivers/firmware/efi/libstub/lib-fdt_wip.stub.o
  STUBCPY drivers/firmware/efi/libstub/mem.stub.o
  STUBCPY drivers/firmware/efi/libstub/pci.stub.o
  STUBCPY drivers/firmware/efi/libstub/primary_display.stub.o
  STUBCPY drivers/firmware/efi/libstub/printk.stub.o
  STUBCPY drivers/firmware/efi/libstub/random.stub.o
  STUBCPY drivers/firmware/efi/libstub/randomalloc.stub.o
  STUBCPY drivers/firmware/efi/libstub/relocate.stub.o
  STUBCPY drivers/firmware/efi/libstub/secureboot.stub.o
  STUBCPY drivers/firmware/efi/libstub/skip_spaces.stub.o
  STUBCPY drivers/firmware/efi/libstub/smbios.stub.o
  STUBCPY drivers/firmware/efi/libstub/string.stub.o
  AR      drivers/hwtracing/intel_th/built-in.a
  STUBCPY drivers/firmware/efi/libstub/systable.stub.o
  CC      drivers/perf/arm_brbe.o
  STUBCPY drivers/firmware/efi/libstub/tpm.stub.o
  STUBCPY drivers/firmware/efi/libstub/vsprintf.stub.o
  STUBCPY drivers/firmware/efi/libstub/zboot-decompress-gzip.stub.o
  STUBCPY drivers/firmware/efi/libstub/zboot.stub.o
  AR      drivers/firmware/efi/libstub/lib.a
  AR      drivers/ras/built-in.a
  CC      drivers/firmware/efi/runtime-wrappers.o
  CC      drivers/firmware/psci/psci.o
  CC      drivers/firmware/efi/efi-init.o
  CC      drivers/firmware/efi/arm-runtime.o
  AR      drivers/firmware/psci/built-in.a
  CC      drivers/firmware/efi/earlycon.o
  CC      net/ipv4/inet_diag.o
  CC      drivers/hwtracing/coresight/coresight-etm-perf.o
  CC      net/ipv4/tcp_diag.o
  AR      drivers/hid/built-in.a
  CC      net/ipv4/tcp_cubic.o
  AR      drivers/firmware/efi/built-in.a
  CC      drivers/hwtracing/stm/core.o
  AR      drivers/firmware/qcom/built-in.a
  AR      drivers/firmware/samsung/built-in.a
  CC      drivers/firmware/smccc/smccc.o
  CC      drivers/perf/apple_m1_cpu_pmu.o
  CC      drivers/hwtracing/coresight/coresight-platform.o
  AR      drivers/of/built-in.a
  CC      drivers/firmware/smccc/kvm_guest.o
  CC      drivers/hwtracing/coresight/coresight-sysfs.o
  CC      drivers/android/binder.o
  CC      drivers/hwtracing/stm/policy.o
  CC      drivers/android/binder_alloc.o
  AR      drivers/firmware/smccc/built-in.a
  AR      drivers/firmware/tegra/built-in.a
  AR      drivers/firmware/xilinx/built-in.a
  CC      drivers/firmware/dmi_scan.o
  CC      net/ipv4/tcp_bpf.o
  AR      drivers/perf/built-in.a
  CC      net/ipv4/udp_bpf.o
  CC      drivers/hwtracing/coresight/coresight-syscfg.o
  CC      net/ipv4/bpf_tcp_ca.o
  AR      drivers/hwtracing/stm/built-in.a
  CC      drivers/android/binder_netlink.o
  CC      drivers/firmware/dmi-id.o
  AR      drivers/firmware/built-in.a
  CC      drivers/hwtracing/coresight/coresight-config.o
  CC      drivers/hwtracing/coresight/coresight-cfg-preload.o
  AR      drivers/nvmem/layouts/built-in.a
  CC      drivers/nvmem/core.o
  CC      drivers/nvmem/layouts.o
  CC      drivers/hwtracing/coresight/coresight-cfg-afdo.o
  CC      drivers/hwtracing/coresight/coresight-cfg-pstop.o
  AR      net/ipv4/built-in.a
  AR      net/built-in.a
  AR      drivers/resctrl/built-in.a
  CC      drivers/hwtracing/coresight/coresight-syscfg-configfs.o
  CC      drivers/hwtracing/coresight/coresight-trace-id.o
  CC      drivers/nvmem/apple-efuses.o
  CC      drivers/nvmem/apple-spmi-nvmem.o
  CC      drivers/hwtracing/coresight/coresight-tmc-core.o
  CC      drivers/hwtracing/coresight/coresight-tmc-etf.o
  CC      drivers/hwtracing/coresight/coresight-tmc-etr.o
  CC      drivers/nvmem/simple-mfd-nvmem.o
  CC      drivers/hwtracing/coresight/coresight-tpiu.o
  CC      drivers/hwtracing/coresight/coresight-etb10.o
  CC      drivers/hwtracing/coresight/coresight-funnel.o
  CC      drivers/hwtracing/coresight/coresight-replicator.o
  AR      drivers/nvmem/built-in.a
  CC      drivers/hwtracing/coresight/coresight-etm4x-core.o
  CC      drivers/hwtracing/coresight/coresight-etm4x-sysfs.o
  CC      drivers/hwtracing/coresight/coresight-etm4x-cfg.o
  CC      drivers/hwtracing/coresight/coresight-stm.o
  CC      drivers/hwtracing/coresight/coresight-cpu-debug.o
  CC      drivers/hwtracing/coresight/coresight-catu.o
  CC      drivers/hwtracing/coresight/coresight-cti-core.o
  CC      drivers/hwtracing/coresight/coresight-cti-platform.o
  CC      drivers/hwtracing/coresight/coresight-cti-sysfs.o
  CC      drivers/hwtracing/coresight/coresight-trbe.o
  AR      drivers/hwtracing/coresight/built-in.a
  AR      drivers/android/built-in.a
  AR      drivers/built-in.a
  AR      built-in.a
  AR      vmlinux.a
  LD      vmlinux.o
  MODPOST vmlinux.symvers
  CC      .vmlinux.export.o
  UPD     include/generated/utsversion.h
  CC      init/version-timestamp.o
  KSYMS   .tmp_vmlinux0.kallsyms.S
  AS      .tmp_vmlinux0.kallsyms.o
  LD      .tmp_vmlinux1
  NM      .tmp_vmlinux1.syms
  KSYMS   .tmp_vmlinux1.kallsyms.S
  AS      .tmp_vmlinux1.kallsyms.o
  LD      .tmp_vmlinux2
  NM      .tmp_vmlinux2.syms
  KSYMS   .tmp_vmlinux2.kallsyms.S
  AS      .tmp_vmlinux2.kallsyms.o
  LD      vmlinux.unstripped
  NM      System.map
  SORTTAB vmlinux.unstripped
  OBJCOPY vmlinux
  GEN     modules.builtin.modinfo
  GEN     modules.builtin
  OBJCOPY arch/arm64/boot/Image
make[2]: Leaving directory '/home/potato/grafene/pomme/upstream/linux-hoolock/out-initramfs-4k'
make[1]: Leaving directory '/home/potato/grafene/pomme/upstream/linux-hoolock'
[kernel-build] assert OK: Image.initramfs reports 4K pages
[kernel-build] Image.initramfs sha256: e9eee070a6c173da3c9e80bc144e75bf4dd0ce36710341dab94040ef26aeadd3
[kernel-build] --- sanity checks ---
/home/potato/grafene/pomme/artifacts/kernel-4k/Image: Linux kernel ARM64 boot executable Image, little-endian, 4K pages
[kernel-build] fdtdump not available; skipping dtb model check (strings fallback):
[kernel-build] t8010-d10.dtb: DApple iPhone 7 (Qualcomm) 
[kernel-build] iPhone 7 / 7+ DTBs present (t8010-d10.dtb, t8010-d101.dtb)
[kernel-build] toolchain tarball sha256: 0213efac9b5577f20d58de9431960a191347ffc2257b27ffe7250522bf1f7867  (/home/potato/toolchains/aarch64-toolchain.tar.xz)
[kernel-build] wall time: 895s
[kernel-build] --- sha256sums of everything produced ---
f26e42ef7247d183f8e57568399d82103beda8c1d4494be02b344b2ed52d91b4  /home/potato/grafene/pomme/tooling/kernel/config-postmarketos-apple-4k.aarch64
e1279fe355501b3d93dca17b45f130112b72355007dd357f2e45dd51398faad5  /home/potato/grafene/pomme/tooling/kernel/config-settled-4k.aarch64
74bfbcab28c40fa8ba1b5661ae7adb41cdcd6cd6c7f0cc982a7fc0bc2edd3720  /home/potato/grafene/pomme/artifacts/kernel-4k/Image
848db90371b1c983a5d16187b737a25ed347bbd39fa578b94ed359a3c911dc08  /home/potato/grafene/pomme/artifacts/kernel-4k/modules.tar.gz
e9eee070a6c173da3c9e80bc144e75bf4dd0ce36710341dab94040ef26aeadd3  /home/potato/grafene/pomme/artifacts/kernel-4k/Image.initramfs
c5c0c14e70b95da5bd96ee2d08407781d2fd746cd141de09c46374a538f1b1bd  /home/potato/grafene/pomme/artifacts/kernel-4k/dtbs/s5l8960x-j71.dtb
af9b4c5a1f6e5b3ac89ab7dee238f10d49802e26b9c4287f0e7134f42600c7ba  /home/potato/grafene/pomme/artifacts/kernel-4k/dtbs/s5l8960x-j72.dtb
29855ff6fc3212d11aa5a82767f4afc4d18f594bf6913a5fdb88ab6b85ba2a8d  /home/potato/grafene/pomme/artifacts/kernel-4k/dtbs/s5l8960x-j73.dtb
6b6b7c8e424baac43892eb12ced67fc3440e5d0b8faf0c3694c3507c44f399d4  /home/potato/grafene/pomme/artifacts/kernel-4k/dtbs/s5l8960x-j85.dtb
23a55a0cac3e543c00741f36ce0d1b3550d99e1248a5ef77f5d9b89b1cd12239  /home/potato/grafene/pomme/artifacts/kernel-4k/dtbs/s5l8960x-j85m.dtb
8e08d68be5a48dc98d9974b8333ba0d5cc9448426eda89852e7c80be3caf37b2  /home/potato/grafene/pomme/artifacts/kernel-4k/dtbs/s5l8960x-j86.dtb
8df83a87fd08180cdaca99c62caff2a70c56cee830aa3b75b4d7e0bd776c4bcf  /home/potato/grafene/pomme/artifacts/kernel-4k/dtbs/s5l8960x-j86m.dtb
0bdd3b5311a88fd58800bd9a6c937381e12875ac2425e04bd2f4a7043d14428c  /home/potato/grafene/pomme/artifacts/kernel-4k/dtbs/s5l8960x-j87.dtb
ac8cf0a64eab98cbe62493dea6a9be8596d29253d56247f71c836d7766fd1ed4  /home/potato/grafene/pomme/artifacts/kernel-4k/dtbs/s5l8960x-j87m.dtb
9f3e48ab5fd2b072aa06cdfe4ae245866a3ed57e517fcf6204bab2d49067fdb3  /home/potato/grafene/pomme/artifacts/kernel-4k/dtbs/s5l8960x-n51.dtb
cb3037be494a2b052355987cae496d20fe6eda0500154cfaefb30f0d5c5f17d5  /home/potato/grafene/pomme/artifacts/kernel-4k/dtbs/s5l8960x-n53.dtb
a26458413d7a486a0cb1293f16518c989768ce3e0a2bcd83128542ac507cbc47  /home/potato/grafene/pomme/artifacts/kernel-4k/dtbs/s8000-j71s.dtb
62b58f2a2d7bf1653a5bdb9873ab8774c1b6d723b78e0ae670b7c670c48d89cd  /home/potato/grafene/pomme/artifacts/kernel-4k/dtbs/s8000-j72s.dtb
0d7dc2ae3003b80c22008790dc4c627877bdf37c8c4fe0a2396fd0e978f0486d  /home/potato/grafene/pomme/artifacts/kernel-4k/dtbs/s8000-n66.dtb
2d699e7e9a77cd1bdfe512a52335d05863c9a5389c838dffffaf2e7b9ca877a0  /home/potato/grafene/pomme/artifacts/kernel-4k/dtbs/s8000-n69u.dtb
b25b2b748d6f934d3b4ed51d9906ae86ae5e031756bfe9009073a4dea7537f58  /home/potato/grafene/pomme/artifacts/kernel-4k/dtbs/s8000-n71.dtb
1d2b53a7a2c0b05646e69a792e101a8e2952dafdf9619c23ba2fa3a8a0df9ee4  /home/potato/grafene/pomme/artifacts/kernel-4k/dtbs/s8001-j127.dtb
17034e8651bb850aaee4db1bdf87e5e9a81976378fd89946e862bdce46e31a0f  /home/potato/grafene/pomme/artifacts/kernel-4k/dtbs/s8001-j128.dtb
2df6456f7360e0376c1b59251cf008b96e15156752683f7b5f9f52117cf028f3  /home/potato/grafene/pomme/artifacts/kernel-4k/dtbs/s8001-j98a.dtb
84e88f3cf8a25a916f54d2407bff707525e8f4a0fbbc495e75e1a0095f0bea83  /home/potato/grafene/pomme/artifacts/kernel-4k/dtbs/s8001-j99a.dtb
3cdd5077e2e5b5f0f883ad4ac705f2ad718778ede30c8c7affd8d89862b8e9d8  /home/potato/grafene/pomme/artifacts/kernel-4k/dtbs/s8003-j71t.dtb
17588448873eb681cfbeb13acea4f27471155c9c13b187371f7889ad2c368dfc  /home/potato/grafene/pomme/artifacts/kernel-4k/dtbs/s8003-j72t.dtb
89f9fa2ad15cc2ffe3f6bcf8df2c56154510e5182e585e2ad40f8f00b4b1dc15  /home/potato/grafene/pomme/artifacts/kernel-4k/dtbs/s8003-n66m.dtb
cbb79a148fec1377b7187a4c9514a968e519f3c2ee796818d41f08fde1dc1dfc  /home/potato/grafene/pomme/artifacts/kernel-4k/dtbs/s8003-n69.dtb
8d8efbec8af5bd99ddfd5d2d89480c9c51de749470bd75c5198cac795765756a  /home/potato/grafene/pomme/artifacts/kernel-4k/dtbs/s8003-n71m.dtb
95b8c2529a694e1cccbb06e91437b2a4533fd35956859829b7a13dbf9cfe9262  /home/potato/grafene/pomme/artifacts/kernel-4k/dtbs/t6000-j314s.dtb
b999cdcebdc3d0c464090f21fa5dd75abd00fc41967cb09b19b2b878cdfd4d89  /home/potato/grafene/pomme/artifacts/kernel-4k/dtbs/t6000-j316s.dtb
6098d0ed72a3d7c8c6b8417065fe8bdb9c940549a2eb2caee6dd78e7d3d19a17  /home/potato/grafene/pomme/artifacts/kernel-4k/dtbs/t6001-j314c.dtb
485b4d5841e45f4b3ba49625d5398a3358c8c163eae1fc82950e3b4f5d661490  /home/potato/grafene/pomme/artifacts/kernel-4k/dtbs/t6001-j316c.dtb
d15c8348526f4a687bd0784d196534295bd711bdffb930c619cbf667c51ba65e  /home/potato/grafene/pomme/artifacts/kernel-4k/dtbs/t6001-j375c.dtb
84f6db8ac40cfd4dada0e812cd65a1d1a8c5d044c04e045336f8455b78cd879a  /home/potato/grafene/pomme/artifacts/kernel-4k/dtbs/t6002-j375d.dtb
9892ce0911b6e1a092fb881c1d8a3bfbe36175eaf3b4cf51190b185fbd3c9712  /home/potato/grafene/pomme/artifacts/kernel-4k/dtbs/t6020-j414s.dtb
8c8f0938a542e98baf3377225671707d9ec1e8ebc7dc374890e421a7d761cde1  /home/potato/grafene/pomme/artifacts/kernel-4k/dtbs/t6020-j416s.dtb
b1014cba72f44f77e9a39fc11c8a93e22a1ed4cdb449242a72824217d62c5401  /home/potato/grafene/pomme/artifacts/kernel-4k/dtbs/t6020-j474s.dtb
6ef13d2bb84b5c018255ac01bce334aedb906876ae82cf7fa70da4a3f4a403a4  /home/potato/grafene/pomme/artifacts/kernel-4k/dtbs/t6021-j414c.dtb
ee669bf9ae22d5d1c59fa942e215e5790c5c2a1c7b74705d48d0e28ff4ae40d9  /home/potato/grafene/pomme/artifacts/kernel-4k/dtbs/t6021-j416c.dtb
a204260796bb90dd61435df469f881d1b4fd32b39a3818a1a4cd770f7d79722a  /home/potato/grafene/pomme/artifacts/kernel-4k/dtbs/t6021-j475c.dtb
5346b3eb344f7d645439036e604d303d3be983e461cb839641f98335a3afcb81  /home/potato/grafene/pomme/artifacts/kernel-4k/dtbs/t6022-j180d.dtb
3a9199eb8374749c154015aa17e4c2449f93f4f699cf7396357d7f8f0152a559  /home/potato/grafene/pomme/artifacts/kernel-4k/dtbs/t6022-j475d.dtb
e632798cd56bdc4ceec2d107a4c437386789bf2794b37677706b53b99fce06b0  /home/potato/grafene/pomme/artifacts/kernel-4k/dtbs/t7000-j42d.dtb
7b1b9e0a19167388b002b02d8b25ff89a899bf53bd76e9448f6cd79b3a79dd5c  /home/potato/grafene/pomme/artifacts/kernel-4k/dtbs/t7000-j96.dtb
cca1e54739f97e70e0a2a9e55f3e8feefb2bc40abed87e3a22ba3833bcba60e8  /home/potato/grafene/pomme/artifacts/kernel-4k/dtbs/t7000-j97.dtb
217110fcaf8d5ce599f10c3bd0c1b94d08d2b3b229eda7f6bea33509b8da21cd  /home/potato/grafene/pomme/artifacts/kernel-4k/dtbs/t7000-n102.dtb
9514566388f85316af6a46740dfdea9c93582c728e8c2a0b50446e8f02ec587d  /home/potato/grafene/pomme/artifacts/kernel-4k/dtbs/t7000-n56.dtb
90dd355d8f950b286b45d4197372b5174f2b8014e7a1dd0f5932d46d01b491eb  /home/potato/grafene/pomme/artifacts/kernel-4k/dtbs/t7000-n61.dtb
577866e307baef4686f5dbd2c3639d050a16cc9117f7f9b78ecfde9dc02795bc  /home/potato/grafene/pomme/artifacts/kernel-4k/dtbs/t7001-j81.dtb
2d20e152ee5308464c75e1a74d59f01cf764e461e58b247851687ab029fdc883  /home/potato/grafene/pomme/artifacts/kernel-4k/dtbs/t7001-j82.dtb
a5bf042656b7749de5f1fc655a17de5f9ca91b6940d04e1f65b42c9b34262d69  /home/potato/grafene/pomme/artifacts/kernel-4k/dtbs/t8010-d10.dtb
bbec66db2b973eff3a65c949c6c65a6d256a2b75d058d6a8a1b400d3c3634f24  /home/potato/grafene/pomme/artifacts/kernel-4k/dtbs/t8010-d101.dtb
f03448b32bc82825cc4a803d76beafc18a1214ca137c6ff05a0ea2d361c97d24  /home/potato/grafene/pomme/artifacts/kernel-4k/dtbs/t8010-d11.dtb
2dae39e230608d77305b96c33274efcdf1bb63a9e6382db9ce19e7b50899f33f  /home/potato/grafene/pomme/artifacts/kernel-4k/dtbs/t8010-d111.dtb
067883636160e6bb4494c69ce4efb62e3b2d413438a476e3fab0b42cf2eda251  /home/potato/grafene/pomme/artifacts/kernel-4k/dtbs/t8010-j171.dtb
8c0c0dee2d1717091cb2bbe2aee5e454aedf11360e564bd718d3b626fac85e4d  /home/potato/grafene/pomme/artifacts/kernel-4k/dtbs/t8010-j172.dtb
3097f80c9085161173440469c5b7bfda209caafba435cfe7f7d7697cfc47ae5e  /home/potato/grafene/pomme/artifacts/kernel-4k/dtbs/t8010-j71b.dtb
b7173f3f1b6ae3b7d30dae5a68dbf6ebce845cd38424cc0fba2f6b4a647e50a6  /home/potato/grafene/pomme/artifacts/kernel-4k/dtbs/t8010-j72b.dtb
eb3038a4a2f9ef12be68e732eec448c597366c2787911fc731924f2ae00ee5ef  /home/potato/grafene/pomme/artifacts/kernel-4k/dtbs/t8010-n112.dtb
987cd0d72aa05fb6bfde0a883ebb9512fd0704ba306269cc5e082d5c84761f3e  /home/potato/grafene/pomme/artifacts/kernel-4k/dtbs/t8011-j105a.dtb
45476d6b671dd201aceabd79d143d5829f420d46cfa5439665c60dd35f831aff  /home/potato/grafene/pomme/artifacts/kernel-4k/dtbs/t8011-j120.dtb
9b02cd0e210893952ba6466030bcdf02ea9ded8256048cd89886c53f43c00556  /home/potato/grafene/pomme/artifacts/kernel-4k/dtbs/t8011-j121.dtb
d4a7c4d408c12b19821605b100d8fae3980eda602c1bcabe1d508873ad548d43  /home/potato/grafene/pomme/artifacts/kernel-4k/dtbs/t8011-j207.dtb
62c05d57603778bedf28e6fb98dc79e33b8056b65159a1ffb3f3e8464fae7904  /home/potato/grafene/pomme/artifacts/kernel-4k/dtbs/t8011-j208.dtb
309798a007dcf733ad797a5b68c9a9e467f879e00f216b266a28c749aeca2fb7  /home/potato/grafene/pomme/artifacts/kernel-4k/dtbs/t8012-j132.dtb
bf9097886c128222796d82ac24df1a1ac3543e562e508b992e1b4ff9f1966cc2  /home/potato/grafene/pomme/artifacts/kernel-4k/dtbs/t8012-j137.dtb
446957eadc04552fe8383b728b657d9015f898dc703290410eb3328cc9893faa  /home/potato/grafene/pomme/artifacts/kernel-4k/dtbs/t8012-j140a.dtb
8df08ba5ab56502cee13d9d7616031739d8be4ddaf4f88901cf1cf9aba0b171b  /home/potato/grafene/pomme/artifacts/kernel-4k/dtbs/t8012-j140k.dtb
139012c12ca6dae59b0c26bcfccaf5d6a46eb15c37cf7e92f6bea7a5b2e1a038  /home/potato/grafene/pomme/artifacts/kernel-4k/dtbs/t8012-j152f.dtb
a4633bc3f048512e659071667993abafcf5941084c27a33d4c56b38bb49be2fb  /home/potato/grafene/pomme/artifacts/kernel-4k/dtbs/t8012-j160.dtb
8d90a30c9d7f0671b77b71711fa35ce71d53a95255d99b81f9bcdd9f1aaef4a4  /home/potato/grafene/pomme/artifacts/kernel-4k/dtbs/t8012-j174.dtb
09d54a05bcd13c0412292c46de1a09e52f05e8c0fe94857316bb698eea96f132  /home/potato/grafene/pomme/artifacts/kernel-4k/dtbs/t8012-j185.dtb
0b4a525e5790770bc7c63f39ab652c254d4c6c9c6dd41f76b385cadb1a30b2cc  /home/potato/grafene/pomme/artifacts/kernel-4k/dtbs/t8012-j185f.dtb
a47a918a01c5ffcbd853935f65f5aa930e1b13083b05e30447e9ee5eed0534b2  /home/potato/grafene/pomme/artifacts/kernel-4k/dtbs/t8012-j213.dtb
84c2e71da4640d846e25f8039d172312c2756db3882c39fbc330bf4540efffd5  /home/potato/grafene/pomme/artifacts/kernel-4k/dtbs/t8012-j214k.dtb
77b351ebcd99ee0b41d969422094756c7fc1d19b62afaa53edad84c09e8bcc5a  /home/potato/grafene/pomme/artifacts/kernel-4k/dtbs/t8012-j215.dtb
c5b18d32f8ca2baa6c27f1b3024328f39cdf7cb7c7964a830c9e5b9b74b77a19  /home/potato/grafene/pomme/artifacts/kernel-4k/dtbs/t8012-j223.dtb
ba2e6b86511c82f39ab120702fc4697df6a70179a7ac15c218bbf690267e42ad  /home/potato/grafene/pomme/artifacts/kernel-4k/dtbs/t8012-j230k.dtb
8ac0c49a52e38cfd481808faa1fcda3196c59571eafa23a345e16be60e5b9f35  /home/potato/grafene/pomme/artifacts/kernel-4k/dtbs/t8012-j680.dtb
29be7e445d5f1276737818a9569f9d9da818c9873942faf3b8a3f3f78909c865  /home/potato/grafene/pomme/artifacts/kernel-4k/dtbs/t8012-j780.dtb
1d2edbcd1d01095d9c4ab71b42f43b6bd56e0b5362d97bd9e9f11db5aced520b  /home/potato/grafene/pomme/artifacts/kernel-4k/dtbs/t8015-d20.dtb
a780d8acfe4c75a0fc852d429ead345958a29150f401535aacddb93bc0f90d90  /home/potato/grafene/pomme/artifacts/kernel-4k/dtbs/t8015-d201.dtb
34c92c8a1c9d5bb3dfecc287dcf355b4517086a9668b05d11abf668c162eb5d8  /home/potato/grafene/pomme/artifacts/kernel-4k/dtbs/t8015-d21.dtb
c79047608c47113b1951ea6c7cd644896c545c1655c86e5bb315b926eb5467e7  /home/potato/grafene/pomme/artifacts/kernel-4k/dtbs/t8015-d211.dtb
418e4e14206f3f572be9fedd0955c944fb02cd3449270890f3f938903776ea7f  /home/potato/grafene/pomme/artifacts/kernel-4k/dtbs/t8015-d22.dtb
aa9a8566b321a5f17a89cc0b5ae15dc9e0077332bbc6bea88d7de781c7329361  /home/potato/grafene/pomme/artifacts/kernel-4k/dtbs/t8015-d221.dtb
bdcc6d002f95832bed2730abd444bcccc10e2737156bfeff8e927b48f2e97b71  /home/potato/grafene/pomme/artifacts/kernel-4k/dtbs/t8103-j274.dtb
12497d976569e1ee1918a65c2552fcf4f486395347afe337dc033c95e96702a9  /home/potato/grafene/pomme/artifacts/kernel-4k/dtbs/t8103-j293.dtb
14bcbf24acf531055a11ad2ac67ed34a8c64e64961a98a106825e5ecf02fc56d  /home/potato/grafene/pomme/artifacts/kernel-4k/dtbs/t8103-j313.dtb
0a59f063407fa5451125b1c80b7d46be1203103968c7cc58518dc5f29f8786d6  /home/potato/grafene/pomme/artifacts/kernel-4k/dtbs/t8103-j456.dtb
16269e33c58b8b1cf650c9351d9b46fab7bb7572bab945fefb37bacc7f6627c2  /home/potato/grafene/pomme/artifacts/kernel-4k/dtbs/t8103-j457.dtb
f3230412d111adff4519d7fba90158916abc2f201ccc67fe99ce56e18fd2a288  /home/potato/grafene/pomme/artifacts/kernel-4k/dtbs/t8112-j413.dtb
d9cac72c0ac35a17de0a10c326221f61a60adc67ed25baee47ec1d33b3e75f6c  /home/potato/grafene/pomme/artifacts/kernel-4k/dtbs/t8112-j415.dtb
74ca2b47ce5853f88d50c53e4f4b5ddb9e25e08eb4b8910c6434d26d1481bdc6  /home/potato/grafene/pomme/artifacts/kernel-4k/dtbs/t8112-j473.dtb
e80ac371c51c0a57442aff0fc9ea19644125d7bbcab17291ed05f3237a9a5acc  /home/potato/grafene/pomme/artifacts/kernel-4k/dtbs/t8112-j493.dtb
[kernel-build] artifact sizes:
-rw-rw-r-- 1 potato potato 19790336 Sep 29 22:48 /home/potato/grafene/pomme/artifacts/kernel-4k/Image
-rw-rw-r-- 1 potato potato  6305452 Sep 29 22:48 /home/potato/grafene/pomme/artifacts/kernel-4k/modules.tar.gz
-rw-rw-r-- 1 potato potato 20511232 Sep 29 23:03 /home/potato/grafene/pomme/artifacts/kernel-4k/Image.initramfs
3237665	/home/potato/grafene/pomme/artifacts/kernel-4k/dtbs
[kernel-build] provenance refresh: shipped bytes/file-set changed -> regenerating
[kernel-build] generated provenance: artifacts/kernel-4k/provenance.json (95 artifact entries)
[kernel-build] DONE stage=kernel-4k release=7.0.12-gdfa4d4208131-dirty wall=895s
