[kernel-build] host: Linux 7.1.5-76070105-generic, 12 cores
[kernel-build] cross gcc: aarch64-buildroot-linux-gnu-gcc.br_real (toolchains.bootlin.com 2026.08-1) 15.3.0
[kernel-build] checking upstream tree /home/potato/grafene/pomme/upstream/linux-hoolock
[kernel-build] upstream present; verifying pin
[kernel-build] upstream verified: dfa4d42081312dd34ec33ee8d23174309f683188 (2026-06-12 12:28:16 +0800)
[kernel-build] patch already applied, skipping: 0001-backlight-apple_pmic_bl-add-default-case-to-get_brightness.patch
[kernel-build] config in: /home/potato/grafene/pomme/tooling/kernel/config-postmarketos-apple-16k.aarch64
[kernel-build] config-in sha256: fe673f45a21b1ba0b3b57ff4c0d1537f513c86be1f64750ab719b919d1cd1333
[kernel-build] olddefconfig (settles any new symbols against the pinned config)
make: Entering directory '/home/potato/grafene/pomme/upstream/linux-hoolock'
make[1]: Entering directory '/home/potato/grafene/pomme/upstream/linux-hoolock/out'
  GEN     Makefile
#
# configuration written to .config
#
make[1]: Leaving directory '/home/potato/grafene/pomme/upstream/linux-hoolock/out'
make: Leaving directory '/home/potato/grafene/pomme/upstream/linux-hoolock'
[kernel-build] settled config -> /home/potato/grafene/pomme/tooling/kernel/config-settled.aarch64 (sha256: 922cd70de047576bd1b2d12982e9d0750134c415d2921d5a1afa0f592a6a0de6)
[kernel-build] toolchain as seen by kconfig: CC=15.3.0 (CC_IS_GCC=y)
[kernel-build] note: CONFIG_RUST dropped by olddefconfig (no rustc/bindgen for the GCC toolchain; no boot-critical driver needs it)
[kernel-build] CONFIG_ARM64_16K_PAGES=y confirmed in settled config
[kernel-build] building Image + dtbs with -j8 (this is the long part; expect several GB of RAM use)
make: Entering directory '/home/potato/grafene/pomme/upstream/linux-hoolock'
make[1]: Entering directory '/home/potato/grafene/pomme/upstream/linux-hoolock/out'
  SYNC    include/config/auto.conf.cmd
  GEN     Makefile
  GEN     Makefile
  CALL    ../scripts/checksyscalls.sh
  LDS     scripts/module.lds
  CC [M]  block/bsg.o
  CC [M]  fs/nfs_common/nfsacl.o
  CC [M]  sound/core/sound.o
  ASN.1   crypto/asymmetric_keys/pkcs8.asn1.[ch]
  CC [M]  crypto/asymmetric_keys/pkcs8.asn1.o
  CC [M]  sound/core/init.o
  CC [M]  crypto/asymmetric_keys/pkcs8_parser.o
  CC [M]  lib/crc/crc-itu-t.o
  CC [M]  drivers/leds/trigger/ledtrig-timer.o
  LD [M]  crypto/asymmetric_keys/pkcs8_key_parser.o
  CC [M]  crypto/async_tx/async_tx.o
  CC [M]  lib/crypto/arc4.o
  CC [M]  lib/crypto/chacha20poly1305.o
  CC [M]  crypto/async_tx/async_xor.o
  CC [M]  fs/nfs_common/grace.o
  CC [M]  drivers/leds/trigger/ledtrig-pattern.o
  CC [M]  sound/core/memory.o
  CC [M]  net/core/selftests.o
  CC [M]  sound/core/control.o
  CC [M]  lib/crypto/curve25519.o
  CC [M]  crypto/cmac.o
  CC [M]  lib/crypto/curve25519-hacl64.o
  LD [M]  fs/nfs_common/nfs_acl.o
  CC [M]  drivers/leds/led-class.o
  CC [M]  sound/core/misc.o
  CC [M]  drivers/video/backlight/lcd.o
  CC [M]  crypto/md4.o
  CC [M]  fs/nls/nls_ucs2_utils.o
  CC [M]  drivers/leds/led-class-multicolor.o
  CC [M]  sound/core/device.o
  CC [M]  net/802/psnap.o
  CC [M]  net/802/stp.o
  CC [M]  crypto/des_generic.o
  CC [M]  crypto/camellia_generic.o
  CC [M]  fs/netfs/buffered_read.o
  CC [M]  sound/core/info.o
  CC [M]  fs/squashfs/block.o
  CC [M]  fs/exfat/inode.o
  CC [M]  drivers/tty/ttynull.o
  CC [M]  net/sched/cls_cgroup.o
  CC [M]  crypto/algif_hash.o
  CC [M]  fs/squashfs/cache.o
  CC [M]  drivers/char/hw_random/virtio-rng.o
  CC [M]  fs/exfat/namei.o
  CC [M]  sound/core/hwdep.o
  CC [M]  lib/crypto/des.o
  CC [M]  fs/netfs/buffered_write.o
  CC [M]  net/netfilter/ipvs/ip_vs_conn.o
  CC [M]  sound/core/timer.o
  CC [M]  lib/crypto/poly1305.o
  CC [M]  fs/squashfs/dir.o
  CC [M]  crypto/algif_skcipher.o
  CC [M]  fs/squashfs/export.o
  CC [M]  fs/exfat/dir.o
  CC [M]  drivers/gpu/drm/udl/udl_drv.o
  CC [M]  fs/netfs/direct_read.o
  PERLASM lib/crypto/arm64/poly1305-core.S
  LD [M]  lib/crypto/libarc4.o
  LD [M]  lib/crypto/libchacha20poly1305.o
  LD [M]  lib/crypto/libcurve25519.o
  LD [M]  lib/crypto/libdes.o
  AS [M]  lib/crypto/arm64/poly1305-core.o
  LD [M]  lib/crypto/libpoly1305.o
  CC [M]  drivers/gpu/drm/udl/udl_edid.o
  CC [M]  fs/squashfs/file.o
  CC [M]  net/netfilter/ipvs/ip_vs_core.o
  CC [M]  sound/core/pcm.o
  CC [M]  net/netfilter/ipvs/ip_vs_ctl.o
  CC [M]  fs/netfs/direct_write.o
  CC [M]  fs/exfat/super.o
  CC [M]  drivers/gpu/drm/udl/udl_main.o
  CC [M]  fs/exfat/fatent.o
  CC [M]  fs/squashfs/fragment.o
  CC [M]  sound/core/pcm_native.o
  CC [M]  fs/squashfs/id.o
  CC [M]  drivers/gpu/drm/udl/udl_modeset.o
  CC [M]  sound/core/pcm_lib.o
  CC [M]  fs/exfat/cache.o
  CC [M]  fs/netfs/iterator.o
  CC [M]  sound/core/pcm_misc.o
  CC [M]  fs/squashfs/inode.o
  CC [M]  fs/exfat/nls.o
  CC [M]  drivers/gpu/drm/udl/udl_transfer.o
  CC [M]  fs/netfs/locking.o
  CC [M]  sound/core/pcm_memory.o
  CC [M]  net/netfilter/ipvs/ip_vs_sched.o
  CC [M]  fs/squashfs/namei.o
  CC [M]  net/netfilter/ipvs/ip_vs_xmit.o
  LD [M]  drivers/gpu/drm/udl/udl.o
  CC [M]  fs/netfs/main.o
  CC [M]  fs/exfat/misc.o
  CC [M]  fs/exfat/file.o
  CC [M]  fs/squashfs/super.o
  CC [M]  drivers/block/nbd.o
  CC [M]  sound/core/memalloc.o
  CC [M]  sound/core/pcm_timer.o
  CC [M]  net/netfilter/ipvs/ip_vs_app.o
  CC [M]  net/netfilter/ipvs/ip_vs_sync.o
  CC [M]  fs/squashfs/symlink.o
  CC [M]  fs/exfat/balloc.o
  CC [M]  sound/core/rawmidi.o
  CC [M]  net/netfilter/ipvs/ip_vs_est.o
  CC [M]  fs/netfs/misc.o
  CC [M]  fs/squashfs/decompressor.o
  CC [M]  drivers/block/ublk_drv.o
  LD [M]  fs/exfat/exfat.o
  CC [M]  net/netfilter/ipvs/ip_vs_proto.o
  CC [M]  net/netfilter/ipvs/ip_vs_pe.o
  CC [M]  fs/squashfs/page_actor.o
  CC [M]  fs/squashfs/file_cache.o
  CC [M]  fs/netfs/objects.o
  CC [M]  sound/core/ump.o
  LD [M]  sound/core/snd.o
  CC [M]  net/netfilter/ipvs/ip_vs_proto_tcp.o
  LD [M]  sound/core/snd-hwdep.o
  CC [M]  fs/netfs/read_collect.o
  CC [M]  fs/squashfs/decompressor_single.o
  CC [M]  net/netfilter/ipvs/ip_vs_proto_udp.o
  CC [M]  fs/nfs/filelayout/filelayout.o
  CC [M]  fs/nfs/blocklayout/blocklayout.o
  LD [M]  sound/core/snd-timer.o
  LD [M]  sound/core/snd-pcm.o
  LD [M]  sound/core/snd-rawmidi.o
  LD [M]  sound/core/snd-ump.o
  CC [M]  net/netfilter/ipvs/ip_vs_nfct.o
  CC [M]  fs/squashfs/xattr.o
  CC [M]  sound/usb/card.o
  CC [M]  fs/netfs/read_pgpriv2.o
  CC [M]  drivers/misc/enclosure.o
  CC [M]  drivers/misc/hmc6352.o
  CC [M]  fs/squashfs/xattr_id.o
  CC [M]  fs/nfs/blocklayout/dev.o
  CC [M]  net/netfilter/ipvs/ip_vs_rr.o
  CC [M]  fs/nfs/filelayout/filelayoutdev.o
  CC [M]  fs/squashfs/xz_wrapper.o
  CC [M]  fs/nfs/blocklayout/extent_tree.o
  CC [M]  fs/netfs/read_retry.o
  CC [M]  sound/usb/clock.o
  CC [M]  drivers/misc/ntsync.o
  CC [M]  fs/squashfs/zlib_wrapper.o
  CC [M]  sound/usb/endpoint.o
  LD [M]  net/netfilter/ipvs/ip_vs.o
  CC [M]  net/netfilter/nf_conntrack_core.o
  CC [M]  fs/netfs/read_single.o
  CC [M]  drivers/misc/hi6421v600-irq.o
  LD [M]  fs/nfs/filelayout/nfs_layout_nfsv41_files.o
  CC [M]  net/netfilter/nf_conntrack_standalone.o
  CC [M]  net/netfilter/nf_conntrack_expect.o
  LD [M]  fs/squashfs/squashfs.o
  CC [M]  net/netfilter/nf_conntrack_helper.o
  CC [M]  fs/nfs/blocklayout/rpc_pipefs.o
  CC [M]  fs/netfs/rolling_buffer.o
  CC [M]  drivers/scsi/scsi.o
  CC [M]  sound/usb/fcp.o
  CC [M]  sound/usb/format.o
  CC [M]  net/netfilter/nf_conntrack_proto.o
  CC [M]  sound/usb/helper.o
  LD [M]  fs/nfs/blocklayout/blocklayoutdriver.o
  CC [M]  fs/nfs/flexfilelayout/flexfilelayout.o
  CC [M]  fs/netfs/write_collect.o
  CC [M]  fs/netfs/write_issue.o
  CC [M]  net/netfilter/nf_conntrack_proto_generic.o
  CC [M]  fs/netfs/write_retry.o
  CC [M]  sound/usb/implicit.o
  CC [M]  drivers/scsi/hosts.o
  CC [M]  fs/netfs/fscache_cache.o
  CC [M]  net/netfilter/nf_conntrack_proto_tcp.o
  CC [M]  net/netfilter/nf_conntrack_proto_udp.o
  CC [M]  fs/netfs/fscache_cookie.o
  CC [M]  sound/usb/mixer.o
  CC [M]  sound/usb/mixer_quirks.o
  CC [M]  drivers/scsi/scsi_ioctl.o
  CC [M]  fs/netfs/fscache_io.o
  CC [M]  fs/nfs/flexfilelayout/flexfilelayoutdev.o
  CC [M]  drivers/scsi/scsicam.o
  CC [M]  drivers/scsi/scsi_error.o
  CC [M]  net/netfilter/nf_conntrack_proto_icmp.o
  CC [M]  drivers/scsi/scsi_lib.o
  CC [M]  fs/netfs/fscache_main.o
  CC [M]  drivers/scsi/scsi_lib_dma.o
  CC [M]  sound/usb/mixer_scarlett.o
  CC [M]  net/netfilter/nf_conntrack_extend.o
  LD [M]  fs/nfs/flexfilelayout/nfs_layout_flexfiles.o
  CC [M]  fs/nfs/client.o
  CC [M]  fs/netfs/fscache_volume.o
  CC [M]  fs/nfs/dir.o
  CC [M]  fs/netfs/fscache_proc.o
  CC [M]  sound/usb/mixer_scarlett2.o
  CC [M]  net/netfilter/nf_conntrack_acct.o
  CC [M]  net/netfilter/nf_conntrack_seqadj.o
  CC [M]  drivers/scsi/scsi_scan.o
  GEN     drivers/scsi/scsi_devinfo_tbl.c
  CC [M]  net/netfilter/nf_conntrack_proto_icmpv6.o
  LD [M]  fs/netfs/netfs.o
  CC [M]  fs/nfsd/trace.o
  CC [M]  fs/nfs/file.o
  CC [M]  net/netfilter/nf_conntrack_ecache.o
  CC [M]  net/netfilter/nf_conntrack_proto_sctp.o
  CC [M]  drivers/scsi/scsi_devinfo.o
  CC [M]  drivers/scsi/scsi_sysctl.o
  CC [M]  drivers/scsi/scsi_proc.o
  CC [M]  drivers/scsi/scsi_debugfs.o
  CC [M]  fs/nfs/getroot.o
  CC [M]  fs/nfs/inode.o
  CC [M]  fs/nfs/super.o
  CC [M]  net/netfilter/nf_nat_core.o
  CC [M]  sound/usb/mixer_us16x08.o
  CC [M]  net/netfilter/nf_nat_proto.o
  CC [M]  drivers/scsi/scsi_trace.o
  CC [M]  net/netfilter/nf_nat_helper.o
  CC [M]  sound/usb/mixer_s1810c.o
  CC [M]  drivers/scsi/scsi_logging.o
  CC [M]  drivers/scsi/scsi_pm.o
  CC [M]  fs/nfs/io.o
  CC [M]  drivers/scsi/scsi_bsg.o
  CC [M]  sound/usb/pcm.o
  CC [M]  net/netfilter/nf_nat_redirect.o
  CC [M]  net/netfilter/nf_nat_masquerade.o
  CC [M]  drivers/scsi/scsi_common.o
  CC [M]  fs/nfsd/nfssvc.o
  CC [M]  fs/nfs/direct.o
  CC [M]  fs/nfsd/nfsctl.o
  CC [M]  drivers/scsi/scsi_sysfs.o
  CC [M]  sound/usb/power.o
  CC [M]  fs/nfs/pagelist.o
  CC [M]  net/netfilter/nf_synproxy_core.o
  CC [M]  sound/usb/proc.o
  CC [M]  sound/usb/quirks.o
  CC [M]  net/netfilter/nf_conncount.o
  LD [M]  drivers/scsi/scsi_mod.o
  CC [M]  drivers/net/phy/mdio_bus.o
  CC [M]  net/netfilter/nf_dup_netdev.o
  CC [M]  fs/nfsd/nfsfh.o
  CC [M]  sound/usb/stream.o
  CC [M]  fs/nfs/read.o
  CC [M]  sound/usb/validate.o
  CC [M]  fs/nfs/symlink.o
  CC [M]  drivers/net/phy/mdio_device.o
  CC [M]  drivers/net/phy/phylink.o
  CC [M]  net/netfilter/nf_tables_core.o
  CC [M]  fs/nfsd/vfs.o
  CC [M]  sound/usb/midi2.o
  CC [M]  net/netfilter/nf_tables_api.o
  CC [M]  fs/nfsd/export.o
  CC [M]  fs/nfsd/auth.o
  CC [M]  fs/nfs/unlink.o
  CC [M]  net/netfilter/nft_chain_filter.o
  CC [M]  sound/usb/midi.o
  CC [M]  net/netfilter/nf_tables_trace.o
  CC [M]  drivers/net/phy/phy.o
  CC [M]  drivers/net/phy/phy-c45.o
  CC [M]  fs/nfs/write.o
  CC [M]  drivers/net/phy/phy-core.o
  CC [M]  fs/nfsd/lockd.o
  LD [M]  sound/usb/snd-usb-audio.o
  LD [M]  sound/usb/snd-usbmidi-lib.o
  CC [M]  sound/sound_core.o
  CC [M]  drivers/net/phy/phy_device.o
  LD [M]  sound/soundcore.o
  CC [M]  fs/nfsd/nfscache.o
  CC [M]  fs/nfsd/stats.o
  CC [M]  drivers/net/phy/linkmode.o
  CC [M]  fs/nfsd/filecache.o
  CC [M]  fs/nfs/namespace.o
  CC [M]  drivers/net/phy/phy_link_topology.o
  CC [M]  drivers/net/phy/phy_caps.o
  CC [M]  fs/nfs/mount_clnt.o
  CC [M]  drivers/net/phy/mdio_bus_provider.o
  CC [M]  drivers/net/phy/phy_port.o
  CC [M]  fs/nfsd/nfs3proc.o
  CC [M]  fs/nfsd/nfs3xdr.o
  CC [M]  fs/nfsd/netlink.o
  CC [M]  fs/nfs/nfstrace.o
  CC [M]  fs/nfs/export.o
  CC [M]  fs/nfsd/nfs3acl.o
  CC [M]  drivers/net/phy/swphy.o
  CC [M]  net/netfilter/nft_immediate.o
  CC [M]  drivers/net/phy/mdio_devres.o
  CC [M]  fs/lockd/clntlock.o
  CC [M]  fs/lockd/clntproc.o
  CC [M]  fs/smb/common/cifs_md4.o
  CC [M]  fs/nfs/sysfs.o
  CC [M]  drivers/net/phy/ax88796b.o
  CC [M]  net/netfilter/nft_cmp.o
  CC [M]  fs/nfsd/nfs4proc.o
  CC [M]  fs/smb/client/trace.o
  CC [M]  fs/nfsd/nfs4xdr.o
  CC [M]  fs/lockd/clntxdr.o
  CC [M]  drivers/net/phy/fixed_phy.o
  CC [M]  net/netfilter/nft_range.o
  CC [M]  fs/nfsd/nfs4state.o
  LD [M]  drivers/net/phy/mdio-bus.o
  LD [M]  drivers/net/phy/libphy.o
  CC [M]  drivers/net/mdio/fwnode_mdio.o
  CC [M]  fs/lockd/host.o
  CC [M]  net/netfilter/nft_bitwise.o
  CC [M]  fs/nfs/fs_context.o
  CC [M]  fs/nfs/sysctl.o
  CC [M]  drivers/net/mdio/of_mdio.o
  CC [M]  fs/lockd/svc.o
  CC [M]  net/netfilter/nft_byteorder.o
  CC [M]  net/netfilter/nft_payload.o
  CC [M]  net/netfilter/nft_lookup.o
  CC [M]  fs/nfs/fscache.o
  CC [M]  drivers/net/ipvlan/ipvlan_core.o
  CC [M]  fs/smb/client/cifsfs.o
  CC [M]  drivers/net/ipvlan/ipvlan_main.o
  CC [M]  fs/lockd/svclock.o
  CC [M]  fs/smb/client/cifs_debug.o
  CC [M]  net/netfilter/nft_dynset.o
  CC [M]  fs/nfs/nfs3super.o
  CC [M]  fs/nfs/nfs3client.o
  CC [M]  drivers/net/ipvlan/ipvlan_l3s.o
  CC [M]  fs/lockd/svcshare.o
  CC [M]  fs/lockd/svcproc.o
  CC [M]  net/netfilter/nft_meta.o
  CC [M]  fs/nfsd/nfs4idmap.o
  CC [M]  net/netfilter/nft_rt.o
  CC [M]  fs/nfs/nfs3proc.o
  CC [M]  fs/smb/client/connect.o
  CC [M]  net/netfilter/nft_exthdr.o
  LD [M]  drivers/net/ipvlan/ipvlan.o
  CC [M]  drivers/net/wireguard/main.o
  CC [M]  fs/lockd/svcsubs.o
  CC [M]  drivers/net/wireguard/noise.o
  CC [M]  drivers/net/vxlan/vxlan_core.o
  CC [M]  fs/nfsd/nfs4acl.o
  CC [M]  fs/nfs/nfs3xdr.o
  CC [M]  drivers/net/wireguard/device.o
  CC [M]  net/netfilter/nft_last.o
  CC [M]  fs/lockd/mon.o
  CC [M]  net/netfilter/nft_counter.o
  CC [M]  fs/nfsd/nfs4callback.o
  CC [M]  drivers/net/wireguard/peer.o
  CC [M]  drivers/net/wireguard/timers.o
  CC [M]  fs/lockd/trace.o
  CC [M]  fs/nfs/nfs4proc.o
  CC [M]  fs/smb/client/dir.o
  CC [M]  net/netfilter/nft_objref.o
  CC [M]  net/netfilter/nft_inner.o
  CC [M]  drivers/net/wireguard/queueing.o
  CC [M]  fs/lockd/xdr.o
  CC [M]  fs/nfsd/nfs4recover.o
  CC [M]  drivers/net/vxlan/vxlan_multicast.o
  CC [M]  fs/lockd/netlink.o
  CC [M]  fs/smb/client/file.o
  CC [M]  net/netfilter/nft_chain_route.o
  CC [M]  drivers/net/wireguard/send.o
  CC [M]  net/netfilter/nf_tables_offload.o
  CC [M]  fs/lockd/clnt4xdr.o
  CC [M]  fs/nfsd/nfs4xdr_gen.o
  CC [M]  drivers/net/vxlan/vxlan_vnifilter.o
  CC [M]  drivers/net/wireguard/receive.o
  CC [M]  fs/lockd/xdr4.o
  CC [M]  net/netfilter/nft_set_hash.o
  CC [M]  fs/smb/client/inode.o
  CC [M]  fs/nfsd/nfs4layouts.o
  CC [M]  drivers/net/vxlan/vxlan_mdb.o
  CC [M]  fs/lockd/svc4proc.o
  CC [M]  drivers/net/wireguard/socket.o
  CC [M]  fs/nfsd/blocklayout.o
  CC [M]  net/netfilter/nft_set_bitmap.o
  CC [M]  fs/nfs/nfs4xdr.o
  CC [M]  net/netfilter/nft_set_rbtree.o
  CC [M]  fs/lockd/procfs.o
  CC [M]  drivers/net/wireguard/peerlookup.o
  LD [M]  drivers/net/vxlan/vxlan.o
  CC [M]  net/netfilter/nft_set_pipapo.o
  CC [M]  fs/nfsd/blocklayoutxdr.o
  CC [M]  net/netfilter/nft_compat.o
  CC [M]  fs/smb/client/link.o
  LD [M]  fs/lockd/lockd.o
  CC [M]  net/netfilter/nft_connlimit.o
  CC [M]  drivers/net/wireguard/allowedips.o
  CC [M]  fs/ntfs3/attrib.o
  CC [M]  fs/nfsd/debugfs.o
  CC [M]  drivers/net/wireguard/ratelimiter.o
  CC [M]  net/netfilter/nft_numgen.o
  CC [M]  fs/smb/client/misc.o
  CC [M]  fs/ntfs3/attrlist.o
  CC [M]  fs/ntfs3/bitfunc.o
  LD [M]  fs/nfsd/nfsd.o
  CC [M]  net/netfilter/nft_ct.o
  CC [M]  drivers/net/wireguard/cookie.o
  CC [M]  net/netfilter/nft_limit.o
  CC [M]  net/netfilter/nft_nat.o
  CC [M]  fs/nfs/nfs4state.o
  CC [M]  fs/ntfs3/bitmap.o
  CC [M]  fs/ntfs3/dir.o
  CC [M]  fs/smb/client/netmisc.o
  CC [M]  drivers/net/wireguard/netlink.o
  CC [M]  drivers/net/wireguard/generated/netlink.o
  CC [M]  net/netfilter/nft_quota.o
  CC [M]  fs/nfs/nfs4renewd.o
  CC [M]  fs/smb/client/smbencrypt.o
  CC [M]  fs/ntfs3/fsntfs.o
  CC [M]  fs/smb/client/transport.o
  CC [M]  net/netfilter/nft_reject.o
  CC [M]  fs/smb/client/cached_dir.o
  CC [M]  fs/ntfs3/frecord.o
  CC [M]  fs/ntfs3/file.o
  LD [M]  drivers/net/wireguard/wireguard.o
  CC [M]  drivers/net/usb/r8152.o
  CC [M]  fs/nfs/nfs4super.o
  CC [M]  fs/nfs/nfs4file.o
  CC [M]  net/netfilter/nft_reject_inet.o
  CC [M]  net/netfilter/nft_reject_netdev.o
  CC [M]  net/netfilter/nft_tunnel.o
  CC [M]  fs/nfs/delegation.o
  CC [M]  fs/smb/client/cifs_unicode.o
  CC [M]  fs/ntfs3/fslog.o
  CC [M]  fs/smb/client/nterr.o
  CC [M]  fs/smb/client/cifsencrypt.o
  CC [M]  fs/ntfs3/inode.o
  CC [M]  net/netfilter/nft_log.o
  CC [M]  fs/nfs/nfs4idmap.o
  CC [M]  fs/smb/client/readdir.o
  CC [M]  fs/smb/client/ioctl.o
  CC [M]  fs/nfs/callback.o
  CC [M]  net/netfilter/nft_masq.o
  CC [M]  net/netfilter/nft_redir.o
  CC [M]  fs/ntfs3/index.o
  CC [M]  drivers/net/usb/asix_devices.o
  CC [M]  drivers/net/usb/asix_common.o
  CC [M]  drivers/net/usb/ax88172a.o
  CC [M]  fs/smb/client/sess.o
  CC [M]  net/netfilter/nft_hash.o
  CC [M]  fs/nfs/callback_xdr.o
  CC [M]  fs/nfs/callback_proc.o
  CC [M]  fs/ntfs3/lznt.o
  CC [M]  fs/smb/client/export.o
  CC [M]  fs/nfs/nfs4namespace.o
  CC [M]  drivers/net/usb/ax88179_178a.o
  CC [M]  net/netfilter/nft_fib.o
  CC [M]  fs/ntfs3/namei.o
  CC [M]  fs/ntfs3/record.o
  CC [M]  net/netfilter/nft_socket.o
  CC [M]  fs/smb/client/unc.o
  CC [M]  net/netfilter/nft_osf.o
  CC [M]  fs/nfs/nfs4getroot.o
  CC [M]  drivers/net/usb/cdc_ether.o
  CC [M]  drivers/net/usb/net1080.o
  CC [M]  fs/ntfs3/run.o
  CC [M]  fs/ntfs3/super.o
  CC [M]  fs/ntfs3/upcase.o
  CC [M]  fs/smb/client/winucase.o
  CC [M]  fs/smb/client/smb2ops.o
  CC [M]  fs/nfs/nfs4client.o
  CC [M]  net/netfilter/nft_tproxy.o
  CC [M]  net/netfilter/nft_synproxy.o
  CC [M]  net/netfilter/nft_chain_nat.o
  CC [M]  drivers/net/usb/rndis_host.o
  CC [M]  drivers/net/usb/cdc_subset.o
  CC [M]  fs/ntfs3/xattr.o
  CC [M]  fs/nfs/nfs4session.o
  CC [M]  fs/nfs/dns_resolve.o
  CC [M]  net/netfilter/nft_dup_netdev.o
  CC [M]  drivers/net/usb/zaurus.o
  CC [M]  fs/nfs/nfs4trace.o
  GEN     fs/smb/client/smb2_mapping_table.c
  CC [M]  net/netfilter/nft_fwd_netdev.o
  LD [M]  fs/ntfs3/ntfs3.o
  CC [M]  drivers/net/usb/usbnet.o
  CC [M]  net/netfilter/nf_flow_table_core.o
  CC [M]  fs/fuse/trace.o
  CC [M]  net/netfilter/nf_flow_table_ip.o
  CC [M]  fs/fuse/dev.o
  CC [M]  fs/fuse/dir.o
  CC [M]  fs/smb/client/smb2transport.o
  CC [M]  net/netfilter/nf_flow_table_path.o
  CC [M]  drivers/net/usb/cdc_ncm.o
  CC [M]  net/netfilter/nf_flow_table_offload.o
  CC [M]  drivers/net/usb/r8153_ecm.o
  CC [M]  net/netfilter/nf_flow_table_xdp.o
  CC [M]  fs/fuse/file.o
  CC [M]  drivers/usb/storage/uas.o
  CC [M]  fs/smb/client/smb2misc.o
  CC [M]  drivers/usb/storage/scsiglue.o
  LD [M]  drivers/net/usb/asix.o
  CC [M]  drivers/net/dummy.o
  CC [M]  drivers/usb/storage/protocol.o
  CC [M]  net/netfilter/x_tables.o
  CC [M]  drivers/net/macvlan.o
  CC [M]  drivers/net/mii.o
  CC [M]  drivers/usb/storage/transport.o
  CC [M]  net/netfilter/xt_tcpudp.o
  CC [M]  fs/fuse/inode.o
  CC [M]  fs/nfs/pnfs.o
  CC [M]  fs/smb/client/smb2pdu.o
  CC [M]  fs/fuse/control.o
  CC [M]  drivers/usb/storage/usb.o
  CC [M]  net/netfilter/xt_mark.o
  CC [M]  drivers/net/tun.o
  CC [M]  net/ipv4/netfilter/nf_defrag_ipv4.o
  CC [M]  net/ipv4/netfilter/nf_reject_ipv4.o
  CC [M]  fs/fuse/xattr.o
  CC [M]  drivers/usb/storage/initializers.o
  CC [M]  net/netfilter/xt_nat.o
  CC [M]  fs/fuse/acl.o
  CC [M]  net/ipv4/netfilter/nft_reject_ipv4.o
  CC [M]  drivers/usb/storage/sierra_ms.o
  CC [M]  fs/nfs/pnfs_dev.o
  CC [M]  drivers/usb/storage/option_ms.o
  CC [M]  net/netfilter/xt_CHECKSUM.o
  CC [M]  fs/fuse/readdir.o
  CC [M]  fs/nfs/pnfs_nfs.o
  CC [M]  net/ipv4/netfilter/nft_fib_ipv4.o
  CC [M]  drivers/usb/storage/usual-tables.o
  CC [M]  fs/smb/client/smb2inode.o
  CC [M]  fs/nfs/nfs4sysctl.o
  CC [M]  drivers/net/veth.o
  CC [M]  net/netfilter/xt_LOG.o
  LD [M]  drivers/usb/storage/usb-storage.o
  CC [M]  fs/fuse/ioctl.o
  CC [M]  drivers/usb/gadget/function/f_serial.o
  CC [M]  net/ipv4/netfilter/ip_tables.o
  CC [M]  net/ipv4/netfilter/iptable_filter.o
  CC [M]  drivers/usb/gadget/function/f_ncm.o
  CC [M]  fs/nfs/nfs40client.o
  CC [M]  fs/fuse/iomode.o
  CC [M]  net/netfilter/xt_REDIRECT.o
  CC [M]  net/netfilter/xt_MASQUERADE.o
  CC [M]  fs/fuse/passthrough.o
  CC [M]  fs/smb/client/smb2file.o
  CC [M]  drivers/input/joystick/xpad.o
  CC [M]  fs/nfs/nfs40proc.o
  CC [M]  net/ipv4/netfilter/iptable_mangle.o
  CC [M]  drivers/usb/gadget/function/f_eem.o
  CC [M]  fs/nfs/nfs42proc.o
  CC [M]  fs/fuse/backing.o
  CC [M]  net/netfilter/xt_TCPMSS.o
  CC [M]  net/ipv4/netfilter/iptable_nat.o
  CC [M]  drivers/input/rmi4/rmi_bus.o
  CC [M]  fs/smb/client/cifsacl.o
  CC [M]  drivers/usb/gadget/function/f_rndis.o
  CC [M]  fs/smb/client/fs_context.o
  CC [M]  fs/fuse/sysctl.o
  CC [M]  drivers/input/rmi4/rmi_driver.o
  CC [M]  net/netfilter/xt_addrtype.o
  CC [M]  net/ipv4/netfilter/iptable_raw.o
  CC [M]  fs/fuse/dev_uring.o
  CC [M]  fs/nfs/nfs42xattr.o
  CC [M]  drivers/usb/gadget/function/rndis.o
  CC [M]  drivers/input/rmi4/rmi_f01.o
  CC [M]  drivers/input/rmi4/rmi_2d_sensor.o
  CC [M]  net/ipv4/netfilter/ipt_REJECT.o
  CC [M]  fs/smb/client/dns_resolve.o
  CC [M]  net/netfilter/xt_comment.o
  LD [M]  fs/fuse/fuse.o
  CC [M]  net/netfilter/xt_conntrack.o
  LD [M]  fs/nfs/nfs.o
  CC [M]  drivers/usb/gadget/function/f_fs.o
  LD [M]  fs/nfs/nfsv3.o
  LD [M]  fs/nfs/nfsv4.o
  LD [M]  drivers/usb/gadget/function/usb_f_serial.o
  CC [M]  net/netfilter/xt_ipvs.o
  LD [M]  drivers/usb/gadget/function/usb_f_ncm.o
  CC [M]  drivers/input/rmi4/rmi_f03.o
  ASN.1   fs/smb/client/cifs_spnego_negtokeninit.asn1.[ch]
  CC [M]  fs/overlayfs/super.o
  CC [M]  drivers/input/rmi4/rmi_f11.o
  CC [M]  net/ipv4/udp_tunnel_core.o
  CC [M]  fs/smb/client/namespace.o
  CC [M]  fs/smb/client/reparse.o
  CC [M]  fs/overlayfs/namei.o
  CC [M]  net/netfilter/xt_multiport.o
  CC [M]  drivers/input/rmi4/rmi_f12.o
  CC [M]  fs/smb/client/cifssmb.o
  CC [M]  net/ipv4/udp_tunnel_nic.o
  CC [M]  drivers/input/rmi4/rmi_f30.o
  LD [M]  drivers/usb/gadget/function/usb_f_eem.o
  LD [M]  drivers/usb/gadget/function/usb_f_rndis.o
  LD [M]  drivers/usb/gadget/function/usb_f_fs.o
  CC [M]  fs/overlayfs/util.o
  CC [M]  drivers/input/rmi4/rmi_f3a.o
  CC [M]  drivers/usb/class/usblp.o
  CC [M]  net/netfilter/xt_statistic.o
  CC [M]  fs/udf/balloc.o
  CC [M]  fs/xfs/xfs_trace.o
  LD [M]  drivers/input/rmi4/rmi_core.o
  CC [M]  drivers/input/ff-memless.o
  LD [M]  net/ipv4/udp_tunnel.o
  CC [M]  fs/xfs/libxfs/xfs_group.o
  CC [M]  drivers/usb/serial/usb-serial.o
  CC [M]  net/netfilter/xt_tcpmss.o
  CC [M]  fs/udf/dir.o
  CC [M]  fs/overlayfs/inode.o
  CC [M]  drivers/input/vivaldi-fmap.o
  CC [M]  drivers/input/input-leds.o
  CC [M]  fs/udf/file.o
  CC [M]  drivers/usb/serial/generic.o
  LD [M]  net/netfilter/nf_conntrack.o
  CC [M]  fs/overlayfs/file.o
  CC [M]  drivers/input/evdev.o
  LD [M]  net/netfilter/nf_nat.o
  LD [M]  net/netfilter/nf_tables.o
  LD [M]  net/netfilter/nf_flow_table.o
  CC [M]  fs/smb/client/smb1debug.o
  CC [M]  fs/udf/ialloc.o
  CC [M]  drivers/usb/serial/bus.o
  CC [M]  fs/smb/client/smb1encrypt.o
  CC [M]  fs/overlayfs/dir.o
  CC [M]  fs/overlayfs/readdir.o
  CC [M]  fs/udf/inode.o
  CC [M]  drivers/usb/serial/cp210x.o
  CC [M]  fs/udf/lowlevel.o
  CC [M]  fs/smb/client/smb1maperror.o
  CC [M]  net/ipv6/netfilter/ip6_tables.o
  CC [M]  fs/overlayfs/copy_up.o
  CC [M]  fs/overlayfs/export.o
  CC [M]  fs/udf/namei.o
  CC [M]  drivers/usb/serial/usb-serial-simple.o
  CC [M]  fs/overlayfs/params.o
  CC [M]  fs/smb/client/smb1misc.o
  CC [M]  fs/overlayfs/xattrs.o
  LD [M]  drivers/usb/serial/usbserial.o
  CC [M]  fs/udf/partition.o
  CC [M]  net/ipv6/netfilter/ip6table_filter.o
  CC [M]  net/8021q/vlan.o
  CC [M]  net/8021q/vlan_dev.o
  LD [M]  fs/overlayfs/overlay.o
  CC [M]  fs/cachefiles/cache.o
  CC [M]  fs/smb/client/smb1ops.o
  CC [M]  fs/udf/super.o
  CC [M]  drivers/md/persistent-data/dm-array.o
  CC [M]  net/ipv6/netfilter/ip6table_mangle.o
  CC [M]  fs/smb/client/smb1session.o
  CC [M]  fs/cachefiles/daemon.o
  CC [M]  net/8021q/vlan_netlink.o
  CC [M]  drivers/md/persistent-data/dm-bitset.o
  CC [M]  drivers/md/persistent-data/dm-block-manager.o
  CC [M]  net/ipv6/netfilter/ip6table_raw.o
  CC [M]  fs/udf/truncate.o
  CC [M]  drivers/md/persistent-data/dm-space-map-common.o
  CC [M]  net/8021q/vlanproc.o
  CC [M]  fs/cachefiles/interface.o
  CC [M]  fs/smb/client/smb1transport.o
  CC [M]  drivers/md/persistent-data/dm-space-map-disk.o
  CC [M]  fs/udf/symlink.o
  CC [M]  net/ipv6/netfilter/ip6table_nat.o
  LD [M]  net/8021q/8021q.o
  CC [M]  fs/udf/directory.o
  CC [M]  drivers/md/persistent-data/dm-space-map-metadata.o
  CC [M]  fs/cachefiles/io.o
  CC [M]  fs/cachefiles/key.o
  CC [M]  fs/cachefiles/main.o
  CC [M]  fs/smb/client/smb2maperror.o
  CC [M]  drivers/md/persistent-data/dm-transaction-manager.o
  CC [M]  fs/udf/misc.o
  CC [M]  fs/udf/udftime.o
  CC [M]  net/ipv6/netfilter/nf_defrag_ipv6_hooks.o
  CC [M]  fs/smb/client/cifs_spnego_negtokeninit.asn1.o
  CC [M]  fs/cachefiles/namei.o
  CC [M]  drivers/md/persistent-data/dm-btree.o
  CC [M]  drivers/md/persistent-data/dm-btree-remove.o
  CC [M]  fs/udf/unicode.o
  CC [M]  fs/smb/client/asn1.o
  CC [M]  net/ipv6/netfilter/nf_conntrack_reasm.o
  CC [M]  net/ipv6/netfilter/nf_reject_ipv6.o
  CC [M]  fs/cachefiles/security.o
  LD [M]  fs/udf/udf.o
  CC [M]  drivers/accessibility/speakup/speakup_acntsa.o
  CC [M]  drivers/accessibility/speakup/speakup_apollo.o
  CC [M]  drivers/md/persistent-data/dm-btree-spine.o
  CC [M]  fs/xfs/libxfs/xfs_ag.o
  LD [M]  fs/smb/client/cifs.o
  CC [M]  drivers/accessibility/speakup/speakup_audptr.o
  CC [M]  drivers/accessibility/speakup/speakup_bns.o
  CC [M]  drivers/accessibility/speakup/speakup_dectlk.o
  CC [M]  fs/cachefiles/volume.o
  CC [M]  net/ipv6/netfilter/nft_reject_ipv6.o
  CC [M]  net/ipv6/netfilter/nft_fib_ipv6.o
  LD [M]  drivers/md/persistent-data/dm-persistent-data.o
  CC [M]  drivers/md/dm-bufio.o
  CC [M]  drivers/accessibility/speakup/speakup_decext.o
  CC [M]  drivers/md/dm-bio-prison-v1.o
  CC [M]  drivers/accessibility/speakup/speakup_ltlk.o
  CC [M]  fs/cachefiles/xattr.o
  CC [M]  net/ipv6/netfilter/ip6t_REJECT.o
  CC [M]  drivers/md/dm-bio-prison-v2.o
  CC [M]  fs/xfs/libxfs/xfs_ag_resv.o
  CC [M]  drivers/accessibility/speakup/speakup_soft.o
  CC [M]  drivers/accessibility/speakup/speakup_spkout.o
  CC [M]  fs/efivarfs/inode.o
  CC [M]  drivers/md/dm-thin.o
  LD [M]  fs/cachefiles/cachefiles.o
  CC [M]  drivers/md/dm-thin-metadata.o
  CC [M]  drivers/md/dm-verity-target.o
  CC [M]  fs/efivarfs/file.o
  CC [M]  drivers/accessibility/speakup/speakup_txprt.o
  CC [M]  fs/efivarfs/super.o
  LD [M]  net/ipv6/netfilter/nf_defrag_ipv6.o
  CC [M]  net/ipv6/ip6_udp_tunnel.o
  CC [M]  drivers/accessibility/speakup/buffers.o
  CC [M]  drivers/md/dm-integrity.o
  CC [M]  fs/xfs/libxfs/xfs_alloc.o
  CC [M]  drivers/accessibility/speakup/devsynth.o
  CC [M]  fs/efivarfs/vars.o
  CC [M]  drivers/accessibility/speakup/i18n.o
  CC [M]  drivers/accessibility/speakup/fakekey.o
  HOSTCC  drivers/accessibility/speakup/makemapdata.o
  CC [M]  fs/erofs/super.o
  CC [M]  fs/erofs/inode.o
  CC [M]  net/llc/llc_core.o
  CC [M]  drivers/accessibility/speakup/keyhelp.o
  CC [M]  net/bridge/br.o
  LD [M]  fs/efivarfs/efivarfs.o
  CC [M]  net/bridge/br_device.o
  CC [M]  net/bridge/br_fdb.o
  CC [M]  net/llc/llc_input.o
  CC [M]  drivers/accessibility/speakup/kobjects.o
  CC [M]  fs/erofs/data.o
  CC [M]  net/llc/llc_output.o
  CC [M]  fs/erofs/namei.o
  CC [M]  fs/xfs/libxfs/xfs_alloc_btree.o
  CC [M]  fs/xfs/libxfs/xfs_attr.o
  LD [M]  drivers/md/dm-bio-prison.o
  LD [M]  drivers/md/dm-thin-pool.o
  LD [M]  drivers/md/dm-verity.o
  CC [M]  fs/xfs/libxfs/xfs_attr_leaf.o
  CC [M]  drivers/accessibility/speakup/selection.o
  CC [M]  fs/xfs/libxfs/xfs_attr_remote.o
  CC [M]  fs/erofs/dir.o
  LD [M]  net/llc/llc.o
  CC [M]  fs/erofs/sysfs.o
  CC [M]  drivers/accessibility/speakup/spk_ttyio.o
  CC [M]  net/bridge/br_forward.o
  CC [M]  net/bridge/br_if.o
  CC [M]  fs/erofs/xattr.o
  CC [M]  net/bridge/br_input.o
  CC [M]  drivers/accessibility/speakup/synth.o
  CC [M]  net/bluetooth/hidp/core.o
  CC [M]  net/bluetooth/hidp/sock.o
  CC [M]  fs/xfs/libxfs/xfs_bit.o
  CC [M]  fs/erofs/decompressor.o
  CC [M]  net/bridge/br_ioctl.o
  CC [M]  drivers/accessibility/speakup/thread.o
  CC [M]  fs/erofs/zmap.o
  CC [M]  fs/xfs/libxfs/xfs_bmap.o
  CC [M]  fs/erofs/zdata.o
  CC [M]  fs/xfs/libxfs/xfs_bmap_btree.o
  CC [M]  drivers/accessibility/speakup/varhandlers.o
  LD [M]  net/bluetooth/hidp/hidp.o
  CC [M]  net/bluetooth/af_bluetooth.o
  CC [M]  fs/xfs/libxfs/xfs_btree.o
  CC [M]  net/bridge/br_stp.o
  CC [M]  fs/xfs/libxfs/xfs_btree_staging.o
  HOSTLD  drivers/accessibility/speakup/makemapdata
  MKMAP   drivers/accessibility/speakup/mapdata.h
  HOSTCC  drivers/accessibility/speakup/genmap.o
  HOSTLD  drivers/accessibility/speakup/genmap
  GENMAP  drivers/accessibility/speakup/speakupmap.h
  CC [M]  drivers/accessibility/speakup/main.o
  CC [M]  fs/erofs/zutil.o
  CC [M]  net/bluetooth/hci_core.o
  CC [M]  net/bridge/br_stp_bpdu.o
  CC [M]  net/bridge/br_stp_if.o
  CC [M]  net/bluetooth/hci_conn.o
  CC [M]  fs/erofs/decompressor_lzma.o
  LD [M]  drivers/accessibility/speakup/speakup.o
  CC [M]  net/bluetooth/hci_event.o
  CC [M]  fs/erofs/decompressor_deflate.o
  CC [M]  net/bridge/br_stp_timer.o
  CC [M]  fs/xfs/libxfs/xfs_da_btree.o
  CC [M]  fs/xfs/libxfs/xfs_defer.o
  CC [M]  fs/erofs/decompressor_zstd.o
  CC [M]  net/bridge/br_netlink.o
  CC [M]  fs/xfs/libxfs/xfs_dir2.o
  CC [M]  fs/erofs/fileio.o
  CC [M]  drivers/hid/uhid.o
  CC [M]  drivers/hid/hid-generic.o
  CC [M]  fs/xfs/libxfs/xfs_dir2_block.o
  LD [M]  fs/erofs/erofs.o
  CC [M]  drivers/hid/hid-a4tech.o
  CC [M]  drivers/hid/hid-accutouch.o
  CC [M]  drivers/hid/hid-alps.o
  CC [M]  net/bridge/br_netlink_tunnel.o
  CC [M]  net/bridge/br_arp_nd_proxy.o
  CC [M]  fs/xfs/libxfs/xfs_dir2_data.o
  CC [M]  fs/xfs/libxfs/xfs_dir2_leaf.o
  CC [M]  fs/xfs/libxfs/xfs_dir2_node.o
  CC [M]  net/bluetooth/mgmt.o
  CC [M]  drivers/hid/hid-axff.o
  CC [M]  net/bluetooth/hci_sock.o
  CC [M]  net/bluetooth/hci_sysfs.o
  CC [M]  net/bridge/br_sysfs_if.o
  CC [M]  drivers/hid/hid-apple.o
  CC [M]  net/bridge/br_sysfs_br.o
  CC [M]  net/bluetooth/l2cap_core.o
  CC [M]  drivers/hid/hid-appleir.o
  CC [M]  drivers/hid/hid-creative-sb0540.o
  CC [M]  fs/xfs/libxfs/xfs_dir2_sf.o
  CC [M]  net/bridge/br_nf_core.o
  CC [M]  net/bridge/br_multicast.o
  CC [M]  net/bluetooth/l2cap_sock.o
  CC [M]  net/bridge/br_mdb.o
  CC [M]  drivers/hid/hid-aureal.o
  CC [M]  net/sunrpc/auth_gss/auth_gss.o
  CC [M]  drivers/hid/hid-belkin.o
  CC [M]  fs/xfs/libxfs/xfs_dquot_buf.o
  CC [M]  drivers/hid/hid-betopff.o
  CC [M]  drivers/hid/hid-bigbenff.o
  CC [M]  drivers/hid/hid-cherry.o
  CC [M]  fs/xfs/libxfs/xfs_exchmaps.o
  CC [M]  net/sunrpc/auth_gss/gss_mech_switch.o
  CC [M]  drivers/hid/hid-chicony.o
  CC [M]  net/bluetooth/smp.o
  CC [M]  drivers/hid/hid-cmedia.o
  CC [M]  net/sunrpc/auth_gss/svcauth_gss.o
  CC [M]  net/bridge/br_multicast_eht.o
  CC [M]  net/sunrpc/auth_gss/gss_rpc_upcall.o
  CC [M]  drivers/hid/hid-corsair.o
  CC [M]  net/sunrpc/auth_gss/gss_rpc_xdr.o
  CC [M]  drivers/hid/hid-corsair-void.o
  CC [M]  fs/xfs/libxfs/xfs_ialloc.o
  CC [M]  net/bridge/br_vlan.o
  CC [M]  net/bridge/br_vlan_tunnel.o
  CC [M]  net/sunrpc/auth_gss/trace.o
  CC [M]  fs/xfs/libxfs/xfs_ialloc_btree.o
  CC [M]  drivers/hid/hid-cougar.o
  CC [M]  drivers/hid/hid-cp2112.o
  CC [M]  net/bluetooth/lib.o
  CC [M]  net/bluetooth/ecdh_helper.o
  CC [M]  net/bluetooth/mgmt_util.o
  CC [M]  drivers/hid/hid-cypress.o
  CC [M]  drivers/hid/hid-dr.o
  CC [M]  drivers/hid/hid-emsff.o
  CC [M]  fs/xfs/libxfs/xfs_iext_tree.o
  CC [M]  net/bridge/br_vlan_options.o
  CC [M]  fs/xfs/libxfs/xfs_inode_fork.o
  CC [M]  net/sunrpc/auth_gss/gss_krb5_mech.o
  CC [M]  net/bluetooth/mgmt_config.o
  CC [M]  net/bridge/br_mst.o
  CC [M]  net/bluetooth/hci_codec.o
  CC [M]  drivers/hid/hid-elan.o
  CC [M]  net/sunrpc/auth_gss/gss_krb5_seal.o
  CC [M]  net/bluetooth/eir.o
  CC [M]  net/rfkill/core.o
  CC [M]  drivers/hid/hid-elecom.o
  CC [M]  net/sunrpc/auth_gss/gss_krb5_unseal.o
  CC [M]  fs/xfs/libxfs/xfs_inode_buf.o
  CC [M]  drivers/hid/hid-elo.o
  CC [M]  net/bridge/br_netfilter_hooks.o
  CC [M]  net/bridge/br_netfilter_ipv6.o
  LD [M]  net/bridge/bridge.o
  LD [M]  net/rfkill/rfkill.o
  CC [M]  net/bluetooth/hci_sync.o
  CC [M]  fs/xfs/libxfs/xfs_inode_util.o
  CC [M]  drivers/hid/hid-evision.o
  CC [M]  net/sunrpc/auth_gss/gss_krb5_wrap.o
  CC [M]  net/bluetooth/hci_drv.o
  CC [M]  drivers/hid/hid-ezkey.o
  CC [M]  drivers/hid/hid-ft260.o
  CC [M]  drivers/hid/hid-gembird.o
  LD [M]  net/bridge/br_netfilter.o
  CC [M]  fs/xfs/libxfs/xfs_log_rlimit.o
  CC [M]  fs/xfs/libxfs/xfs_metadir.o
  CC [M]  fs/xfs/libxfs/xfs_metafile.o
  CC [M]  net/sunrpc/auth_gss/gss_krb5_crypto.o
  CC [M]  drivers/hid/hid-gfrm.o
  CC [M]  net/sunrpc/auth_gss/gss_krb5_keys.o
  CC [M]  drivers/hid/hid-glorious.o
  LD [M]  net/sunrpc/auth_gss/auth_rpcgss.o
  CC [M]  drivers/hid/hid-vivaldi-common.o
  CC [M]  fs/xfs/libxfs/xfs_parent.o
  CC [M]  fs/xfs/libxfs/xfs_rmap.o
  CC [M]  net/bluetooth/coredump.o
  CC [M]  net/bluetooth/sco.o
  CC [M]  net/bluetooth/iso.o
  LD [M]  net/sunrpc/auth_gss/rpcsec_gss_krb5.o
  CC [M]  net/sunrpc/clnt.o
  CC [M]  drivers/hid/hid-goodix-spi.o
  CC [M]  net/sunrpc/xprt.o
  CC [M]  drivers/hid/hid-google-stadiaff.o
  CC [M]  drivers/hid/hid-vivaldi.o
  CC [M]  fs/xfs/libxfs/xfs_rmap_btree.o
  CC [M]  fs/xfs/libxfs/xfs_refcount.o
  CC [M]  net/bluetooth/hci_debugfs.o
  CC [M]  drivers/hid/hid-gt683r.o
  CC [M]  drivers/hid/hid-gyration.o
  CC [M]  drivers/hid/hid-holtek-kbd.o
  CC [M]  drivers/hid/hid-holtek-mouse.o
  CC [M]  net/sunrpc/socklib.o
  CC [M]  drivers/hid/hid-holtekff.o
  CC [M]  drivers/iio/accel/hid-sensor-accel-3d.o
  CC [M]  fs/xfs/libxfs/xfs_refcount_btree.o
  CC [M]  drivers/hid/hid-icade.o
  LD [M]  net/bluetooth/bluetooth.o
  CC [M]  drivers/hid/hid-ite.o
  CC [M]  fs/xfs/libxfs/xfs_rtrefcount_btree.o
  CC [M]  fs/xfs/libxfs/xfs_rtrmap_btree.o
  CC [M]  drivers/iio/buffer/industrialio-triggered-buffer.o
  CC [M]  drivers/iio/buffer/kfifo_buf.o
  CC [M]  net/sunrpc/xprtsock.o
  CC [M]  net/sunrpc/sched.o
  CC [M]  drivers/hid/hid-jabra.o
  CC [M]  drivers/hid/hid-kensington.o
  CC [M]  drivers/iio/common/hid-sensors/hid-sensor-attributes.o
  CC [M]  drivers/hid/hid-keytouch.o
  CC [M]  fs/xfs/libxfs/xfs_sb.o
  CC [M]  fs/xfs/libxfs/xfs_symlink_remote.o
  CC [M]  fs/xfs/libxfs/xfs_trans_inode.o
  CC [M]  drivers/hid/hid-kye.o
  CC [M]  fs/xfs/libxfs/xfs_trans_resv.o
  CC [M]  drivers/iio/common/hid-sensors/hid-sensor-trigger.o
  CC [M]  drivers/hid/hid-lcpower.o
  CC [M]  net/sunrpc/auth.o
  CC [M]  drivers/hid/hid-letsketch.o
  CC [M]  net/sunrpc/auth_null.o
  CC [M]  net/sunrpc/auth_tls.o
  LD [M]  drivers/iio/common/hid-sensors/hid-sensor-iio-common.o
  CC [M]  drivers/iio/gyro/hid-sensor-gyro-3d.o
  CC [M]  drivers/hid/hid-lg.o
  CC [M]  fs/xfs/libxfs/xfs_trans_space.o
  CC [M]  net/sunrpc/auth_unix.o
  CC [M]  drivers/hid/hid-lg-g15.o
  CC [M]  drivers/hid/hid-logitech-dj.o
  CC [M]  drivers/iio/humidity/hid-sensor-humidity.o
  CC [M]  fs/xfs/libxfs/xfs_types.o
  CC [M]  fs/xfs/xfs_aops.o
  CC [M]  fs/xfs/xfs_attr_inactive.o
  CC [M]  drivers/hid/hid-logitech-hidpp.o
  CC [M]  fs/xfs/xfs_attr_list.o
  CC [M]  drivers/iio/light/hid-sensor-als.o
  CC [M]  drivers/hid/hid-macally.o
  CC [M]  drivers/iio/magnetometer/hid-sensor-magn-3d.o
  CC [M]  fs/xfs/xfs_bmap_util.o
  CC [M]  drivers/iio/orientation/hid-sensor-incl-3d.o
  CC [M]  net/sunrpc/svc.o
  CC [M]  drivers/hid/hid-magicmouse.o
  CC [M]  drivers/hid/hid-maltron.o
  CC [M]  drivers/hid/hid-mcp2221.o
  CC [M]  drivers/hid/hid-mf.o
  CC [M]  fs/xfs/xfs_bio_io.o
  CC [M]  drivers/iio/orientation/hid-sensor-rotation.o
  CC [M]  fs/xfs/xfs_buf.o
  CC [M]  fs/xfs/xfs_dahash_test.o
  CC [M]  fs/xfs/xfs_dir2_readdir.o
  CC [M]  drivers/iio/position/hid-sensor-custom-intel-hinge.o
  CC [M]  drivers/hid/hid-megaworld.o
  CC [M]  drivers/hid/hid-microsoft.o
  CC [M]  fs/xfs/xfs_discard.o
  CC [M]  net/sunrpc/svcsock.o
  CC [M]  fs/xfs/xfs_error.o
  CC [M]  fs/xfs/xfs_exchrange.o
  CC [M]  drivers/iio/temperature/hid-sensor-temperature.o
  CC [M]  drivers/hid/hid-monterey.o
  CC [M]  drivers/hid/hid-multitouch.o
  CC [M]  drivers/hid/hid-nintendo.o
  CC [M]  net/sunrpc/svcauth.o
  CC [M]  fs/xfs/xfs_export.o
  CC [M]  fs/xfs/xfs_extent_busy.o
  CC [M]  fs/xfs/xfs_file.o
  CC [M]  fs/xfs/xfs_filestream.o
  CC [M]  net/sunrpc/svcauth_unix.o
  CC [M]  net/sunrpc/addr.o
  CC [M]  net/sunrpc/rpcb_clnt.o
  CC [M]  drivers/hid/hid-nti.o
  CC [M]  net/sunrpc/timer.o
  CC [M]  fs/xfs/xfs_fsmap.o
  CC [M]  drivers/hid/hid-ntrig.o
  CC [M]  drivers/hid/hid-nvidia-shield.o
  CC [M]  drivers/ata/libata-core.o
  CC [M]  drivers/mtd/parsers/ofpart_core.o
  CC [M]  drivers/mtd/chips/chipreg.o
  CC [M]  net/sunrpc/xdr.o
  CC [M]  net/sunrpc/sunrpc_syms.o
  LD [M]  drivers/mtd/parsers/ofpart.o
  CC [M]  net/sunrpc/cache.o
  CC [M]  fs/xfs/xfs_fsops.o
  CC [M]  drivers/hid/hid-ortek.o
  CC [M]  drivers/mtd/devices/phram.o
  CC [M]  drivers/hid/hid-prodikeys.o
  CC [M]  drivers/hid/hid-pl.o
  CC [M]  net/sunrpc/rpc_pipe.o
  CC [M]  drivers/mtd/mtdcore.o
  CC [M]  fs/xfs/xfs_globals.o
  CC [M]  fs/xfs/xfs_handle.o
  CC [M]  drivers/hid/hid-penmount.o
  CC [M]  net/sunrpc/sysfs.o
  CC [M]  fs/binfmt_misc.o
  CC [M]  fs/xfs/xfs_health.o
  CC [M]  fs/xfs/xfs_healthmon.o
  CC [M]  drivers/ata/libata-scsi.o
  CC [M]  drivers/hid/hid-petalynx.o
  CC [M]  drivers/mtd/mtdsuper.o
  CC [M]  net/sunrpc/svc_xprt.o
  CC [M]  drivers/mtd/mtdconcat.o
  CC [M]  drivers/mtd/mtdpart.o
  CC [M]  drivers/hid/hid-picolcd_core.o
  CC [M]  fs/xfs/xfs_icache.o
  CC [M]  drivers/mtd/mtdchar.o
  CC [M]  fs/xfs/xfs_ioctl.o
  CC [M]  fs/xfs/xfs_iomap.o
  CC [M]  drivers/ata/libata-eh.o
  CC [M]  drivers/ata/libata-transport.o
  CC [M]  drivers/hid/hid-picolcd_backlight.o
  CC [M]  net/sunrpc/xprtmultipath.o
  LD [M]  drivers/mtd/mtd.o
  CC [M]  drivers/hid/hid-picolcd_lcd.o
  CC [M]  drivers/input/serio/serio.o
  CC [M]  drivers/input/serio/serport.o
  CC [M]  drivers/ata/libata-trace.o
  CC [M]  fs/xfs/xfs_iops.o
  CC [M]  drivers/hid/hid-picolcd_leds.o
  CC [M]  net/sunrpc/backchannel_rqst.o
  CC [M]  net/sunrpc/stats.o
  CC [M]  net/sunrpc/sysctl.o
  CC [M]  fs/xfs/xfs_inode.o
  CC [M]  drivers/hid/hid-picolcd_debugfs.o
  CC [M]  drivers/ata/libata-sff.o
  CC [M]  drivers/hid/hid-plantronics.o
  CC [M]  drivers/hid/hid-playstation.o
  CC [M]  fs/xfs/xfs_itable.o
  LD [M]  net/sunrpc/sunrpc.o
  CC [M]  fs/xfs/xfs_iwalk.o
  CC [M]  fs/xfs/xfs_message.o
  CC [M]  fs/xfs/xfs_mount.o
  CC [M]  drivers/hid/hid-primax.o
  LD [M]  drivers/ata/libata.o
  CC [M]  drivers/hid/hid-pxrc.o
  CC [M]  drivers/hid/hid-razer.o
  CC [M]  fs/xfs/xfs_mru_cache.o
  CC [M]  drivers/hid/hid-retrode.o
  CC [M]  fs/xfs/xfs_pwork.o
  CC [M]  fs/xfs/xfs_reflink.o
  CC [M]  fs/xfs/xfs_stats.o
  CC [M]  drivers/hid/hid-roccat.o
  CC [M]  drivers/hid/hid-roccat-common.o
  CC [M]  drivers/hid/hid-roccat-arvo.o
  CC [M]  drivers/hid/hid-roccat-isku.o
  CC [M]  drivers/hid/hid-roccat-kone.o
  CC [M]  fs/xfs/xfs_super.o
  CC [M]  fs/xfs/xfs_symlink.o
  CC [M]  drivers/hid/hid-roccat-koneplus.o
  CC [M]  fs/xfs/xfs_sysfs.o
  CC [M]  fs/xfs/xfs_trans.o
  CC [M]  fs/xfs/xfs_verify_media.o
  CC [M]  fs/xfs/xfs_xattr.o
  CC [M]  drivers/hid/hid-roccat-konepure.o
  CC [M]  drivers/hid/hid-roccat-kovaplus.o
  CC [M]  drivers/hid/hid-roccat-lua.o
  CC [M]  drivers/hid/hid-roccat-pyra.o
  CC [M]  fs/xfs/xfs_log.o
  CC [M]  fs/xfs/xfs_log_cil.o
  CC [M]  fs/xfs/xfs_bmap_item.o
  CC [M]  drivers/hid/hid-roccat-ryos.o
  CC [M]  fs/xfs/xfs_buf_item.o
  CC [M]  fs/xfs/xfs_buf_item_recover.o
  CC [M]  drivers/hid/hid-roccat-savu.o
  CC [M]  drivers/hid/hid-rmi.o
  CC [M]  drivers/hid/hid-saitek.o
  CC [M]  drivers/hid/hid-samsung.o
  CC [M]  drivers/hid/hid-semitek.o
  CC [M]  drivers/hid/hid-sigmamicro.o
  CC [M]  fs/xfs/xfs_dquot_item_recover.o
  CC [M]  drivers/hid/hid-sjoy.o
  CC [M]  fs/xfs/xfs_exchmaps_item.o
  CC [M]  fs/xfs/xfs_extfree_item.o
  CC [M]  drivers/hid/hid-sony.o
  CC [M]  fs/xfs/xfs_attr_item.o
  CC [M]  drivers/hid/hid-speedlink.o
  CC [M]  fs/xfs/xfs_icreate_item.o
  CC [M]  drivers/hid/hid-steam.o
  CC [M]  fs/xfs/xfs_inode_item.o
  CC [M]  drivers/hid/hid-steelseries.o
  CC [M]  fs/xfs/xfs_inode_item_recover.o
  CC [M]  fs/xfs/xfs_iunlink_item.o
  CC [M]  fs/xfs/xfs_refcount_item.o
  CC [M]  fs/xfs/xfs_rmap_item.o
  CC [M]  drivers/hid/hid-sunplus.o
  CC [M]  fs/xfs/xfs_log_recover.o
  CC [M]  drivers/hid/hid-gaff.o
  CC [M]  drivers/hid/hid-tmff.o
  CC [M]  drivers/hid/hid-thrustmaster.o
  CC [M]  drivers/hid/hid-tivo.o
  CC [M]  drivers/hid/hid-topseed.o
  CC [M]  fs/xfs/xfs_trans_ail.o
  CC [M]  fs/xfs/xfs_trans_buf.o
  CC [M]  drivers/hid/hid-topre.o
  CC [M]  fs/xfs/xfs_sysctl.o
  CC [M]  drivers/hid/hid-twinhan.o
  CC [M]  drivers/hid/hid-u2fzero.o
  CC [M]  fs/xfs/xfs_ioctl32.o
  CC [M]  drivers/hid/hid-uclogic-core.o
  CC [M]  fs/xfs/xfs_pnfs.o
  CC [M]  drivers/hid/hid-uclogic-rdesc.o
  CC [M]  drivers/hid/hid-uclogic-params.o
  CC [M]  drivers/hid/hid-udraw-ps3.o
  CC [M]  drivers/hid/hid-led.o
  CC [M]  drivers/hid/hid-xiaomi.o
  CC [M]  drivers/hid/hid-xinmo.o
  CC [M]  drivers/hid/hid-zpff.o
  CC [M]  drivers/hid/hid-zydacron.o
  LD [M]  fs/xfs/xfs.o
  CC [M]  drivers/hid/hid-viewsonic.o
  CC [M]  drivers/hid/wacom_wac.o
  CC [M]  drivers/hid/wacom_sys.o
  CC [M]  drivers/hid/hid-waltop.o
  CC [M]  drivers/hid/hid-wiimote-core.o
  CC [M]  drivers/hid/hid-wiimote-modules.o
  CC [M]  drivers/hid/hid-wiimote-debug.o
  CC [M]  drivers/hid/hid-winwing.o
  CC [M]  drivers/hid/hid-sensor-hub.o
  LD [M]  drivers/hid/hid-logitech.o
  LD [M]  drivers/hid/hid-picolcd.o
  LD [M]  drivers/hid/hid-uclogic.o
  LD [M]  drivers/hid/hid-wiimote.o
  LD [M]  drivers/hid/wacom.o
  MODPOST Module.symvers
  CC [M]  fs/nfs_common/nfs_acl.mod.o
  CC [M]  .module-common.o
  CC [M]  fs/nfs_common/grace.mod.o
  CC [M]  fs/nls/nls_ucs2_utils.mod.o
  CC [M]  fs/binfmt_misc.mod.o
  CC [M]  fs/netfs/netfs.mod.o
  CC [M]  fs/squashfs/squashfs.mod.o
  CC [M]  fs/exfat/exfat.mod.o
  CC [M]  fs/nfs/nfs.mod.o
  CC [M]  fs/nfs/nfsv3.mod.o
  CC [M]  fs/nfs/nfsv4.mod.o
  CC [M]  fs/nfs/filelayout/nfs_layout_nfsv41_files.mod.o
  CC [M]  fs/nfs/blocklayout/blocklayoutdriver.mod.o
  CC [M]  fs/nfs/flexfilelayout/nfs_layout_flexfiles.mod.o
  CC [M]  fs/nfsd/nfsd.mod.o
  CC [M]  fs/lockd/lockd.mod.o
  CC [M]  fs/smb/common/cifs_md4.mod.o
  CC [M]  fs/smb/client/cifs.mod.o
  CC [M]  fs/ntfs3/ntfs3.mod.o
  CC [M]  fs/fuse/fuse.mod.o
  CC [M]  fs/overlayfs/overlay.mod.o
  CC [M]  fs/udf/udf.mod.o
  CC [M]  fs/xfs/xfs.mod.o
  CC [M]  fs/cachefiles/cachefiles.mod.o
  CC [M]  fs/efivarfs/efivarfs.mod.o
  CC [M]  fs/erofs/erofs.mod.o
  CC [M]  crypto/asymmetric_keys/pkcs8_key_parser.mod.o
  CC [M]  crypto/cmac.mod.o
  CC [M]  crypto/md4.mod.o
  CC [M]  crypto/des_generic.mod.o
  CC [M]  crypto/camellia_generic.mod.o
  CC [M]  crypto/algif_hash.mod.o
  CC [M]  crypto/algif_skcipher.mod.o
  CC [M]  crypto/async_tx/async_tx.mod.o
  CC [M]  crypto/async_tx/async_xor.mod.o
  CC [M]  block/bsg.mod.o
  CC [M]  lib/crc/crc-itu-t.mod.o
  CC [M]  lib/crypto/libarc4.mod.o
  CC [M]  lib/crypto/libchacha20poly1305.mod.o
  CC [M]  lib/crypto/libcurve25519.mod.o
  CC [M]  lib/crypto/libdes.mod.o
  CC [M]  lib/crypto/libpoly1305.mod.o
  CC [M]  drivers/leds/trigger/ledtrig-timer.mod.o
  CC [M]  drivers/leds/trigger/ledtrig-pattern.mod.o
  CC [M]  drivers/leds/led-class.mod.o
  CC [M]  drivers/leds/led-class-multicolor.mod.o
  CC [M]  drivers/video/backlight/lcd.mod.o
  CC [M]  drivers/tty/ttynull.mod.o
  CC [M]  drivers/char/hw_random/virtio-rng.mod.o
  CC [M]  drivers/gpu/drm/udl/udl.mod.o
  CC [M]  drivers/block/nbd.mod.o
  CC [M]  drivers/block/ublk_drv.mod.o
  CC [M]  drivers/misc/enclosure.mod.o
  CC [M]  drivers/misc/hmc6352.mod.o
  CC [M]  drivers/misc/ntsync.mod.o
  CC [M]  drivers/misc/hi6421v600-irq.mod.o
  CC [M]  drivers/scsi/scsi_mod.mod.o
  CC [M]  drivers/scsi/scsi_common.mod.o
  CC [M]  drivers/net/phy/mdio-bus.mod.o
  CC [M]  drivers/net/phy/phylink.mod.o
  CC [M]  drivers/net/phy/libphy.mod.o
  CC [M]  drivers/net/phy/mdio_devres.mod.o
  CC [M]  drivers/net/phy/ax88796b.mod.o
  CC [M]  drivers/net/phy/fixed_phy.mod.o
  CC [M]  drivers/net/mdio/fwnode_mdio.mod.o
  CC [M]  drivers/net/mdio/of_mdio.mod.o
  CC [M]  drivers/net/ipvlan/ipvlan.mod.o
  CC [M]  drivers/net/dummy.mod.o
  CC [M]  drivers/net/wireguard/wireguard.mod.o
  CC [M]  drivers/net/macvlan.mod.o
  CC [M]  drivers/net/mii.mod.o
  CC [M]  drivers/net/tun.mod.o
  CC [M]  drivers/net/veth.mod.o
  CC [M]  drivers/net/vxlan/vxlan.mod.o
  CC [M]  drivers/net/usb/r8152.mod.o
  CC [M]  drivers/net/usb/asix.mod.o
  CC [M]  drivers/net/usb/ax88179_178a.mod.o
  CC [M]  drivers/net/usb/cdc_ether.mod.o
  CC [M]  drivers/net/usb/net1080.mod.o
  CC [M]  drivers/net/usb/rndis_host.mod.o
  CC [M]  drivers/net/usb/cdc_subset.mod.o
  CC [M]  drivers/net/usb/zaurus.mod.o
  CC [M]  drivers/net/usb/usbnet.mod.o
  CC [M]  drivers/net/usb/cdc_ncm.mod.o
  CC [M]  drivers/net/usb/r8153_ecm.mod.o
  CC [M]  drivers/usb/storage/uas.mod.o
  CC [M]  drivers/usb/storage/usb-storage.mod.o
  CC [M]  drivers/usb/gadget/function/usb_f_serial.mod.o
  CC [M]  drivers/usb/gadget/function/usb_f_ncm.mod.o
  CC [M]  drivers/usb/gadget/function/usb_f_eem.mod.o
  CC [M]  drivers/usb/gadget/function/usb_f_rndis.mod.o
  CC [M]  drivers/usb/gadget/function/usb_f_fs.mod.o
  CC [M]  drivers/usb/class/usblp.mod.o
  CC [M]  drivers/usb/serial/usbserial.mod.o
  CC [M]  drivers/usb/serial/cp210x.mod.o
  CC [M]  drivers/usb/serial/usb-serial-simple.mod.o
  CC [M]  drivers/input/joystick/xpad.mod.o
  CC [M]  drivers/input/ff-memless.mod.o
  CC [M]  drivers/input/vivaldi-fmap.mod.o
  CC [M]  drivers/input/input-leds.mod.o
  CC [M]  drivers/input/evdev.mod.o
  CC [M]  drivers/input/rmi4/rmi_core.mod.o
  CC [M]  drivers/md/dm-bufio.mod.o
  CC [M]  drivers/md/dm-bio-prison.mod.o
  CC [M]  drivers/md/persistent-data/dm-persistent-data.mod.o
  CC [M]  drivers/md/dm-thin-pool.mod.o
  CC [M]  drivers/md/dm-verity.mod.o
  CC [M]  drivers/md/dm-integrity.mod.o
  CC [M]  drivers/accessibility/speakup/speakup_acntsa.mod.o
  CC [M]  drivers/accessibility/speakup/speakup_apollo.mod.o
  CC [M]  drivers/accessibility/speakup/speakup_audptr.mod.o
  CC [M]  drivers/accessibility/speakup/speakup_bns.mod.o
  CC [M]  drivers/accessibility/speakup/speakup_dectlk.mod.o
  CC [M]  drivers/accessibility/speakup/speakup_decext.mod.o
  CC [M]  drivers/accessibility/speakup/speakup_ltlk.mod.o
  CC [M]  drivers/accessibility/speakup/speakup_soft.mod.o
  CC [M]  drivers/accessibility/speakup/speakup_spkout.mod.o
  CC [M]  drivers/accessibility/speakup/speakup_txprt.mod.o
  CC [M]  drivers/accessibility/speakup/speakup.mod.o
  CC [M]  drivers/hid/uhid.mod.o
  CC [M]  drivers/hid/hid-generic.mod.o
  CC [M]  drivers/hid/hid-a4tech.mod.o
  CC [M]  drivers/hid/hid-accutouch.mod.o
  CC [M]  drivers/hid/hid-alps.mod.o
  CC [M]  drivers/hid/hid-axff.mod.o
  CC [M]  drivers/hid/hid-apple.mod.o
  CC [M]  drivers/hid/hid-appleir.mod.o
  CC [M]  drivers/hid/hid-creative-sb0540.mod.o
  CC [M]  drivers/hid/hid-aureal.mod.o
  CC [M]  drivers/hid/hid-belkin.mod.o
  CC [M]  drivers/hid/hid-betopff.mod.o
  CC [M]  drivers/hid/hid-bigbenff.mod.o
  CC [M]  drivers/hid/hid-cherry.mod.o
  CC [M]  drivers/hid/hid-chicony.mod.o
  CC [M]  drivers/hid/hid-cmedia.mod.o
  CC [M]  drivers/hid/hid-corsair.mod.o
  CC [M]  drivers/hid/hid-corsair-void.mod.o
  CC [M]  drivers/hid/hid-cougar.mod.o
  CC [M]  drivers/hid/hid-cp2112.mod.o
  CC [M]  drivers/hid/hid-cypress.mod.o
  CC [M]  drivers/hid/hid-dr.mod.o
  CC [M]  drivers/hid/hid-emsff.mod.o
  CC [M]  drivers/hid/hid-elan.mod.o
  CC [M]  drivers/hid/hid-elecom.mod.o
  CC [M]  drivers/hid/hid-elo.mod.o
  CC [M]  drivers/hid/hid-evision.mod.o
  CC [M]  drivers/hid/hid-ezkey.mod.o
  CC [M]  drivers/hid/hid-ft260.mod.o
  CC [M]  drivers/hid/hid-gembird.mod.o
  CC [M]  drivers/hid/hid-gfrm.mod.o
  CC [M]  drivers/hid/hid-glorious.mod.o
  CC [M]  drivers/hid/hid-vivaldi-common.mod.o
  CC [M]  drivers/hid/hid-goodix-spi.mod.o
  CC [M]  drivers/hid/hid-google-stadiaff.mod.o
  CC [M]  drivers/hid/hid-vivaldi.mod.o
  CC [M]  drivers/hid/hid-gt683r.mod.o
  CC [M]  drivers/hid/hid-gyration.mod.o
  CC [M]  drivers/hid/hid-holtek-kbd.mod.o
  CC [M]  drivers/hid/hid-holtek-mouse.mod.o
  CC [M]  drivers/hid/hid-holtekff.mod.o
  CC [M]  drivers/hid/hid-icade.mod.o
  CC [M]  drivers/hid/hid-ite.mod.o
  CC [M]  drivers/hid/hid-jabra.mod.o
  CC [M]  drivers/hid/hid-kensington.mod.o
  CC [M]  drivers/hid/hid-keytouch.mod.o
  CC [M]  drivers/hid/hid-kye.mod.o
  CC [M]  drivers/hid/hid-lcpower.mod.o
  CC [M]  drivers/hid/hid-letsketch.mod.o
  CC [M]  drivers/hid/hid-logitech.mod.o
  CC [M]  drivers/hid/hid-lg-g15.mod.o
  CC [M]  drivers/hid/hid-logitech-dj.mod.o
  CC [M]  drivers/hid/hid-logitech-hidpp.mod.o
  CC [M]  drivers/hid/hid-macally.mod.o
  CC [M]  drivers/hid/hid-magicmouse.mod.o
  CC [M]  drivers/hid/hid-maltron.mod.o
  CC [M]  drivers/hid/hid-mcp2221.mod.o
  CC [M]  drivers/hid/hid-mf.mod.o
  CC [M]  drivers/hid/hid-megaworld.mod.o
  CC [M]  drivers/hid/hid-microsoft.mod.o
  CC [M]  drivers/hid/hid-monterey.mod.o
  CC [M]  drivers/hid/hid-multitouch.mod.o
  CC [M]  drivers/hid/hid-nintendo.mod.o
  CC [M]  drivers/hid/hid-nti.mod.o
  CC [M]  drivers/hid/hid-ntrig.mod.o
  CC [M]  drivers/hid/hid-nvidia-shield.mod.o
  CC [M]  drivers/hid/hid-ortek.mod.o
  CC [M]  drivers/hid/hid-prodikeys.mod.o
  CC [M]  drivers/hid/hid-pl.mod.o
  CC [M]  drivers/hid/hid-penmount.mod.o
  CC [M]  drivers/hid/hid-petalynx.mod.o
  CC [M]  drivers/hid/hid-picolcd.mod.o
  CC [M]  drivers/hid/hid-plantronics.mod.o
  CC [M]  drivers/hid/hid-playstation.mod.o
  CC [M]  drivers/hid/hid-primax.mod.o
  CC [M]  drivers/hid/hid-pxrc.mod.o
  CC [M]  drivers/hid/hid-razer.mod.o
  CC [M]  drivers/hid/hid-retrode.mod.o
  CC [M]  drivers/hid/hid-roccat.mod.o
  CC [M]  drivers/hid/hid-roccat-common.mod.o
  CC [M]  drivers/hid/hid-roccat-arvo.mod.o
  CC [M]  drivers/hid/hid-roccat-isku.mod.o
  CC [M]  drivers/hid/hid-roccat-kone.mod.o
  CC [M]  drivers/hid/hid-roccat-koneplus.mod.o
  CC [M]  drivers/hid/hid-roccat-konepure.mod.o
  CC [M]  drivers/hid/hid-roccat-kovaplus.mod.o
  CC [M]  drivers/hid/hid-roccat-lua.mod.o
  CC [M]  drivers/hid/hid-roccat-pyra.mod.o
  CC [M]  drivers/hid/hid-roccat-ryos.mod.o
  CC [M]  drivers/hid/hid-roccat-savu.mod.o
  CC [M]  drivers/hid/hid-rmi.mod.o
  CC [M]  drivers/hid/hid-saitek.mod.o
  CC [M]  drivers/hid/hid-samsung.mod.o
  CC [M]  drivers/hid/hid-semitek.mod.o
  CC [M]  drivers/hid/hid-sigmamicro.mod.o
  CC [M]  drivers/hid/hid-sjoy.mod.o
  CC [M]  drivers/hid/hid-sony.mod.o
  CC [M]  drivers/hid/hid-speedlink.mod.o
  CC [M]  drivers/hid/hid-steam.mod.o
  CC [M]  drivers/hid/hid-steelseries.mod.o
  CC [M]  drivers/hid/hid-sunplus.mod.o
  CC [M]  drivers/hid/hid-gaff.mod.o
  CC [M]  drivers/hid/hid-tmff.mod.o
  CC [M]  drivers/hid/hid-thrustmaster.mod.o
  CC [M]  drivers/hid/hid-tivo.mod.o
  CC [M]  drivers/hid/hid-topseed.mod.o
  CC [M]  drivers/hid/hid-topre.mod.o
  CC [M]  drivers/hid/hid-twinhan.mod.o
  CC [M]  drivers/hid/hid-u2fzero.mod.o
  CC [M]  drivers/hid/hid-uclogic.mod.o
  CC [M]  drivers/hid/hid-udraw-ps3.mod.o
  CC [M]  drivers/hid/hid-led.mod.o
  CC [M]  drivers/hid/hid-xiaomi.mod.o
  CC [M]  drivers/hid/hid-xinmo.mod.o
  CC [M]  drivers/hid/hid-zpff.mod.o
  CC [M]  drivers/hid/hid-zydacron.mod.o
  CC [M]  drivers/hid/hid-viewsonic.mod.o
  CC [M]  drivers/hid/wacom.mod.o
  CC [M]  drivers/hid/hid-waltop.mod.o
  CC [M]  drivers/hid/hid-wiimote.mod.o
  CC [M]  drivers/hid/hid-winwing.mod.o
  CC [M]  drivers/hid/hid-sensor-hub.mod.o
  CC [M]  drivers/iio/accel/hid-sensor-accel-3d.mod.o
  CC [M]  drivers/iio/buffer/industrialio-triggered-buffer.mod.o
  CC [M]  drivers/iio/buffer/kfifo_buf.mod.o
  CC [M]  drivers/iio/common/hid-sensors/hid-sensor-iio-common.mod.o
  CC [M]  drivers/iio/common/hid-sensors/hid-sensor-trigger.mod.o
  CC [M]  drivers/iio/gyro/hid-sensor-gyro-3d.mod.o
  CC [M]  drivers/iio/humidity/hid-sensor-humidity.mod.o
  CC [M]  drivers/iio/light/hid-sensor-als.mod.o
  CC [M]  drivers/iio/magnetometer/hid-sensor-magn-3d.mod.o
  CC [M]  drivers/iio/orientation/hid-sensor-incl-3d.mod.o
  CC [M]  drivers/iio/orientation/hid-sensor-rotation.mod.o
  CC [M]  drivers/iio/position/hid-sensor-custom-intel-hinge.mod.o
  CC [M]  drivers/iio/temperature/hid-sensor-temperature.mod.o
  CC [M]  drivers/ata/libata.mod.o
  CC [M]  drivers/mtd/parsers/ofpart.mod.o
  CC [M]  drivers/mtd/chips/chipreg.mod.o
  CC [M]  drivers/mtd/devices/phram.mod.o
  CC [M]  drivers/mtd/mtd.mod.o
  CC [M]  drivers/input/serio/serio.mod.o
  CC [M]  drivers/input/serio/serport.mod.o
  CC [M]  sound/soundcore.mod.o
  CC [M]  sound/core/snd.mod.o
  CC [M]  sound/core/snd-hwdep.mod.o
  CC [M]  sound/core/snd-timer.mod.o
  CC [M]  sound/core/snd-pcm.mod.o
  CC [M]  sound/core/snd-rawmidi.mod.o
  CC [M]  sound/core/snd-ump.mod.o
  CC [M]  sound/usb/snd-usb-audio.mod.o
  CC [M]  sound/usb/snd-usbmidi-lib.mod.o
  CC [M]  net/core/selftests.mod.o
  CC [M]  net/802/psnap.mod.o
  CC [M]  net/802/stp.mod.o
  CC [M]  net/sched/cls_cgroup.mod.o
  CC [M]  net/netfilter/nf_conntrack.mod.o
  CC [M]  net/netfilter/nf_nat.mod.o
  CC [M]  net/netfilter/nf_synproxy_core.mod.o
  CC [M]  net/netfilter/nf_conncount.mod.o
  CC [M]  net/netfilter/nf_dup_netdev.mod.o
  CC [M]  net/netfilter/nf_tables.mod.o
  CC [M]  net/netfilter/nft_compat.mod.o
  CC [M]  net/netfilter/nft_connlimit.mod.o
  CC [M]  net/netfilter/nft_numgen.mod.o
  CC [M]  net/netfilter/nft_ct.mod.o
  CC [M]  net/netfilter/nft_limit.mod.o
  CC [M]  net/netfilter/nft_nat.mod.o
  CC [M]  net/netfilter/nft_quota.mod.o
  CC [M]  net/netfilter/nft_reject.mod.o
  CC [M]  net/netfilter/nft_reject_inet.mod.o
  CC [M]  net/netfilter/nft_reject_netdev.mod.o
  CC [M]  net/netfilter/nft_tunnel.mod.o
  CC [M]  net/netfilter/nft_log.mod.o
  CC [M]  net/netfilter/nft_masq.mod.o
  CC [M]  net/netfilter/nft_redir.mod.o
  CC [M]  net/netfilter/nft_hash.mod.o
  CC [M]  net/netfilter/nft_fib.mod.o
  CC [M]  net/netfilter/nft_socket.mod.o
  CC [M]  net/netfilter/nft_osf.mod.o
  CC [M]  net/netfilter/nft_tproxy.mod.o
  CC [M]  net/netfilter/nft_synproxy.mod.o
  CC [M]  net/netfilter/nft_chain_nat.mod.o
  CC [M]  net/netfilter/nft_dup_netdev.mod.o
  CC [M]  net/netfilter/nft_fwd_netdev.mod.o
  CC [M]  net/netfilter/nf_flow_table.mod.o
  CC [M]  net/netfilter/x_tables.mod.o
  CC [M]  net/netfilter/xt_tcpudp.mod.o
  CC [M]  net/netfilter/xt_mark.mod.o
  CC [M]  net/netfilter/xt_nat.mod.o
  CC [M]  net/netfilter/xt_CHECKSUM.mod.o
  CC [M]  net/netfilter/xt_LOG.mod.o
  CC [M]  net/netfilter/xt_REDIRECT.mod.o
  CC [M]  net/netfilter/xt_MASQUERADE.mod.o
  CC [M]  net/netfilter/xt_TCPMSS.mod.o
  CC [M]  net/netfilter/xt_addrtype.mod.o
  CC [M]  net/netfilter/xt_comment.mod.o
  CC [M]  net/netfilter/xt_conntrack.mod.o
  CC [M]  net/netfilter/xt_ipvs.mod.o
  CC [M]  net/netfilter/xt_multiport.mod.o
  CC [M]  net/netfilter/xt_statistic.mod.o
  CC [M]  net/netfilter/xt_tcpmss.mod.o
  CC [M]  net/netfilter/ipvs/ip_vs.mod.o
  CC [M]  net/netfilter/ipvs/ip_vs_rr.mod.o
  CC [M]  net/ipv4/netfilter/nf_defrag_ipv4.mod.o
  CC [M]  net/ipv4/netfilter/nf_reject_ipv4.mod.o
  CC [M]  net/ipv4/netfilter/nft_reject_ipv4.mod.o
  CC [M]  net/ipv4/netfilter/nft_fib_ipv4.mod.o
  CC [M]  net/ipv4/netfilter/ip_tables.mod.o
  CC [M]  net/ipv4/netfilter/iptable_filter.mod.o
  CC [M]  net/ipv4/netfilter/iptable_mangle.mod.o
  CC [M]  net/ipv4/netfilter/iptable_nat.mod.o
  CC [M]  net/ipv4/netfilter/iptable_raw.mod.o
  CC [M]  net/ipv4/netfilter/ipt_REJECT.mod.o
  CC [M]  net/ipv4/udp_tunnel.mod.o
  CC [M]  net/ipv6/netfilter/ip6_tables.mod.o
  CC [M]  net/ipv6/netfilter/ip6table_filter.mod.o
  CC [M]  net/ipv6/netfilter/ip6table_mangle.mod.o
  CC [M]  net/ipv6/netfilter/ip6table_raw.mod.o
  CC [M]  net/ipv6/netfilter/ip6table_nat.mod.o
  CC [M]  net/ipv6/netfilter/nf_defrag_ipv6.mod.o
  CC [M]  net/ipv6/netfilter/nf_reject_ipv6.mod.o
  CC [M]  net/ipv6/netfilter/nft_reject_ipv6.mod.o
  CC [M]  net/ipv6/netfilter/nft_fib_ipv6.mod.o
  CC [M]  net/ipv6/netfilter/ip6t_REJECT.mod.o
  CC [M]  net/ipv6/ip6_udp_tunnel.mod.o
  CC [M]  net/8021q/8021q.mod.o
  CC [M]  net/llc/llc.mod.o
  CC [M]  net/bridge/bridge.mod.o
  CC [M]  net/bridge/br_netfilter.mod.o
  CC [M]  net/bluetooth/bluetooth.mod.o
  CC [M]  net/bluetooth/hidp/hidp.mod.o
  CC [M]  net/sunrpc/sunrpc.mod.o
  CC [M]  net/sunrpc/auth_gss/auth_rpcgss.mod.o
  CC [M]  net/sunrpc/auth_gss/rpcsec_gss_krb5.mod.o
  CC [M]  net/rfkill/rfkill.mod.o
  LD [M]  fs/nfs_common/nfs_acl.ko
  LD [M]  fs/nfs_common/grace.ko
  LD [M]  fs/nls/nls_ucs2_utils.ko
  LD [M]  fs/binfmt_misc.ko
  LD [M]  fs/netfs/netfs.ko
  LD [M]  fs/squashfs/squashfs.ko
  LD [M]  fs/exfat/exfat.ko
  LD [M]  fs/nfs/nfs.ko
  LD [M]  fs/nfs/nfsv3.ko
  LD [M]  fs/nfs/nfsv4.ko
  LD [M]  fs/nfs/filelayout/nfs_layout_nfsv41_files.ko
  LD [M]  fs/nfs/blocklayout/blocklayoutdriver.ko
  LD [M]  fs/nfs/flexfilelayout/nfs_layout_flexfiles.ko
  LD [M]  fs/nfsd/nfsd.ko
  LD [M]  fs/lockd/lockd.ko
  LD [M]  fs/smb/common/cifs_md4.ko
  LD [M]  fs/smb/client/cifs.ko
  LD [M]  fs/ntfs3/ntfs3.ko
  LD [M]  fs/fuse/fuse.ko
  LD [M]  fs/overlayfs/overlay.ko
  LD [M]  fs/udf/udf.ko
  LD [M]  fs/xfs/xfs.ko
  LD [M]  fs/cachefiles/cachefiles.ko
  LD [M]  fs/efivarfs/efivarfs.ko
  LD [M]  fs/erofs/erofs.ko
  LD [M]  crypto/asymmetric_keys/pkcs8_key_parser.ko
  LD [M]  crypto/cmac.ko
  LD [M]  crypto/md4.ko
  LD [M]  crypto/des_generic.ko
  LD [M]  crypto/camellia_generic.ko
  LD [M]  crypto/algif_skcipher.ko
  LD [M]  crypto/algif_hash.ko
  LD [M]  crypto/async_tx/async_tx.ko
  LD [M]  block/bsg.ko
  LD [M]  crypto/async_tx/async_xor.ko
  LD [M]  lib/crypto/libarc4.ko
  LD [M]  lib/crc/crc-itu-t.ko
  LD [M]  lib/crypto/libchacha20poly1305.ko
  LD [M]  lib/crypto/libcurve25519.ko
  LD [M]  lib/crypto/libdes.ko
  LD [M]  lib/crypto/libpoly1305.ko
  LD [M]  drivers/leds/trigger/ledtrig-timer.ko
  LD [M]  drivers/leds/trigger/ledtrig-pattern.ko
  LD [M]  drivers/leds/led-class.ko
  LD [M]  drivers/leds/led-class-multicolor.ko
  LD [M]  drivers/video/backlight/lcd.ko
  LD [M]  drivers/char/hw_random/virtio-rng.ko
  LD [M]  drivers/tty/ttynull.ko
  LD [M]  drivers/gpu/drm/udl/udl.ko
  LD [M]  drivers/block/ublk_drv.ko
  LD [M]  drivers/block/nbd.ko
  LD [M]  drivers/misc/enclosure.ko
  LD [M]  drivers/misc/hmc6352.ko
  LD [M]  drivers/misc/ntsync.ko
  LD [M]  drivers/misc/hi6421v600-irq.ko
  LD [M]  drivers/scsi/scsi_mod.ko
  LD [M]  drivers/scsi/scsi_common.ko
  LD [M]  drivers/net/phy/mdio-bus.ko
  LD [M]  drivers/net/phy/phylink.ko
  LD [M]  drivers/net/phy/libphy.ko
  LD [M]  drivers/net/phy/mdio_devres.ko
  LD [M]  drivers/net/phy/ax88796b.ko
  LD [M]  drivers/net/mdio/fwnode_mdio.ko
  LD [M]  drivers/net/phy/fixed_phy.ko
  LD [M]  drivers/net/mdio/of_mdio.ko
  LD [M]  drivers/net/ipvlan/ipvlan.ko
  LD [M]  drivers/net/dummy.ko
  LD [M]  drivers/net/wireguard/wireguard.ko
  LD [M]  drivers/net/macvlan.ko
  LD [M]  drivers/net/mii.ko
  LD [M]  drivers/net/tun.ko
  LD [M]  drivers/net/veth.ko
  LD [M]  drivers/net/vxlan/vxlan.ko
  LD [M]  drivers/net/usb/r8152.ko
  LD [M]  drivers/net/usb/asix.ko
  LD [M]  drivers/net/usb/ax88179_178a.ko
  LD [M]  drivers/net/usb/cdc_ether.ko
  LD [M]  drivers/net/usb/net1080.ko
  LD [M]  drivers/net/usb/rndis_host.ko
  LD [M]  drivers/net/usb/cdc_subset.ko
  LD [M]  drivers/net/usb/zaurus.ko
  LD [M]  drivers/net/usb/cdc_ncm.ko
  LD [M]  drivers/net/usb/usbnet.ko
  LD [M]  drivers/net/usb/r8153_ecm.ko
  LD [M]  drivers/usb/storage/uas.ko
  LD [M]  drivers/usb/storage/usb-storage.ko
  LD [M]  drivers/usb/gadget/function/usb_f_serial.ko
  LD [M]  drivers/usb/gadget/function/usb_f_ncm.ko
  LD [M]  drivers/usb/gadget/function/usb_f_eem.ko
  LD [M]  drivers/usb/gadget/function/usb_f_rndis.ko
  LD [M]  drivers/usb/gadget/function/usb_f_fs.ko
  LD [M]  drivers/usb/class/usblp.ko
  LD [M]  drivers/usb/serial/usbserial.ko
  LD [M]  drivers/usb/serial/cp210x.ko
  LD [M]  drivers/usb/serial/usb-serial-simple.ko
  LD [M]  drivers/input/joystick/xpad.ko
  LD [M]  drivers/input/ff-memless.ko
  LD [M]  drivers/input/vivaldi-fmap.ko
  LD [M]  drivers/input/evdev.ko
  LD [M]  drivers/input/input-leds.ko
  LD [M]  drivers/input/rmi4/rmi_core.ko
  LD [M]  drivers/md/dm-bufio.ko
  LD [M]  drivers/md/dm-bio-prison.ko
  LD [M]  drivers/md/persistent-data/dm-persistent-data.ko
  LD [M]  drivers/md/dm-thin-pool.ko
  LD [M]  drivers/md/dm-integrity.ko
  LD [M]  drivers/md/dm-verity.ko
  LD [M]  drivers/accessibility/speakup/speakup_acntsa.ko
  LD [M]  drivers/accessibility/speakup/speakup_apollo.ko
  LD [M]  drivers/accessibility/speakup/speakup_audptr.ko
  LD [M]  drivers/accessibility/speakup/speakup_bns.ko
  LD [M]  drivers/accessibility/speakup/speakup_dectlk.ko
  LD [M]  drivers/accessibility/speakup/speakup_decext.ko
  LD [M]  drivers/accessibility/speakup/speakup_ltlk.ko
  LD [M]  drivers/accessibility/speakup/speakup_soft.ko
  LD [M]  drivers/accessibility/speakup/speakup_spkout.ko
  LD [M]  drivers/accessibility/speakup/speakup_txprt.ko
  LD [M]  drivers/hid/uhid.ko
  LD [M]  drivers/accessibility/speakup/speakup.ko
  LD [M]  drivers/hid/hid-generic.ko
  LD [M]  drivers/hid/hid-accutouch.ko
  LD [M]  drivers/hid/hid-a4tech.ko
  LD [M]  drivers/hid/hid-alps.ko
  LD [M]  drivers/hid/hid-axff.ko
  LD [M]  drivers/hid/hid-apple.ko
  LD [M]  drivers/hid/hid-appleir.ko
  LD [M]  drivers/hid/hid-creative-sb0540.ko
  LD [M]  drivers/hid/hid-aureal.ko
  LD [M]  drivers/hid/hid-belkin.ko
  LD [M]  drivers/hid/hid-betopff.ko
  LD [M]  drivers/hid/hid-bigbenff.ko
  LD [M]  drivers/hid/hid-cherry.ko
  LD [M]  drivers/hid/hid-chicony.ko
  LD [M]  drivers/hid/hid-cmedia.ko
  LD [M]  drivers/hid/hid-corsair.ko
  LD [M]  drivers/hid/hid-corsair-void.ko
  LD [M]  drivers/hid/hid-cougar.ko
  LD [M]  drivers/hid/hid-cp2112.ko
  LD [M]  drivers/hid/hid-cypress.ko
  LD [M]  drivers/hid/hid-dr.ko
  LD [M]  drivers/hid/hid-emsff.ko
  LD [M]  drivers/hid/hid-elan.ko
  LD [M]  drivers/hid/hid-elecom.ko
  LD [M]  drivers/hid/hid-elo.ko
  LD [M]  drivers/hid/hid-evision.ko
  LD [M]  drivers/hid/hid-ezkey.ko
  LD [M]  drivers/hid/hid-ft260.ko
  LD [M]  drivers/hid/hid-gembird.ko
  LD [M]  drivers/hid/hid-gfrm.ko
  LD [M]  drivers/hid/hid-glorious.ko
  LD [M]  drivers/hid/hid-vivaldi-common.ko
  LD [M]  drivers/hid/hid-goodix-spi.ko
  LD [M]  drivers/hid/hid-google-stadiaff.ko
  LD [M]  drivers/hid/hid-vivaldi.ko
  LD [M]  drivers/hid/hid-gt683r.ko
  LD [M]  drivers/hid/hid-gyration.ko
  LD [M]  drivers/hid/hid-holtek-kbd.ko
  LD [M]  drivers/hid/hid-holtek-mouse.ko
  LD [M]  drivers/hid/hid-holtekff.ko
  LD [M]  drivers/hid/hid-jabra.ko
  LD [M]  drivers/hid/hid-icade.ko
  LD [M]  drivers/hid/hid-ite.ko
  LD [M]  drivers/hid/hid-kensington.ko
  LD [M]  drivers/hid/hid-keytouch.ko
  LD [M]  drivers/hid/hid-kye.ko
  LD [M]  drivers/hid/hid-letsketch.ko
  LD [M]  drivers/hid/hid-lcpower.ko
  LD [M]  drivers/hid/hid-logitech.ko
  LD [M]  drivers/hid/hid-lg-g15.ko
  LD [M]  drivers/hid/hid-logitech-dj.ko
  LD [M]  drivers/hid/hid-logitech-hidpp.ko
  LD [M]  drivers/hid/hid-magicmouse.ko
  LD [M]  drivers/hid/hid-macally.ko
  LD [M]  drivers/hid/hid-maltron.ko
  LD [M]  drivers/hid/hid-mcp2221.ko
  LD [M]  drivers/hid/hid-mf.ko
  LD [M]  drivers/hid/hid-megaworld.ko
  LD [M]  drivers/hid/hid-microsoft.ko
  LD [M]  drivers/hid/hid-nti.ko
  LD [M]  drivers/hid/hid-multitouch.ko
  LD [M]  drivers/hid/hid-nintendo.ko
  LD [M]  drivers/hid/hid-monterey.ko
  LD [M]  drivers/hid/hid-ntrig.ko
  LD [M]  drivers/hid/hid-ortek.ko
  LD [M]  drivers/hid/hid-nvidia-shield.ko
  LD [M]  drivers/hid/hid-prodikeys.ko
  LD [M]  drivers/hid/hid-pl.ko
  LD [M]  drivers/hid/hid-penmount.ko
  LD [M]  drivers/hid/hid-petalynx.ko
  LD [M]  drivers/hid/hid-picolcd.ko
  LD [M]  drivers/hid/hid-plantronics.ko
  LD [M]  drivers/hid/hid-playstation.ko
  LD [M]  drivers/hid/hid-primax.ko
  LD [M]  drivers/hid/hid-pxrc.ko
  LD [M]  drivers/hid/hid-razer.ko
  LD [M]  drivers/hid/hid-retrode.ko
  LD [M]  drivers/hid/hid-roccat.ko
  LD [M]  drivers/hid/hid-roccat-common.ko
  LD [M]  drivers/hid/hid-roccat-arvo.ko
  LD [M]  drivers/hid/hid-roccat-isku.ko
  LD [M]  drivers/hid/hid-roccat-kone.ko
  LD [M]  drivers/hid/hid-roccat-koneplus.ko
  LD [M]  drivers/hid/hid-roccat-konepure.ko
  LD [M]  drivers/hid/hid-roccat-kovaplus.ko
  LD [M]  drivers/hid/hid-roccat-lua.ko
  LD [M]  drivers/hid/hid-roccat-pyra.ko
  LD [M]  drivers/hid/hid-roccat-ryos.ko
  LD [M]  drivers/hid/hid-roccat-savu.ko
  LD [M]  drivers/hid/hid-rmi.ko
  LD [M]  drivers/hid/hid-saitek.ko
  LD [M]  drivers/hid/hid-samsung.ko
  LD [M]  drivers/hid/hid-semitek.ko
  LD [M]  drivers/hid/hid-sigmamicro.ko
  LD [M]  drivers/hid/hid-sjoy.ko
  LD [M]  drivers/hid/hid-sony.ko
  LD [M]  drivers/hid/hid-speedlink.ko
  LD [M]  drivers/hid/hid-steelseries.ko
  LD [M]  drivers/hid/hid-steam.ko
  LD [M]  drivers/hid/hid-gaff.ko
  LD [M]  drivers/hid/hid-tmff.ko
  LD [M]  drivers/hid/hid-sunplus.ko
  LD [M]  drivers/hid/hid-thrustmaster.ko
  LD [M]  drivers/hid/hid-tivo.ko
  LD [M]  drivers/hid/hid-topseed.ko
  LD [M]  drivers/hid/hid-topre.ko
  LD [M]  drivers/hid/hid-twinhan.ko
  LD [M]  drivers/hid/hid-u2fzero.ko
  LD [M]  drivers/hid/hid-uclogic.ko
  LD [M]  drivers/hid/hid-udraw-ps3.ko
  LD [M]  drivers/hid/hid-led.ko
  LD [M]  drivers/hid/hid-xiaomi.ko
  LD [M]  drivers/hid/hid-xinmo.ko
  LD [M]  drivers/hid/hid-zpff.ko
  LD [M]  drivers/hid/hid-zydacron.ko
  LD [M]  drivers/hid/hid-viewsonic.ko
  LD [M]  drivers/hid/wacom.ko
  LD [M]  drivers/hid/hid-waltop.ko
  LD [M]  drivers/hid/hid-wiimote.ko
  LD [M]  drivers/hid/hid-winwing.ko
  LD [M]  drivers/hid/hid-sensor-hub.ko
  LD [M]  drivers/iio/accel/hid-sensor-accel-3d.ko
  LD [M]  drivers/iio/buffer/industrialio-triggered-buffer.ko
  LD [M]  drivers/iio/buffer/kfifo_buf.ko
  LD [M]  drivers/iio/common/hid-sensors/hid-sensor-iio-common.ko
  LD [M]  drivers/iio/common/hid-sensors/hid-sensor-trigger.ko
  LD [M]  drivers/iio/gyro/hid-sensor-gyro-3d.ko
  LD [M]  drivers/iio/humidity/hid-sensor-humidity.ko
  LD [M]  drivers/iio/orientation/hid-sensor-incl-3d.ko
  LD [M]  drivers/iio/light/hid-sensor-als.ko
  LD [M]  drivers/iio/magnetometer/hid-sensor-magn-3d.ko
  LD [M]  drivers/iio/orientation/hid-sensor-rotation.ko
  LD [M]  drivers/iio/position/hid-sensor-custom-intel-hinge.ko
  LD [M]  drivers/iio/temperature/hid-sensor-temperature.ko
  LD [M]  drivers/mtd/parsers/ofpart.ko
  LD [M]  drivers/ata/libata.ko
  LD [M]  drivers/mtd/chips/chipreg.ko
  LD [M]  drivers/mtd/devices/phram.ko
  LD [M]  drivers/mtd/mtd.ko
  LD [M]  drivers/input/serio/serio.ko
  LD [M]  drivers/input/serio/serport.ko
  LD [M]  sound/soundcore.ko
  LD [M]  sound/core/snd.ko
  LD [M]  sound/core/snd-hwdep.ko
  LD [M]  sound/core/snd-timer.ko
  LD [M]  sound/core/snd-pcm.ko
  LD [M]  sound/core/snd-rawmidi.ko
  LD [M]  sound/core/snd-ump.ko
  LD [M]  sound/usb/snd-usb-audio.ko
  LD [M]  sound/usb/snd-usbmidi-lib.ko
  LD [M]  net/core/selftests.ko
  LD [M]  net/802/psnap.ko
  LD [M]  net/802/stp.ko
  LD [M]  net/sched/cls_cgroup.ko
  LD [M]  net/netfilter/nf_conntrack.ko
  LD [M]  net/netfilter/nf_nat.ko
  LD [M]  net/netfilter/nf_synproxy_core.ko
  LD [M]  net/netfilter/nf_conncount.ko
  LD [M]  net/netfilter/nf_dup_netdev.ko
  LD [M]  net/netfilter/nf_tables.ko
  LD [M]  net/netfilter/nft_compat.ko
  LD [M]  net/netfilter/nft_connlimit.ko
  LD [M]  net/netfilter/nft_numgen.ko
  LD [M]  net/netfilter/nft_ct.ko
  LD [M]  net/netfilter/nft_limit.ko
  LD [M]  net/netfilter/nft_quota.ko
  LD [M]  net/netfilter/nft_nat.ko
  LD [M]  net/netfilter/nft_reject.ko
  LD [M]  net/netfilter/nft_reject_inet.ko
  LD [M]  net/netfilter/nft_reject_netdev.ko
  LD [M]  net/netfilter/nft_tunnel.ko
  LD [M]  net/netfilter/nft_log.ko
  LD [M]  net/netfilter/nft_masq.ko
  LD [M]  net/netfilter/nft_hash.ko
  LD [M]  net/netfilter/nft_redir.ko
  LD [M]  net/netfilter/nft_fib.ko
  LD [M]  net/netfilter/nft_socket.ko
  LD [M]  net/netfilter/nft_tproxy.ko
  LD [M]  net/netfilter/nft_synproxy.ko
  LD [M]  net/netfilter/nft_osf.ko
  LD [M]  net/netfilter/nft_chain_nat.ko
  LD [M]  net/netfilter/nft_dup_netdev.ko
  LD [M]  net/netfilter/nf_flow_table.ko
  LD [M]  net/netfilter/nft_fwd_netdev.ko
  LD [M]  net/netfilter/xt_nat.ko
  LD [M]  net/netfilter/x_tables.ko
  LD [M]  net/netfilter/xt_tcpudp.ko
  LD [M]  net/netfilter/xt_CHECKSUM.ko
  LD [M]  net/netfilter/xt_mark.ko
  LD [M]  net/netfilter/xt_LOG.ko
  LD [M]  net/netfilter/xt_REDIRECT.ko
  LD [M]  net/netfilter/xt_MASQUERADE.ko
  LD [M]  net/netfilter/xt_TCPMSS.ko
  LD [M]  net/netfilter/xt_comment.ko
  LD [M]  net/netfilter/xt_addrtype.ko
  LD [M]  net/netfilter/xt_conntrack.ko
  LD [M]  net/netfilter/xt_ipvs.ko
  LD [M]  net/netfilter/xt_multiport.ko
  LD [M]  net/netfilter/xt_statistic.ko
  LD [M]  net/netfilter/xt_tcpmss.ko
  LD [M]  net/netfilter/ipvs/ip_vs.ko
  LD [M]  net/netfilter/ipvs/ip_vs_rr.ko
  LD [M]  net/ipv4/netfilter/nf_defrag_ipv4.ko
  LD [M]  net/ipv4/netfilter/nf_reject_ipv4.ko
  LD [M]  net/ipv4/netfilter/nft_reject_ipv4.ko
  LD [M]  net/ipv4/netfilter/nft_fib_ipv4.ko
  LD [M]  net/ipv4/netfilter/ip_tables.ko
  LD [M]  net/ipv4/netfilter/iptable_filter.ko
  LD [M]  net/ipv4/netfilter/iptable_mangle.ko
  LD [M]  net/ipv4/netfilter/iptable_nat.ko
  LD [M]  net/ipv4/netfilter/iptable_raw.ko
  LD [M]  net/ipv4/netfilter/ipt_REJECT.ko
  LD [M]  net/ipv4/udp_tunnel.ko
  LD [M]  net/ipv6/netfilter/ip6_tables.ko
  LD [M]  net/ipv6/netfilter/ip6table_filter.ko
  LD [M]  net/ipv6/netfilter/ip6table_mangle.ko
  LD [M]  net/ipv6/netfilter/ip6table_raw.ko
  LD [M]  net/ipv6/netfilter/ip6table_nat.ko
  LD [M]  net/ipv6/netfilter/nf_defrag_ipv6.ko
  LD [M]  net/ipv6/netfilter/nf_reject_ipv6.ko
  LD [M]  net/ipv6/netfilter/nft_fib_ipv6.ko
  LD [M]  net/ipv6/netfilter/nft_reject_ipv6.ko
  LD [M]  net/ipv6/netfilter/ip6t_REJECT.ko
  LD [M]  net/ipv6/ip6_udp_tunnel.ko
  LD [M]  net/8021q/8021q.ko
  LD [M]  net/llc/llc.ko
  LD [M]  net/bridge/bridge.ko
  LD [M]  net/bridge/br_netfilter.ko
  LD [M]  net/bluetooth/bluetooth.ko
  LD [M]  net/sunrpc/sunrpc.ko
  LD [M]  net/bluetooth/hidp/hidp.ko
  LD [M]  net/sunrpc/auth_gss/auth_rpcgss.ko
  LD [M]  net/sunrpc/auth_gss/rpcsec_gss_krb5.ko
  LD [M]  net/rfkill/rfkill.ko
make[1]: Leaving directory '/home/potato/grafene/pomme/upstream/linux-hoolock/out'
make: Leaving directory '/home/potato/grafene/pomme/upstream/linux-hoolock'
[kernel-build] kernel release: 7.0.12-gdfa4d4208131-dirty
[kernel-build] installing dtbs (full set to staging, apple/ subset shipped)
make: Entering directory '/home/potato/grafene/pomme/upstream/linux-hoolock'
make[1]: Entering directory '/home/potato/grafene/pomme/upstream/linux-hoolock/out'
  INSTALL /home/potato/grafene/pomme/upstream/linux-hoolock/out/dtbs-install/apple/s5l8960x-j71.dtb
  INSTALL /home/potato/grafene/pomme/upstream/linux-hoolock/out/dtbs-install/apple/s5l8960x-j73.dtb
  INSTALL /home/potato/grafene/pomme/upstream/linux-hoolock/out/dtbs-install/apple/s5l8960x-j85m.dtb
  INSTALL /home/potato/grafene/pomme/upstream/linux-hoolock/out/dtbs-install/apple/s5l8960x-j86m.dtb
  INSTALL /home/potato/grafene/pomme/upstream/linux-hoolock/out/dtbs-install/apple/s5l8960x-j87m.dtb
  INSTALL /home/potato/grafene/pomme/upstream/linux-hoolock/out/dtbs-install/apple/s5l8960x-n53.dtb
  INSTALL /home/potato/grafene/pomme/upstream/linux-hoolock/out/dtbs-install/apple/s5l8960x-j72.dtb
  INSTALL /home/potato/grafene/pomme/upstream/linux-hoolock/out/dtbs-install/apple/s5l8960x-j85.dtb
  INSTALL /home/potato/grafene/pomme/upstream/linux-hoolock/out/dtbs-install/apple/s5l8960x-j86.dtb
  INSTALL /home/potato/grafene/pomme/upstream/linux-hoolock/out/dtbs-install/apple/s5l8960x-j87.dtb
  INSTALL /home/potato/grafene/pomme/upstream/linux-hoolock/out/dtbs-install/apple/s5l8960x-n51.dtb
  INSTALL /home/potato/grafene/pomme/upstream/linux-hoolock/out/dtbs-install/apple/t7000-j42d.dtb
  INSTALL /home/potato/grafene/pomme/upstream/linux-hoolock/out/dtbs-install/apple/t7000-j96.dtb
  INSTALL /home/potato/grafene/pomme/upstream/linux-hoolock/out/dtbs-install/apple/t7000-j97.dtb
  INSTALL /home/potato/grafene/pomme/upstream/linux-hoolock/out/dtbs-install/apple/t7000-n102.dtb
  INSTALL /home/potato/grafene/pomme/upstream/linux-hoolock/out/dtbs-install/apple/t7000-n56.dtb
  INSTALL /home/potato/grafene/pomme/upstream/linux-hoolock/out/dtbs-install/apple/t7000-n61.dtb
  INSTALL /home/potato/grafene/pomme/upstream/linux-hoolock/out/dtbs-install/apple/t7001-j81.dtb
  INSTALL /home/potato/grafene/pomme/upstream/linux-hoolock/out/dtbs-install/apple/t7001-j82.dtb
  INSTALL /home/potato/grafene/pomme/upstream/linux-hoolock/out/dtbs-install/apple/s8000-j71s.dtb
  INSTALL /home/potato/grafene/pomme/upstream/linux-hoolock/out/dtbs-install/apple/s8000-j72s.dtb
  INSTALL /home/potato/grafene/pomme/upstream/linux-hoolock/out/dtbs-install/apple/s8000-n66.dtb
  INSTALL /home/potato/grafene/pomme/upstream/linux-hoolock/out/dtbs-install/apple/s8000-n69u.dtb
  INSTALL /home/potato/grafene/pomme/upstream/linux-hoolock/out/dtbs-install/apple/s8000-n71.dtb
  INSTALL /home/potato/grafene/pomme/upstream/linux-hoolock/out/dtbs-install/apple/s8003-j71t.dtb
  INSTALL /home/potato/grafene/pomme/upstream/linux-hoolock/out/dtbs-install/apple/s8003-j72t.dtb
  INSTALL /home/potato/grafene/pomme/upstream/linux-hoolock/out/dtbs-install/apple/s8003-n66m.dtb
  INSTALL /home/potato/grafene/pomme/upstream/linux-hoolock/out/dtbs-install/apple/s8003-n69.dtb
  INSTALL /home/potato/grafene/pomme/upstream/linux-hoolock/out/dtbs-install/apple/s8003-n71m.dtb
  INSTALL /home/potato/grafene/pomme/upstream/linux-hoolock/out/dtbs-install/apple/s8001-j127.dtb
  INSTALL /home/potato/grafene/pomme/upstream/linux-hoolock/out/dtbs-install/apple/s8001-j128.dtb
  INSTALL /home/potato/grafene/pomme/upstream/linux-hoolock/out/dtbs-install/apple/s8001-j98a.dtb
  INSTALL /home/potato/grafene/pomme/upstream/linux-hoolock/out/dtbs-install/apple/s8001-j99a.dtb
  INSTALL /home/potato/grafene/pomme/upstream/linux-hoolock/out/dtbs-install/apple/t8010-d101.dtb
  INSTALL /home/potato/grafene/pomme/upstream/linux-hoolock/out/dtbs-install/apple/t8010-d10.dtb
  INSTALL /home/potato/grafene/pomme/upstream/linux-hoolock/out/dtbs-install/apple/t8010-d111.dtb
  INSTALL /home/potato/grafene/pomme/upstream/linux-hoolock/out/dtbs-install/apple/t8010-d11.dtb
  INSTALL /home/potato/grafene/pomme/upstream/linux-hoolock/out/dtbs-install/apple/t8010-j171.dtb
  INSTALL /home/potato/grafene/pomme/upstream/linux-hoolock/out/dtbs-install/apple/t8010-j172.dtb
  INSTALL /home/potato/grafene/pomme/upstream/linux-hoolock/out/dtbs-install/apple/t8010-j71b.dtb
  INSTALL /home/potato/grafene/pomme/upstream/linux-hoolock/out/dtbs-install/apple/t8010-j72b.dtb
  INSTALL /home/potato/grafene/pomme/upstream/linux-hoolock/out/dtbs-install/apple/t8010-n112.dtb
  INSTALL /home/potato/grafene/pomme/upstream/linux-hoolock/out/dtbs-install/apple/t8011-j105a.dtb
  INSTALL /home/potato/grafene/pomme/upstream/linux-hoolock/out/dtbs-install/apple/t8011-j120.dtb
  INSTALL /home/potato/grafene/pomme/upstream/linux-hoolock/out/dtbs-install/apple/t8011-j121.dtb
  INSTALL /home/potato/grafene/pomme/upstream/linux-hoolock/out/dtbs-install/apple/t8011-j207.dtb
  INSTALL /home/potato/grafene/pomme/upstream/linux-hoolock/out/dtbs-install/apple/t8011-j208.dtb
  INSTALL /home/potato/grafene/pomme/upstream/linux-hoolock/out/dtbs-install/apple/t8012-j132.dtb
  INSTALL /home/potato/grafene/pomme/upstream/linux-hoolock/out/dtbs-install/apple/t8012-j137.dtb
  INSTALL /home/potato/grafene/pomme/upstream/linux-hoolock/out/dtbs-install/apple/t8012-j140a.dtb
  INSTALL /home/potato/grafene/pomme/upstream/linux-hoolock/out/dtbs-install/apple/t8012-j140k.dtb
  INSTALL /home/potato/grafene/pomme/upstream/linux-hoolock/out/dtbs-install/apple/t8012-j152f.dtb
  INSTALL /home/potato/grafene/pomme/upstream/linux-hoolock/out/dtbs-install/apple/t8012-j160.dtb
  INSTALL /home/potato/grafene/pomme/upstream/linux-hoolock/out/dtbs-install/apple/t8012-j174.dtb
  INSTALL /home/potato/grafene/pomme/upstream/linux-hoolock/out/dtbs-install/apple/t8012-j185.dtb
  INSTALL /home/potato/grafene/pomme/upstream/linux-hoolock/out/dtbs-install/apple/t8012-j185f.dtb
  INSTALL /home/potato/grafene/pomme/upstream/linux-hoolock/out/dtbs-install/apple/t8012-j213.dtb
  INSTALL /home/potato/grafene/pomme/upstream/linux-hoolock/out/dtbs-install/apple/t8012-j215.dtb
  INSTALL /home/potato/grafene/pomme/upstream/linux-hoolock/out/dtbs-install/apple/t8012-j223.dtb
  INSTALL /home/potato/grafene/pomme/upstream/linux-hoolock/out/dtbs-install/apple/t8012-j230k.dtb
  INSTALL /home/potato/grafene/pomme/upstream/linux-hoolock/out/dtbs-install/apple/t8012-j214k.dtb
  INSTALL /home/potato/grafene/pomme/upstream/linux-hoolock/out/dtbs-install/apple/t8012-j680.dtb
  INSTALL /home/potato/grafene/pomme/upstream/linux-hoolock/out/dtbs-install/apple/t8012-j780.dtb
  INSTALL /home/potato/grafene/pomme/upstream/linux-hoolock/out/dtbs-install/apple/t8015-d201.dtb
  INSTALL /home/potato/grafene/pomme/upstream/linux-hoolock/out/dtbs-install/apple/t8015-d20.dtb
  INSTALL /home/potato/grafene/pomme/upstream/linux-hoolock/out/dtbs-install/apple/t8015-d211.dtb
  INSTALL /home/potato/grafene/pomme/upstream/linux-hoolock/out/dtbs-install/apple/t8015-d21.dtb
  INSTALL /home/potato/grafene/pomme/upstream/linux-hoolock/out/dtbs-install/apple/t8015-d221.dtb
  INSTALL /home/potato/grafene/pomme/upstream/linux-hoolock/out/dtbs-install/apple/t8015-d22.dtb
  INSTALL /home/potato/grafene/pomme/upstream/linux-hoolock/out/dtbs-install/apple/t8103-j274.dtb
  INSTALL /home/potato/grafene/pomme/upstream/linux-hoolock/out/dtbs-install/apple/t8103-j293.dtb
  INSTALL /home/potato/grafene/pomme/upstream/linux-hoolock/out/dtbs-install/apple/t8103-j313.dtb
  INSTALL /home/potato/grafene/pomme/upstream/linux-hoolock/out/dtbs-install/apple/t8103-j456.dtb
  INSTALL /home/potato/grafene/pomme/upstream/linux-hoolock/out/dtbs-install/apple/t8103-j457.dtb
  INSTALL /home/potato/grafene/pomme/upstream/linux-hoolock/out/dtbs-install/apple/t6000-j314s.dtb
  INSTALL /home/potato/grafene/pomme/upstream/linux-hoolock/out/dtbs-install/apple/t6001-j314c.dtb
  INSTALL /home/potato/grafene/pomme/upstream/linux-hoolock/out/dtbs-install/apple/t6000-j316s.dtb
  INSTALL /home/potato/grafene/pomme/upstream/linux-hoolock/out/dtbs-install/apple/t6001-j316c.dtb
  INSTALL /home/potato/grafene/pomme/upstream/linux-hoolock/out/dtbs-install/apple/t6001-j375c.dtb
  INSTALL /home/potato/grafene/pomme/upstream/linux-hoolock/out/dtbs-install/apple/t6002-j375d.dtb
  INSTALL /home/potato/grafene/pomme/upstream/linux-hoolock/out/dtbs-install/apple/t6022-j180d.dtb
  INSTALL /home/potato/grafene/pomme/upstream/linux-hoolock/out/dtbs-install/apple/t6020-j414s.dtb
  INSTALL /home/potato/grafene/pomme/upstream/linux-hoolock/out/dtbs-install/apple/t6021-j414c.dtb
  INSTALL /home/potato/grafene/pomme/upstream/linux-hoolock/out/dtbs-install/apple/t6020-j416s.dtb
  INSTALL /home/potato/grafene/pomme/upstream/linux-hoolock/out/dtbs-install/apple/t6021-j416c.dtb
  INSTALL /home/potato/grafene/pomme/upstream/linux-hoolock/out/dtbs-install/apple/t6020-j474s.dtb
  INSTALL /home/potato/grafene/pomme/upstream/linux-hoolock/out/dtbs-install/apple/t6021-j475c.dtb
  INSTALL /home/potato/grafene/pomme/upstream/linux-hoolock/out/dtbs-install/apple/t6022-j475d.dtb
  INSTALL /home/potato/grafene/pomme/upstream/linux-hoolock/out/dtbs-install/apple/t8112-j413.dtb
  INSTALL /home/potato/grafene/pomme/upstream/linux-hoolock/out/dtbs-install/apple/t8112-j415.dtb
  INSTALL /home/potato/grafene/pomme/upstream/linux-hoolock/out/dtbs-install/apple/t8112-j473.dtb
  INSTALL /home/potato/grafene/pomme/upstream/linux-hoolock/out/dtbs-install/apple/t8112-j493.dtb
make[1]: Leaving directory '/home/potato/grafene/pomme/upstream/linux-hoolock/out'
make: Leaving directory '/home/potato/grafene/pomme/upstream/linux-hoolock'
[kernel-build] apple DTBs installed: 92
[kernel-build] installing modules (stripped) to staging with INSTALL_MOD_PATH
make: Entering directory '/home/potato/grafene/pomme/upstream/linux-hoolock'
make[1]: Entering directory '/home/potato/grafene/pomme/upstream/linux-hoolock/out'
  SYMLINK /home/potato/grafene/pomme/upstream/linux-hoolock/out/modules-staging/lib/modules/7.0.12-gdfa4d4208131-dirty/build
  INSTALL /home/potato/grafene/pomme/upstream/linux-hoolock/out/modules-staging/lib/modules/7.0.12-gdfa4d4208131-dirty/modules.order
  INSTALL /home/potato/grafene/pomme/upstream/linux-hoolock/out/modules-staging/lib/modules/7.0.12-gdfa4d4208131-dirty/modules.builtin
  INSTALL /home/potato/grafene/pomme/upstream/linux-hoolock/out/modules-staging/lib/modules/7.0.12-gdfa4d4208131-dirty/modules.builtin.modinfo
  INSTALL /home/potato/grafene/pomme/upstream/linux-hoolock/out/modules-staging/lib/modules/7.0.12-gdfa4d4208131-dirty/kernel/fs/nfs_common/nfs_acl.ko
  INSTALL /home/potato/grafene/pomme/upstream/linux-hoolock/out/modules-staging/lib/modules/7.0.12-gdfa4d4208131-dirty/kernel/fs/nfs_common/grace.ko
  INSTALL /home/potato/grafene/pomme/upstream/linux-hoolock/out/modules-staging/lib/modules/7.0.12-gdfa4d4208131-dirty/kernel/fs/nls/nls_ucs2_utils.ko
  INSTALL /home/potato/grafene/pomme/upstream/linux-hoolock/out/modules-staging/lib/modules/7.0.12-gdfa4d4208131-dirty/kernel/fs/binfmt_misc.ko
  INSTALL /home/potato/grafene/pomme/upstream/linux-hoolock/out/modules-staging/lib/modules/7.0.12-gdfa4d4208131-dirty/kernel/fs/netfs/netfs.ko
  INSTALL /home/potato/grafene/pomme/upstream/linux-hoolock/out/modules-staging/lib/modules/7.0.12-gdfa4d4208131-dirty/kernel/fs/squashfs/squashfs.ko
  INSTALL /home/potato/grafene/pomme/upstream/linux-hoolock/out/modules-staging/lib/modules/7.0.12-gdfa4d4208131-dirty/kernel/fs/exfat/exfat.ko
  STRIP   /home/potato/grafene/pomme/upstream/linux-hoolock/out/modules-staging/lib/modules/7.0.12-gdfa4d4208131-dirty/kernel/fs/nfs_common/nfs_acl.ko
  INSTALL /home/potato/grafene/pomme/upstream/linux-hoolock/out/modules-staging/lib/modules/7.0.12-gdfa4d4208131-dirty/kernel/fs/nfs/nfs.ko
  STRIP   /home/potato/grafene/pomme/upstream/linux-hoolock/out/modules-staging/lib/modules/7.0.12-gdfa4d4208131-dirty/kernel/fs/nfs_common/grace.ko
  STRIP   /home/potato/grafene/pomme/upstream/linux-hoolock/out/modules-staging/lib/modules/7.0.12-gdfa4d4208131-dirty/kernel/fs/nls/nls_ucs2_utils.ko
  STRIP   /home/potato/grafene/pomme/upstream/linux-hoolock/out/modules-staging/lib/modules/7.0.12-gdfa4d4208131-dirty/kernel/fs/binfmt_misc.ko
  STRIP   /home/potato/grafene/pomme/upstream/linux-hoolock/out/modules-staging/lib/modules/7.0.12-gdfa4d4208131-dirty/kernel/fs/exfat/exfat.ko
  STRIP   /home/potato/grafene/pomme/upstream/linux-hoolock/out/modules-staging/lib/modules/7.0.12-gdfa4d4208131-dirty/kernel/fs/squashfs/squashfs.ko
  INSTALL /home/potato/grafene/pomme/upstream/linux-hoolock/out/modules-staging/lib/modules/7.0.12-gdfa4d4208131-dirty/kernel/fs/nfs/nfsv3.ko
  INSTALL /home/potato/grafene/pomme/upstream/linux-hoolock/out/modules-staging/lib/modules/7.0.12-gdfa4d4208131-dirty/kernel/fs/nfs/nfsv4.ko
  INSTALL /home/potato/grafene/pomme/upstream/linux-hoolock/out/modules-staging/lib/modules/7.0.12-gdfa4d4208131-dirty/kernel/fs/nfs/filelayout/nfs_layout_nfsv41_files.ko
  STRIP   /home/potato/grafene/pomme/upstream/linux-hoolock/out/modules-staging/lib/modules/7.0.12-gdfa4d4208131-dirty/kernel/fs/netfs/netfs.ko
  INSTALL /home/potato/grafene/pomme/upstream/linux-hoolock/out/modules-staging/lib/modules/7.0.12-gdfa4d4208131-dirty/kernel/fs/nfs/blocklayout/blocklayoutdriver.ko
  INSTALL /home/potato/grafene/pomme/upstream/linux-hoolock/out/modules-staging/lib/modules/7.0.12-gdfa4d4208131-dirty/kernel/fs/nfs/flexfilelayout/nfs_layout_flexfiles.ko
  STRIP   /home/potato/grafene/pomme/upstream/linux-hoolock/out/modules-staging/lib/modules/7.0.12-gdfa4d4208131-dirty/kernel/fs/nfs/nfsv3.ko
  INSTALL /home/potato/grafene/pomme/upstream/linux-hoolock/out/modules-staging/lib/modules/7.0.12-gdfa4d4208131-dirty/kernel/fs/nfsd/nfsd.ko
  STRIP   /home/potato/grafene/pomme/upstream/linux-hoolock/out/modules-staging/lib/modules/7.0.12-gdfa4d4208131-dirty/kernel/fs/nfs/filelayout/nfs_layout_nfsv41_files.ko
  STRIP   /home/potato/grafene/pomme/upstream/linux-hoolock/out/modules-staging/lib/modules/7.0.12-gdfa4d4208131-dirty/kernel/fs/nfs/blocklayout/blocklayoutdriver.ko
  STRIP   /home/potato/grafene/pomme/upstream/linux-hoolock/out/modules-staging/lib/modules/7.0.12-gdfa4d4208131-dirty/kernel/fs/nfs/nfs.ko
  STRIP   /home/potato/grafene/pomme/upstream/linux-hoolock/out/modules-staging/lib/modules/7.0.12-gdfa4d4208131-dirty/kernel/fs/nfs/flexfilelayout/nfs_layout_flexfiles.ko
  INSTALL /home/potato/grafene/pomme/upstream/linux-hoolock/out/modules-staging/lib/modules/7.0.12-gdfa4d4208131-dirty/kernel/fs/lockd/lockd.ko
  INSTALL /home/potato/grafene/pomme/upstream/linux-hoolock/out/modules-staging/lib/modules/7.0.12-gdfa4d4208131-dirty/kernel/fs/smb/common/cifs_md4.ko
  INSTALL /home/potato/grafene/pomme/upstream/linux-hoolock/out/modules-staging/lib/modules/7.0.12-gdfa4d4208131-dirty/kernel/fs/smb/client/cifs.ko
  INSTALL /home/potato/grafene/pomme/upstream/linux-hoolock/out/modules-staging/lib/modules/7.0.12-gdfa4d4208131-dirty/kernel/fs/ntfs3/ntfs3.ko
  STRIP   /home/potato/grafene/pomme/upstream/linux-hoolock/out/modules-staging/lib/modules/7.0.12-gdfa4d4208131-dirty/kernel/fs/smb/common/cifs_md4.ko
  INSTALL /home/potato/grafene/pomme/upstream/linux-hoolock/out/modules-staging/lib/modules/7.0.12-gdfa4d4208131-dirty/kernel/fs/fuse/fuse.ko
  STRIP   /home/potato/grafene/pomme/upstream/linux-hoolock/out/modules-staging/lib/modules/7.0.12-gdfa4d4208131-dirty/kernel/fs/ntfs3/ntfs3.ko
  STRIP   /home/potato/grafene/pomme/upstream/linux-hoolock/out/modules-staging/lib/modules/7.0.12-gdfa4d4208131-dirty/kernel/fs/nfs/nfsv4.ko
  INSTALL /home/potato/grafene/pomme/upstream/linux-hoolock/out/modules-staging/lib/modules/7.0.12-gdfa4d4208131-dirty/kernel/fs/overlayfs/overlay.ko
  STRIP   /home/potato/grafene/pomme/upstream/linux-hoolock/out/modules-staging/lib/modules/7.0.12-gdfa4d4208131-dirty/kernel/fs/lockd/lockd.ko
  STRIP   /home/potato/grafene/pomme/upstream/linux-hoolock/out/modules-staging/lib/modules/7.0.12-gdfa4d4208131-dirty/kernel/fs/nfsd/nfsd.ko
  INSTALL /home/potato/grafene/pomme/upstream/linux-hoolock/out/modules-staging/lib/modules/7.0.12-gdfa4d4208131-dirty/kernel/fs/udf/udf.ko
  STRIP   /home/potato/grafene/pomme/upstream/linux-hoolock/out/modules-staging/lib/modules/7.0.12-gdfa4d4208131-dirty/kernel/fs/fuse/fuse.ko
  INSTALL /home/potato/grafene/pomme/upstream/linux-hoolock/out/modules-staging/lib/modules/7.0.12-gdfa4d4208131-dirty/kernel/fs/xfs/xfs.ko
  STRIP   /home/potato/grafene/pomme/upstream/linux-hoolock/out/modules-staging/lib/modules/7.0.12-gdfa4d4208131-dirty/kernel/fs/overlayfs/overlay.ko
  STRIP   /home/potato/grafene/pomme/upstream/linux-hoolock/out/modules-staging/lib/modules/7.0.12-gdfa4d4208131-dirty/kernel/fs/udf/udf.ko
  STRIP   /home/potato/grafene/pomme/upstream/linux-hoolock/out/modules-staging/lib/modules/7.0.12-gdfa4d4208131-dirty/kernel/fs/smb/client/cifs.ko
  INSTALL /home/potato/grafene/pomme/upstream/linux-hoolock/out/modules-staging/lib/modules/7.0.12-gdfa4d4208131-dirty/kernel/fs/cachefiles/cachefiles.ko
  INSTALL /home/potato/grafene/pomme/upstream/linux-hoolock/out/modules-staging/lib/modules/7.0.12-gdfa4d4208131-dirty/kernel/fs/efivarfs/efivarfs.ko
  INSTALL /home/potato/grafene/pomme/upstream/linux-hoolock/out/modules-staging/lib/modules/7.0.12-gdfa4d4208131-dirty/kernel/fs/erofs/erofs.ko
  STRIP   /home/potato/grafene/pomme/upstream/linux-hoolock/out/modules-staging/lib/modules/7.0.12-gdfa4d4208131-dirty/kernel/fs/efivarfs/efivarfs.ko
  STRIP   /home/potato/grafene/pomme/upstream/linux-hoolock/out/modules-staging/lib/modules/7.0.12-gdfa4d4208131-dirty/kernel/fs/cachefiles/cachefiles.ko
  STRIP   /home/potato/grafene/pomme/upstream/linux-hoolock/out/modules-staging/lib/modules/7.0.12-gdfa4d4208131-dirty/kernel/fs/erofs/erofs.ko
  STRIP   /home/potato/grafene/pomme/upstream/linux-hoolock/out/modules-staging/lib/modules/7.0.12-gdfa4d4208131-dirty/kernel/fs/xfs/xfs.ko
  INSTALL /home/potato/grafene/pomme/upstream/linux-hoolock/out/modules-staging/lib/modules/7.0.12-gdfa4d4208131-dirty/kernel/crypto/asymmetric_keys/pkcs8_key_parser.ko
  INSTALL /home/potato/grafene/pomme/upstream/linux-hoolock/out/modules-staging/lib/modules/7.0.12-gdfa4d4208131-dirty/kernel/crypto/cmac.ko
  INSTALL /home/potato/grafene/pomme/upstream/linux-hoolock/out/modules-staging/lib/modules/7.0.12-gdfa4d4208131-dirty/kernel/crypto/md4.ko
  INSTALL /home/potato/grafene/pomme/upstream/linux-hoolock/out/modules-staging/lib/modules/7.0.12-gdfa4d4208131-dirty/kernel/crypto/des_generic.ko
  STRIP   /home/potato/grafene/pomme/upstream/linux-hoolock/out/modules-staging/lib/modules/7.0.12-gdfa4d4208131-dirty/kernel/crypto/asymmetric_keys/pkcs8_key_parser.ko
  STRIP   /home/potato/grafene/pomme/upstream/linux-hoolock/out/modules-staging/lib/modules/7.0.12-gdfa4d4208131-dirty/kernel/crypto/cmac.ko
  STRIP   /home/potato/grafene/pomme/upstream/linux-hoolock/out/modules-staging/lib/modules/7.0.12-gdfa4d4208131-dirty/kernel/crypto/md4.ko
  STRIP   /home/potato/grafene/pomme/upstream/linux-hoolock/out/modules-staging/lib/modules/7.0.12-gdfa4d4208131-dirty/kernel/crypto/des_generic.ko
  INSTALL /home/potato/grafene/pomme/upstream/linux-hoolock/out/modules-staging/lib/modules/7.0.12-gdfa4d4208131-dirty/kernel/crypto/camellia_generic.ko
  INSTALL /home/potato/grafene/pomme/upstream/linux-hoolock/out/modules-staging/lib/modules/7.0.12-gdfa4d4208131-dirty/kernel/crypto/algif_hash.ko
  INSTALL /home/potato/grafene/pomme/upstream/linux-hoolock/out/modules-staging/lib/modules/7.0.12-gdfa4d4208131-dirty/kernel/crypto/algif_skcipher.ko
  INSTALL /home/potato/grafene/pomme/upstream/linux-hoolock/out/modules-staging/lib/modules/7.0.12-gdfa4d4208131-dirty/kernel/crypto/async_tx/async_tx.ko
  STRIP   /home/potato/grafene/pomme/upstream/linux-hoolock/out/modules-staging/lib/modules/7.0.12-gdfa4d4208131-dirty/kernel/crypto/camellia_generic.ko
  STRIP   /home/potato/grafene/pomme/upstream/linux-hoolock/out/modules-staging/lib/modules/7.0.12-gdfa4d4208131-dirty/kernel/crypto/algif_hash.ko
  STRIP   /home/potato/grafene/pomme/upstream/linux-hoolock/out/modules-staging/lib/modules/7.0.12-gdfa4d4208131-dirty/kernel/crypto/algif_skcipher.ko
  STRIP   /home/potato/grafene/pomme/upstream/linux-hoolock/out/modules-staging/lib/modules/7.0.12-gdfa4d4208131-dirty/kernel/crypto/async_tx/async_tx.ko
  INSTALL /home/potato/grafene/pomme/upstream/linux-hoolock/out/modules-staging/lib/modules/7.0.12-gdfa4d4208131-dirty/kernel/crypto/async_tx/async_xor.ko
  INSTALL /home/potato/grafene/pomme/upstream/linux-hoolock/out/modules-staging/lib/modules/7.0.12-gdfa4d4208131-dirty/kernel/block/bsg.ko
  INSTALL /home/potato/grafene/pomme/upstream/linux-hoolock/out/modules-staging/lib/modules/7.0.12-gdfa4d4208131-dirty/kernel/lib/crc/crc-itu-t.ko
  INSTALL /home/potato/grafene/pomme/upstream/linux-hoolock/out/modules-staging/lib/modules/7.0.12-gdfa4d4208131-dirty/kernel/lib/crypto/libarc4.ko
  STRIP   /home/potato/grafene/pomme/upstream/linux-hoolock/out/modules-staging/lib/modules/7.0.12-gdfa4d4208131-dirty/kernel/crypto/async_tx/async_xor.ko
  STRIP   /home/potato/grafene/pomme/upstream/linux-hoolock/out/modules-staging/lib/modules/7.0.12-gdfa4d4208131-dirty/kernel/block/bsg.ko
  STRIP   /home/potato/grafene/pomme/upstream/linux-hoolock/out/modules-staging/lib/modules/7.0.12-gdfa4d4208131-dirty/kernel/lib/crc/crc-itu-t.ko
  STRIP   /home/potato/grafene/pomme/upstream/linux-hoolock/out/modules-staging/lib/modules/7.0.12-gdfa4d4208131-dirty/kernel/lib/crypto/libarc4.ko
  INSTALL /home/potato/grafene/pomme/upstream/linux-hoolock/out/modules-staging/lib/modules/7.0.12-gdfa4d4208131-dirty/kernel/lib/crypto/libchacha20poly1305.ko
  INSTALL /home/potato/grafene/pomme/upstream/linux-hoolock/out/modules-staging/lib/modules/7.0.12-gdfa4d4208131-dirty/kernel/lib/crypto/libcurve25519.ko
  INSTALL /home/potato/grafene/pomme/upstream/linux-hoolock/out/modules-staging/lib/modules/7.0.12-gdfa4d4208131-dirty/kernel/lib/crypto/libdes.ko
  INSTALL /home/potato/grafene/pomme/upstream/linux-hoolock/out/modules-staging/lib/modules/7.0.12-gdfa4d4208131-dirty/kernel/lib/crypto/libpoly1305.ko
  INSTALL /home/potato/grafene/pomme/upstream/linux-hoolock/out/modules-staging/lib/modules/7.0.12-gdfa4d4208131-dirty/kernel/drivers/leds/trigger/ledtrig-timer.ko
  STRIP   /home/potato/grafene/pomme/upstream/linux-hoolock/out/modules-staging/lib/modules/7.0.12-gdfa4d4208131-dirty/kernel/lib/crypto/libchacha20poly1305.ko
  STRIP   /home/potato/grafene/pomme/upstream/linux-hoolock/out/modules-staging/lib/modules/7.0.12-gdfa4d4208131-dirty/kernel/lib/crypto/libcurve25519.ko
  STRIP   /home/potato/grafene/pomme/upstream/linux-hoolock/out/modules-staging/lib/modules/7.0.12-gdfa4d4208131-dirty/kernel/lib/crypto/libdes.ko
  STRIP   /home/potato/grafene/pomme/upstream/linux-hoolock/out/modules-staging/lib/modules/7.0.12-gdfa4d4208131-dirty/kernel/lib/crypto/libpoly1305.ko
  STRIP   /home/potato/grafene/pomme/upstream/linux-hoolock/out/modules-staging/lib/modules/7.0.12-gdfa4d4208131-dirty/kernel/drivers/leds/trigger/ledtrig-timer.ko
  INSTALL /home/potato/grafene/pomme/upstream/linux-hoolock/out/modules-staging/lib/modules/7.0.12-gdfa4d4208131-dirty/kernel/drivers/leds/trigger/ledtrig-pattern.ko
  INSTALL /home/potato/grafene/pomme/upstream/linux-hoolock/out/modules-staging/lib/modules/7.0.12-gdfa4d4208131-dirty/kernel/drivers/leds/led-class.ko
  INSTALL /home/potato/grafene/pomme/upstream/linux-hoolock/out/modules-staging/lib/modules/7.0.12-gdfa4d4208131-dirty/kernel/drivers/leds/led-class-multicolor.ko
  INSTALL /home/potato/grafene/pomme/upstream/linux-hoolock/out/modules-staging/lib/modules/7.0.12-gdfa4d4208131-dirty/kernel/drivers/video/backlight/lcd.ko
  STRIP   /home/potato/grafene/pomme/upstream/linux-hoolock/out/modules-staging/lib/modules/7.0.12-gdfa4d4208131-dirty/kernel/drivers/leds/trigger/ledtrig-pattern.ko
  STRIP   /home/potato/grafene/pomme/upstream/linux-hoolock/out/modules-staging/lib/modules/7.0.12-gdfa4d4208131-dirty/kernel/drivers/leds/led-class.ko
  STRIP   /home/potato/grafene/pomme/upstream/linux-hoolock/out/modules-staging/lib/modules/7.0.12-gdfa4d4208131-dirty/kernel/drivers/leds/led-class-multicolor.ko
  INSTALL /home/potato/grafene/pomme/upstream/linux-hoolock/out/modules-staging/lib/modules/7.0.12-gdfa4d4208131-dirty/kernel/drivers/tty/ttynull.ko
  INSTALL /home/potato/grafene/pomme/upstream/linux-hoolock/out/modules-staging/lib/modules/7.0.12-gdfa4d4208131-dirty/kernel/drivers/char/hw_random/virtio-rng.ko
  INSTALL /home/potato/grafene/pomme/upstream/linux-hoolock/out/modules-staging/lib/modules/7.0.12-gdfa4d4208131-dirty/kernel/drivers/gpu/drm/udl/udl.ko
  INSTALL /home/potato/grafene/pomme/upstream/linux-hoolock/out/modules-staging/lib/modules/7.0.12-gdfa4d4208131-dirty/kernel/drivers/block/nbd.ko
  STRIP   /home/potato/grafene/pomme/upstream/linux-hoolock/out/modules-staging/lib/modules/7.0.12-gdfa4d4208131-dirty/kernel/drivers/video/backlight/lcd.ko
  STRIP   /home/potato/grafene/pomme/upstream/linux-hoolock/out/modules-staging/lib/modules/7.0.12-gdfa4d4208131-dirty/kernel/drivers/tty/ttynull.ko
  STRIP   /home/potato/grafene/pomme/upstream/linux-hoolock/out/modules-staging/lib/modules/7.0.12-gdfa4d4208131-dirty/kernel/drivers/char/hw_random/virtio-rng.ko
  STRIP   /home/potato/grafene/pomme/upstream/linux-hoolock/out/modules-staging/lib/modules/7.0.12-gdfa4d4208131-dirty/kernel/drivers/gpu/drm/udl/udl.ko
  STRIP   /home/potato/grafene/pomme/upstream/linux-hoolock/out/modules-staging/lib/modules/7.0.12-gdfa4d4208131-dirty/kernel/drivers/block/nbd.ko
  INSTALL /home/potato/grafene/pomme/upstream/linux-hoolock/out/modules-staging/lib/modules/7.0.12-gdfa4d4208131-dirty/kernel/drivers/block/ublk_drv.ko
  INSTALL /home/potato/grafene/pomme/upstream/linux-hoolock/out/modules-staging/lib/modules/7.0.12-gdfa4d4208131-dirty/kernel/drivers/misc/enclosure.ko
  INSTALL /home/potato/grafene/pomme/upstream/linux-hoolock/out/modules-staging/lib/modules/7.0.12-gdfa4d4208131-dirty/kernel/drivers/misc/hmc6352.ko
  STRIP   /home/potato/grafene/pomme/upstream/linux-hoolock/out/modules-staging/lib/modules/7.0.12-gdfa4d4208131-dirty/kernel/drivers/misc/enclosure.ko
  STRIP   /home/potato/grafene/pomme/upstream/linux-hoolock/out/modules-staging/lib/modules/7.0.12-gdfa4d4208131-dirty/kernel/drivers/block/ublk_drv.ko
  STRIP   /home/potato/grafene/pomme/upstream/linux-hoolock/out/modules-staging/lib/modules/7.0.12-gdfa4d4208131-dirty/kernel/drivers/misc/hmc6352.ko
  INSTALL /home/potato/grafene/pomme/upstream/linux-hoolock/out/modules-staging/lib/modules/7.0.12-gdfa4d4208131-dirty/kernel/drivers/misc/ntsync.ko
  INSTALL /home/potato/grafene/pomme/upstream/linux-hoolock/out/modules-staging/lib/modules/7.0.12-gdfa4d4208131-dirty/kernel/drivers/misc/hi6421v600-irq.ko
  INSTALL /home/potato/grafene/pomme/upstream/linux-hoolock/out/modules-staging/lib/modules/7.0.12-gdfa4d4208131-dirty/kernel/drivers/scsi/scsi_mod.ko
  INSTALL /home/potato/grafene/pomme/upstream/linux-hoolock/out/modules-staging/lib/modules/7.0.12-gdfa4d4208131-dirty/kernel/drivers/scsi/scsi_common.ko
  INSTALL /home/potato/grafene/pomme/upstream/linux-hoolock/out/modules-staging/lib/modules/7.0.12-gdfa4d4208131-dirty/kernel/drivers/net/phy/mdio-bus.ko
  INSTALL /home/potato/grafene/pomme/upstream/linux-hoolock/out/modules-staging/lib/modules/7.0.12-gdfa4d4208131-dirty/kernel/drivers/net/phy/phylink.ko
  INSTALL /home/potato/grafene/pomme/upstream/linux-hoolock/out/modules-staging/lib/modules/7.0.12-gdfa4d4208131-dirty/kernel/drivers/net/phy/libphy.ko
  INSTALL /home/potato/grafene/pomme/upstream/linux-hoolock/out/modules-staging/lib/modules/7.0.12-gdfa4d4208131-dirty/kernel/drivers/net/phy/mdio_devres.ko
  STRIP   /home/potato/grafene/pomme/upstream/linux-hoolock/out/modules-staging/lib/modules/7.0.12-gdfa4d4208131-dirty/kernel/drivers/misc/ntsync.ko
  STRIP   /home/potato/grafene/pomme/upstream/linux-hoolock/out/modules-staging/lib/modules/7.0.12-gdfa4d4208131-dirty/kernel/drivers/misc/hi6421v600-irq.ko
  STRIP   /home/potato/grafene/pomme/upstream/linux-hoolock/out/modules-staging/lib/modules/7.0.12-gdfa4d4208131-dirty/kernel/drivers/scsi/scsi_common.ko
  STRIP   /home/potato/grafene/pomme/upstream/linux-hoolock/out/modules-staging/lib/modules/7.0.12-gdfa4d4208131-dirty/kernel/drivers/net/phy/mdio-bus.ko
  STRIP   /home/potato/grafene/pomme/upstream/linux-hoolock/out/modules-staging/lib/modules/7.0.12-gdfa4d4208131-dirty/kernel/drivers/net/phy/phylink.ko
  STRIP   /home/potato/grafene/pomme/upstream/linux-hoolock/out/modules-staging/lib/modules/7.0.12-gdfa4d4208131-dirty/kernel/drivers/net/phy/mdio_devres.ko
  STRIP   /home/potato/grafene/pomme/upstream/linux-hoolock/out/modules-staging/lib/modules/7.0.12-gdfa4d4208131-dirty/kernel/drivers/scsi/scsi_mod.ko
  INSTALL /home/potato/grafene/pomme/upstream/linux-hoolock/out/modules-staging/lib/modules/7.0.12-gdfa4d4208131-dirty/kernel/drivers/net/phy/ax88796b.ko
  STRIP   /home/potato/grafene/pomme/upstream/linux-hoolock/out/modules-staging/lib/modules/7.0.12-gdfa4d4208131-dirty/kernel/drivers/net/phy/libphy.ko
  INSTALL /home/potato/grafene/pomme/upstream/linux-hoolock/out/modules-staging/lib/modules/7.0.12-gdfa4d4208131-dirty/kernel/drivers/net/phy/fixed_phy.ko
  STRIP   /home/potato/grafene/pomme/upstream/linux-hoolock/out/modules-staging/lib/modules/7.0.12-gdfa4d4208131-dirty/kernel/drivers/net/phy/ax88796b.ko
  STRIP   /home/potato/grafene/pomme/upstream/linux-hoolock/out/modules-staging/lib/modules/7.0.12-gdfa4d4208131-dirty/kernel/drivers/net/phy/fixed_phy.ko
  INSTALL /home/potato/grafene/pomme/upstream/linux-hoolock/out/modules-staging/lib/modules/7.0.12-gdfa4d4208131-dirty/kernel/drivers/net/mdio/fwnode_mdio.ko
  INSTALL /home/potato/grafene/pomme/upstream/linux-hoolock/out/modules-staging/lib/modules/7.0.12-gdfa4d4208131-dirty/kernel/drivers/net/mdio/of_mdio.ko
  INSTALL /home/potato/grafene/pomme/upstream/linux-hoolock/out/modules-staging/lib/modules/7.0.12-gdfa4d4208131-dirty/kernel/drivers/net/ipvlan/ipvlan.ko
  INSTALL /home/potato/grafene/pomme/upstream/linux-hoolock/out/modules-staging/lib/modules/7.0.12-gdfa4d4208131-dirty/kernel/drivers/net/dummy.ko
  STRIP   /home/potato/grafene/pomme/upstream/linux-hoolock/out/modules-staging/lib/modules/7.0.12-gdfa4d4208131-dirty/kernel/drivers/net/mdio/fwnode_mdio.ko
  STRIP   /home/potato/grafene/pomme/upstream/linux-hoolock/out/modules-staging/lib/modules/7.0.12-gdfa4d4208131-dirty/kernel/drivers/net/mdio/of_mdio.ko
  STRIP   /home/potato/grafene/pomme/upstream/linux-hoolock/out/modules-staging/lib/modules/7.0.12-gdfa4d4208131-dirty/kernel/drivers/net/dummy.ko
  STRIP   /home/potato/grafene/pomme/upstream/linux-hoolock/out/modules-staging/lib/modules/7.0.12-gdfa4d4208131-dirty/kernel/drivers/net/ipvlan/ipvlan.ko
  INSTALL /home/potato/grafene/pomme/upstream/linux-hoolock/out/modules-staging/lib/modules/7.0.12-gdfa4d4208131-dirty/kernel/drivers/net/wireguard/wireguard.ko
  INSTALL /home/potato/grafene/pomme/upstream/linux-hoolock/out/modules-staging/lib/modules/7.0.12-gdfa4d4208131-dirty/kernel/drivers/net/macvlan.ko
  INSTALL /home/potato/grafene/pomme/upstream/linux-hoolock/out/modules-staging/lib/modules/7.0.12-gdfa4d4208131-dirty/kernel/drivers/net/mii.ko
  INSTALL /home/potato/grafene/pomme/upstream/linux-hoolock/out/modules-staging/lib/modules/7.0.12-gdfa4d4208131-dirty/kernel/drivers/net/tun.ko
  INSTALL /home/potato/grafene/pomme/upstream/linux-hoolock/out/modules-staging/lib/modules/7.0.12-gdfa4d4208131-dirty/kernel/drivers/net/veth.ko
  INSTALL /home/potato/grafene/pomme/upstream/linux-hoolock/out/modules-staging/lib/modules/7.0.12-gdfa4d4208131-dirty/kernel/drivers/net/vxlan/vxlan.ko
  INSTALL /home/potato/grafene/pomme/upstream/linux-hoolock/out/modules-staging/lib/modules/7.0.12-gdfa4d4208131-dirty/kernel/drivers/net/usb/r8152.ko
  STRIP   /home/potato/grafene/pomme/upstream/linux-hoolock/out/modules-staging/lib/modules/7.0.12-gdfa4d4208131-dirty/kernel/drivers/net/macvlan.ko
  STRIP   /home/potato/grafene/pomme/upstream/linux-hoolock/out/modules-staging/lib/modules/7.0.12-gdfa4d4208131-dirty/kernel/drivers/net/mii.ko
  STRIP   /home/potato/grafene/pomme/upstream/linux-hoolock/out/modules-staging/lib/modules/7.0.12-gdfa4d4208131-dirty/kernel/drivers/net/tun.ko
  STRIP   /home/potato/grafene/pomme/upstream/linux-hoolock/out/modules-staging/lib/modules/7.0.12-gdfa4d4208131-dirty/kernel/drivers/net/veth.ko
  STRIP   /home/potato/grafene/pomme/upstream/linux-hoolock/out/modules-staging/lib/modules/7.0.12-gdfa4d4208131-dirty/kernel/drivers/net/usb/r8152.ko
  STRIP   /home/potato/grafene/pomme/upstream/linux-hoolock/out/modules-staging/lib/modules/7.0.12-gdfa4d4208131-dirty/kernel/drivers/net/wireguard/wireguard.ko
  STRIP   /home/potato/grafene/pomme/upstream/linux-hoolock/out/modules-staging/lib/modules/7.0.12-gdfa4d4208131-dirty/kernel/drivers/net/vxlan/vxlan.ko
  INSTALL /home/potato/grafene/pomme/upstream/linux-hoolock/out/modules-staging/lib/modules/7.0.12-gdfa4d4208131-dirty/kernel/drivers/net/usb/asix.ko
  INSTALL /home/potato/grafene/pomme/upstream/linux-hoolock/out/modules-staging/lib/modules/7.0.12-gdfa4d4208131-dirty/kernel/drivers/net/usb/ax88179_178a.ko
  INSTALL /home/potato/grafene/pomme/upstream/linux-hoolock/out/modules-staging/lib/modules/7.0.12-gdfa4d4208131-dirty/kernel/drivers/net/usb/cdc_ether.ko
  INSTALL /home/potato/grafene/pomme/upstream/linux-hoolock/out/modules-staging/lib/modules/7.0.12-gdfa4d4208131-dirty/kernel/drivers/net/usb/net1080.ko
  INSTALL /home/potato/grafene/pomme/upstream/linux-hoolock/out/modules-staging/lib/modules/7.0.12-gdfa4d4208131-dirty/kernel/drivers/net/usb/rndis_host.ko
  INSTALL /home/potato/grafene/pomme/upstream/linux-hoolock/out/modules-staging/lib/modules/7.0.12-gdfa4d4208131-dirty/kernel/drivers/net/usb/cdc_subset.ko
  INSTALL /home/potato/grafene/pomme/upstream/linux-hoolock/out/modules-staging/lib/modules/7.0.12-gdfa4d4208131-dirty/kernel/drivers/net/usb/zaurus.ko
  STRIP   /home/potato/grafene/pomme/upstream/linux-hoolock/out/modules-staging/lib/modules/7.0.12-gdfa4d4208131-dirty/kernel/drivers/net/usb/asix.ko
  STRIP   /home/potato/grafene/pomme/upstream/linux-hoolock/out/modules-staging/lib/modules/7.0.12-gdfa4d4208131-dirty/kernel/drivers/net/usb/ax88179_178a.ko
  STRIP   /home/potato/grafene/pomme/upstream/linux-hoolock/out/modules-staging/lib/modules/7.0.12-gdfa4d4208131-dirty/kernel/drivers/net/usb/cdc_ether.ko
  STRIP   /home/potato/grafene/pomme/upstream/linux-hoolock/out/modules-staging/lib/modules/7.0.12-gdfa4d4208131-dirty/kernel/drivers/net/usb/net1080.ko
  STRIP   /home/potato/grafene/pomme/upstream/linux-hoolock/out/modules-staging/lib/modules/7.0.12-gdfa4d4208131-dirty/kernel/drivers/net/usb/rndis_host.ko
  INSTALL /home/potato/grafene/pomme/upstream/linux-hoolock/out/modules-staging/lib/modules/7.0.12-gdfa4d4208131-dirty/kernel/drivers/net/usb/usbnet.ko
  STRIP   /home/potato/grafene/pomme/upstream/linux-hoolock/out/modules-staging/lib/modules/7.0.12-gdfa4d4208131-dirty/kernel/drivers/net/usb/cdc_subset.ko
  STRIP   /home/potato/grafene/pomme/upstream/linux-hoolock/out/modules-staging/lib/modules/7.0.12-gdfa4d4208131-dirty/kernel/drivers/net/usb/zaurus.ko
  STRIP   /home/potato/grafene/pomme/upstream/linux-hoolock/out/modules-staging/lib/modules/7.0.12-gdfa4d4208131-dirty/kernel/drivers/net/usb/usbnet.ko
  INSTALL /home/potato/grafene/pomme/upstream/linux-hoolock/out/modules-staging/lib/modules/7.0.12-gdfa4d4208131-dirty/kernel/drivers/net/usb/cdc_ncm.ko
  INSTALL /home/potato/grafene/pomme/upstream/linux-hoolock/out/modules-staging/lib/modules/7.0.12-gdfa4d4208131-dirty/kernel/drivers/net/usb/r8153_ecm.ko
  STRIP   /home/potato/grafene/pomme/upstream/linux-hoolock/out/modules-staging/lib/modules/7.0.12-gdfa4d4208131-dirty/kernel/drivers/net/usb/cdc_ncm.ko
  INSTALL /home/potato/grafene/pomme/upstream/linux-hoolock/out/modules-staging/lib/modules/7.0.12-gdfa4d4208131-dirty/kernel/drivers/usb/storage/uas.ko
  STRIP   /home/potato/grafene/pomme/upstream/linux-hoolock/out/modules-staging/lib/modules/7.0.12-gdfa4d4208131-dirty/kernel/drivers/net/usb/r8153_ecm.ko
  STRIP   /home/potato/grafene/pomme/upstream/linux-hoolock/out/modules-staging/lib/modules/7.0.12-gdfa4d4208131-dirty/kernel/drivers/usb/storage/uas.ko
  INSTALL /home/potato/grafene/pomme/upstream/linux-hoolock/out/modules-staging/lib/modules/7.0.12-gdfa4d4208131-dirty/kernel/drivers/usb/storage/usb-storage.ko
  INSTALL /home/potato/grafene/pomme/upstream/linux-hoolock/out/modules-staging/lib/modules/7.0.12-gdfa4d4208131-dirty/kernel/drivers/usb/gadget/function/usb_f_serial.ko
  INSTALL /home/potato/grafene/pomme/upstream/linux-hoolock/out/modules-staging/lib/modules/7.0.12-gdfa4d4208131-dirty/kernel/drivers/usb/gadget/function/usb_f_ncm.ko
  INSTALL /home/potato/grafene/pomme/upstream/linux-hoolock/out/modules-staging/lib/modules/7.0.12-gdfa4d4208131-dirty/kernel/drivers/usb/gadget/function/usb_f_eem.ko
  INSTALL /home/potato/grafene/pomme/upstream/linux-hoolock/out/modules-staging/lib/modules/7.0.12-gdfa4d4208131-dirty/kernel/drivers/usb/gadget/function/usb_f_rndis.ko
  STRIP   /home/potato/grafene/pomme/upstream/linux-hoolock/out/modules-staging/lib/modules/7.0.12-gdfa4d4208131-dirty/kernel/drivers/usb/gadget/function/usb_f_ncm.ko
  STRIP   /home/potato/grafene/pomme/upstream/linux-hoolock/out/modules-staging/lib/modules/7.0.12-gdfa4d4208131-dirty/kernel/drivers/usb/storage/usb-storage.ko
  STRIP   /home/potato/grafene/pomme/upstream/linux-hoolock/out/modules-staging/lib/modules/7.0.12-gdfa4d4208131-dirty/kernel/drivers/usb/gadget/function/usb_f_serial.ko
  STRIP   /home/potato/grafene/pomme/upstream/linux-hoolock/out/modules-staging/lib/modules/7.0.12-gdfa4d4208131-dirty/kernel/drivers/usb/gadget/function/usb_f_eem.ko
  STRIP   /home/potato/grafene/pomme/upstream/linux-hoolock/out/modules-staging/lib/modules/7.0.12-gdfa4d4208131-dirty/kernel/drivers/usb/gadget/function/usb_f_rndis.ko
  INSTALL /home/potato/grafene/pomme/upstream/linux-hoolock/out/modules-staging/lib/modules/7.0.12-gdfa4d4208131-dirty/kernel/drivers/usb/gadget/function/usb_f_fs.ko
  STRIP   /home/potato/grafene/pomme/upstream/linux-hoolock/out/modules-staging/lib/modules/7.0.12-gdfa4d4208131-dirty/kernel/drivers/usb/gadget/function/usb_f_fs.ko
  INSTALL /home/potato/grafene/pomme/upstream/linux-hoolock/out/modules-staging/lib/modules/7.0.12-gdfa4d4208131-dirty/kernel/drivers/usb/class/usblp.ko
  INSTALL /home/potato/grafene/pomme/upstream/linux-hoolock/out/modules-staging/lib/modules/7.0.12-gdfa4d4208131-dirty/kernel/drivers/usb/serial/usbserial.ko
  INSTALL /home/potato/grafene/pomme/upstream/linux-hoolock/out/modules-staging/lib/modules/7.0.12-gdfa4d4208131-dirty/kernel/drivers/usb/serial/cp210x.ko
  INSTALL /home/potato/grafene/pomme/upstream/linux-hoolock/out/modules-staging/lib/modules/7.0.12-gdfa4d4208131-dirty/kernel/drivers/usb/serial/usb-serial-simple.ko
  INSTALL /home/potato/grafene/pomme/upstream/linux-hoolock/out/modules-staging/lib/modules/7.0.12-gdfa4d4208131-dirty/kernel/drivers/input/joystick/xpad.ko
  INSTALL /home/potato/grafene/pomme/upstream/linux-hoolock/out/modules-staging/lib/modules/7.0.12-gdfa4d4208131-dirty/kernel/drivers/input/ff-memless.ko
  STRIP   /home/potato/grafene/pomme/upstream/linux-hoolock/out/modules-staging/lib/modules/7.0.12-gdfa4d4208131-dirty/kernel/drivers/usb/class/usblp.ko
  STRIP   /home/potato/grafene/pomme/upstream/linux-hoolock/out/modules-staging/lib/modules/7.0.12-gdfa4d4208131-dirty/kernel/drivers/usb/serial/usbserial.ko
  STRIP   /home/potato/grafene/pomme/upstream/linux-hoolock/out/modules-staging/lib/modules/7.0.12-gdfa4d4208131-dirty/kernel/drivers/usb/serial/cp210x.ko
  INSTALL /home/potato/grafene/pomme/upstream/linux-hoolock/out/modules-staging/lib/modules/7.0.12-gdfa4d4208131-dirty/kernel/drivers/input/vivaldi-fmap.ko
  STRIP   /home/potato/grafene/pomme/upstream/linux-hoolock/out/modules-staging/lib/modules/7.0.12-gdfa4d4208131-dirty/kernel/drivers/usb/serial/usb-serial-simple.ko
  INSTALL /home/potato/grafene/pomme/upstream/linux-hoolock/out/modules-staging/lib/modules/7.0.12-gdfa4d4208131-dirty/kernel/drivers/input/input-leds.ko
  STRIP   /home/potato/grafene/pomme/upstream/linux-hoolock/out/modules-staging/lib/modules/7.0.12-gdfa4d4208131-dirty/kernel/drivers/input/joystick/xpad.ko
  STRIP   /home/potato/grafene/pomme/upstream/linux-hoolock/out/modules-staging/lib/modules/7.0.12-gdfa4d4208131-dirty/kernel/drivers/input/ff-memless.ko
  STRIP   /home/potato/grafene/pomme/upstream/linux-hoolock/out/modules-staging/lib/modules/7.0.12-gdfa4d4208131-dirty/kernel/drivers/input/vivaldi-fmap.ko
  INSTALL /home/potato/grafene/pomme/upstream/linux-hoolock/out/modules-staging/lib/modules/7.0.12-gdfa4d4208131-dirty/kernel/drivers/input/evdev.ko
  STRIP   /home/potato/grafene/pomme/upstream/linux-hoolock/out/modules-staging/lib/modules/7.0.12-gdfa4d4208131-dirty/kernel/drivers/input/input-leds.ko
  STRIP   /home/potato/grafene/pomme/upstream/linux-hoolock/out/modules-staging/lib/modules/7.0.12-gdfa4d4208131-dirty/kernel/drivers/input/evdev.ko
  INSTALL /home/potato/grafene/pomme/upstream/linux-hoolock/out/modules-staging/lib/modules/7.0.12-gdfa4d4208131-dirty/kernel/drivers/input/rmi4/rmi_core.ko
  INSTALL /home/potato/grafene/pomme/upstream/linux-hoolock/out/modules-staging/lib/modules/7.0.12-gdfa4d4208131-dirty/kernel/drivers/md/dm-bufio.ko
  STRIP   /home/potato/grafene/pomme/upstream/linux-hoolock/out/modules-staging/lib/modules/7.0.12-gdfa4d4208131-dirty/kernel/drivers/md/dm-bufio.ko
  STRIP   /home/potato/grafene/pomme/upstream/linux-hoolock/out/modules-staging/lib/modules/7.0.12-gdfa4d4208131-dirty/kernel/drivers/input/rmi4/rmi_core.ko
  INSTALL /home/potato/grafene/pomme/upstream/linux-hoolock/out/modules-staging/lib/modules/7.0.12-gdfa4d4208131-dirty/kernel/drivers/md/dm-bio-prison.ko
  INSTALL /home/potato/grafene/pomme/upstream/linux-hoolock/out/modules-staging/lib/modules/7.0.12-gdfa4d4208131-dirty/kernel/drivers/md/persistent-data/dm-persistent-data.ko
  STRIP   /home/potato/grafene/pomme/upstream/linux-hoolock/out/modules-staging/lib/modules/7.0.12-gdfa4d4208131-dirty/kernel/drivers/md/dm-bio-prison.ko
  STRIP   /home/potato/grafene/pomme/upstream/linux-hoolock/out/modules-staging/lib/modules/7.0.12-gdfa4d4208131-dirty/kernel/drivers/md/persistent-data/dm-persistent-data.ko
  INSTALL /home/potato/grafene/pomme/upstream/linux-hoolock/out/modules-staging/lib/modules/7.0.12-gdfa4d4208131-dirty/kernel/drivers/md/dm-thin-pool.ko
  INSTALL /home/potato/grafene/pomme/upstream/linux-hoolock/out/modules-staging/lib/modules/7.0.12-gdfa4d4208131-dirty/kernel/drivers/md/dm-verity.ko
  STRIP   /home/potato/grafene/pomme/upstream/linux-hoolock/out/modules-staging/lib/modules/7.0.12-gdfa4d4208131-dirty/kernel/drivers/md/dm-thin-pool.ko
  STRIP   /home/potato/grafene/pomme/upstream/linux-hoolock/out/modules-staging/lib/modules/7.0.12-gdfa4d4208131-dirty/kernel/drivers/md/dm-verity.ko
  INSTALL /home/potato/grafene/pomme/upstream/linux-hoolock/out/modules-staging/lib/modules/7.0.12-gdfa4d4208131-dirty/kernel/drivers/md/dm-integrity.ko
  INSTALL /home/potato/grafene/pomme/upstream/linux-hoolock/out/modules-staging/lib/modules/7.0.12-gdfa4d4208131-dirty/kernel/drivers/accessibility/speakup/speakup_acntsa.ko
  INSTALL /home/potato/grafene/pomme/upstream/linux-hoolock/out/modules-staging/lib/modules/7.0.12-gdfa4d4208131-dirty/kernel/drivers/accessibility/speakup/speakup_apollo.ko
  INSTALL /home/potato/grafene/pomme/upstream/linux-hoolock/out/modules-staging/lib/modules/7.0.12-gdfa4d4208131-dirty/kernel/drivers/accessibility/speakup/speakup_audptr.ko
  INSTALL /home/potato/grafene/pomme/upstream/linux-hoolock/out/modules-staging/lib/modules/7.0.12-gdfa4d4208131-dirty/kernel/drivers/accessibility/speakup/speakup_bns.ko
  INSTALL /home/potato/grafene/pomme/upstream/linux-hoolock/out/modules-staging/lib/modules/7.0.12-gdfa4d4208131-dirty/kernel/drivers/accessibility/speakup/speakup_dectlk.ko
  STRIP   /home/potato/grafene/pomme/upstream/linux-hoolock/out/modules-staging/lib/modules/7.0.12-gdfa4d4208131-dirty/kernel/drivers/md/dm-integrity.ko
  STRIP   /home/potato/grafene/pomme/upstream/linux-hoolock/out/modules-staging/lib/modules/7.0.12-gdfa4d4208131-dirty/kernel/drivers/accessibility/speakup/speakup_acntsa.ko
  INSTALL /home/potato/grafene/pomme/upstream/linux-hoolock/out/modules-staging/lib/modules/7.0.12-gdfa4d4208131-dirty/kernel/drivers/accessibility/speakup/speakup_decext.ko
  STRIP   /home/potato/grafene/pomme/upstream/linux-hoolock/out/modules-staging/lib/modules/7.0.12-gdfa4d4208131-dirty/kernel/drivers/accessibility/speakup/speakup_apollo.ko
  STRIP   /home/potato/grafene/pomme/upstream/linux-hoolock/out/modules-staging/lib/modules/7.0.12-gdfa4d4208131-dirty/kernel/drivers/accessibility/speakup/speakup_audptr.ko
  INSTALL /home/potato/grafene/pomme/upstream/linux-hoolock/out/modules-staging/lib/modules/7.0.12-gdfa4d4208131-dirty/kernel/drivers/accessibility/speakup/speakup_ltlk.ko
  STRIP   /home/potato/grafene/pomme/upstream/linux-hoolock/out/modules-staging/lib/modules/7.0.12-gdfa4d4208131-dirty/kernel/drivers/accessibility/speakup/speakup_bns.ko
  STRIP   /home/potato/grafene/pomme/upstream/linux-hoolock/out/modules-staging/lib/modules/7.0.12-gdfa4d4208131-dirty/kernel/drivers/accessibility/speakup/speakup_dectlk.ko
  STRIP   /home/potato/grafene/pomme/upstream/linux-hoolock/out/modules-staging/lib/modules/7.0.12-gdfa4d4208131-dirty/kernel/drivers/accessibility/speakup/speakup_decext.ko
  STRIP   /home/potato/grafene/pomme/upstream/linux-hoolock/out/modules-staging/lib/modules/7.0.12-gdfa4d4208131-dirty/kernel/drivers/accessibility/speakup/speakup_ltlk.ko
  INSTALL /home/potato/grafene/pomme/upstream/linux-hoolock/out/modules-staging/lib/modules/7.0.12-gdfa4d4208131-dirty/kernel/drivers/accessibility/speakup/speakup_soft.ko
  INSTALL /home/potato/grafene/pomme/upstream/linux-hoolock/out/modules-staging/lib/modules/7.0.12-gdfa4d4208131-dirty/kernel/drivers/accessibility/speakup/speakup_spkout.ko
  INSTALL /home/potato/grafene/pomme/upstream/linux-hoolock/out/modules-staging/lib/modules/7.0.12-gdfa4d4208131-dirty/kernel/drivers/accessibility/speakup/speakup_txprt.ko
  INSTALL /home/potato/grafene/pomme/upstream/linux-hoolock/out/modules-staging/lib/modules/7.0.12-gdfa4d4208131-dirty/kernel/drivers/accessibility/speakup/speakup.ko
  STRIP   /home/potato/grafene/pomme/upstream/linux-hoolock/out/modules-staging/lib/modules/7.0.12-gdfa4d4208131-dirty/kernel/drivers/accessibility/speakup/speakup_soft.ko
  STRIP   /home/potato/grafene/pomme/upstream/linux-hoolock/out/modules-staging/lib/modules/7.0.12-gdfa4d4208131-dirty/kernel/drivers/accessibility/speakup/speakup_spkout.ko
  STRIP   /home/potato/grafene/pomme/upstream/linux-hoolock/out/modules-staging/lib/modules/7.0.12-gdfa4d4208131-dirty/kernel/drivers/accessibility/speakup/speakup_txprt.ko
  STRIP   /home/potato/grafene/pomme/upstream/linux-hoolock/out/modules-staging/lib/modules/7.0.12-gdfa4d4208131-dirty/kernel/drivers/accessibility/speakup/speakup.ko
  INSTALL /home/potato/grafene/pomme/upstream/linux-hoolock/out/modules-staging/lib/modules/7.0.12-gdfa4d4208131-dirty/kernel/drivers/hid/uhid.ko
  INSTALL /home/potato/grafene/pomme/upstream/linux-hoolock/out/modules-staging/lib/modules/7.0.12-gdfa4d4208131-dirty/kernel/drivers/hid/hid-generic.ko
  INSTALL /home/potato/grafene/pomme/upstream/linux-hoolock/out/modules-staging/lib/modules/7.0.12-gdfa4d4208131-dirty/kernel/drivers/hid/hid-a4tech.ko
  INSTALL /home/potato/grafene/pomme/upstream/linux-hoolock/out/modules-staging/lib/modules/7.0.12-gdfa4d4208131-dirty/kernel/drivers/hid/hid-accutouch.ko
  STRIP   /home/potato/grafene/pomme/upstream/linux-hoolock/out/modules-staging/lib/modules/7.0.12-gdfa4d4208131-dirty/kernel/drivers/hid/uhid.ko
  INSTALL /home/potato/grafene/pomme/upstream/linux-hoolock/out/modules-staging/lib/modules/7.0.12-gdfa4d4208131-dirty/kernel/drivers/hid/hid-alps.ko
  INSTALL /home/potato/grafene/pomme/upstream/linux-hoolock/out/modules-staging/lib/modules/7.0.12-gdfa4d4208131-dirty/kernel/drivers/hid/hid-axff.ko
  INSTALL /home/potato/grafene/pomme/upstream/linux-hoolock/out/modules-staging/lib/modules/7.0.12-gdfa4d4208131-dirty/kernel/drivers/hid/hid-apple.ko
  INSTALL /home/potato/grafene/pomme/upstream/linux-hoolock/out/modules-staging/lib/modules/7.0.12-gdfa4d4208131-dirty/kernel/drivers/hid/hid-appleir.ko
  STRIP   /home/potato/grafene/pomme/upstream/linux-hoolock/out/modules-staging/lib/modules/7.0.12-gdfa4d4208131-dirty/kernel/drivers/hid/hid-generic.ko
  STRIP   /home/potato/grafene/pomme/upstream/linux-hoolock/out/modules-staging/lib/modules/7.0.12-gdfa4d4208131-dirty/kernel/drivers/hid/hid-a4tech.ko
  STRIP   /home/potato/grafene/pomme/upstream/linux-hoolock/out/modules-staging/lib/modules/7.0.12-gdfa4d4208131-dirty/kernel/drivers/hid/hid-accutouch.ko
  STRIP   /home/potato/grafene/pomme/upstream/linux-hoolock/out/modules-staging/lib/modules/7.0.12-gdfa4d4208131-dirty/kernel/drivers/hid/hid-alps.ko
  STRIP   /home/potato/grafene/pomme/upstream/linux-hoolock/out/modules-staging/lib/modules/7.0.12-gdfa4d4208131-dirty/kernel/drivers/hid/hid-axff.ko
  STRIP   /home/potato/grafene/pomme/upstream/linux-hoolock/out/modules-staging/lib/modules/7.0.12-gdfa4d4208131-dirty/kernel/drivers/hid/hid-apple.ko
  STRIP   /home/potato/grafene/pomme/upstream/linux-hoolock/out/modules-staging/lib/modules/7.0.12-gdfa4d4208131-dirty/kernel/drivers/hid/hid-appleir.ko
  INSTALL /home/potato/grafene/pomme/upstream/linux-hoolock/out/modules-staging/lib/modules/7.0.12-gdfa4d4208131-dirty/kernel/drivers/hid/hid-creative-sb0540.ko
  INSTALL /home/potato/grafene/pomme/upstream/linux-hoolock/out/modules-staging/lib/modules/7.0.12-gdfa4d4208131-dirty/kernel/drivers/hid/hid-aureal.ko
  INSTALL /home/potato/grafene/pomme/upstream/linux-hoolock/out/modules-staging/lib/modules/7.0.12-gdfa4d4208131-dirty/kernel/drivers/hid/hid-belkin.ko
  INSTALL /home/potato/grafene/pomme/upstream/linux-hoolock/out/modules-staging/lib/modules/7.0.12-gdfa4d4208131-dirty/kernel/drivers/hid/hid-betopff.ko
  INSTALL /home/potato/grafene/pomme/upstream/linux-hoolock/out/modules-staging/lib/modules/7.0.12-gdfa4d4208131-dirty/kernel/drivers/hid/hid-bigbenff.ko
  INSTALL /home/potato/grafene/pomme/upstream/linux-hoolock/out/modules-staging/lib/modules/7.0.12-gdfa4d4208131-dirty/kernel/drivers/hid/hid-cherry.ko
  INSTALL /home/potato/grafene/pomme/upstream/linux-hoolock/out/modules-staging/lib/modules/7.0.12-gdfa4d4208131-dirty/kernel/drivers/hid/hid-chicony.ko
  STRIP   /home/potato/grafene/pomme/upstream/linux-hoolock/out/modules-staging/lib/modules/7.0.12-gdfa4d4208131-dirty/kernel/drivers/hid/hid-creative-sb0540.ko
  STRIP   /home/potato/grafene/pomme/upstream/linux-hoolock/out/modules-staging/lib/modules/7.0.12-gdfa4d4208131-dirty/kernel/drivers/hid/hid-aureal.ko
  STRIP   /home/potato/grafene/pomme/upstream/linux-hoolock/out/modules-staging/lib/modules/7.0.12-gdfa4d4208131-dirty/kernel/drivers/hid/hid-belkin.ko
  STRIP   /home/potato/grafene/pomme/upstream/linux-hoolock/out/modules-staging/lib/modules/7.0.12-gdfa4d4208131-dirty/kernel/drivers/hid/hid-betopff.ko
  STRIP   /home/potato/grafene/pomme/upstream/linux-hoolock/out/modules-staging/lib/modules/7.0.12-gdfa4d4208131-dirty/kernel/drivers/hid/hid-bigbenff.ko
  STRIP   /home/potato/grafene/pomme/upstream/linux-hoolock/out/modules-staging/lib/modules/7.0.12-gdfa4d4208131-dirty/kernel/drivers/hid/hid-cherry.ko
  STRIP   /home/potato/grafene/pomme/upstream/linux-hoolock/out/modules-staging/lib/modules/7.0.12-gdfa4d4208131-dirty/kernel/drivers/hid/hid-chicony.ko
  INSTALL /home/potato/grafene/pomme/upstream/linux-hoolock/out/modules-staging/lib/modules/7.0.12-gdfa4d4208131-dirty/kernel/drivers/hid/hid-cmedia.ko
  INSTALL /home/potato/grafene/pomme/upstream/linux-hoolock/out/modules-staging/lib/modules/7.0.12-gdfa4d4208131-dirty/kernel/drivers/hid/hid-corsair.ko
  INSTALL /home/potato/grafene/pomme/upstream/linux-hoolock/out/modules-staging/lib/modules/7.0.12-gdfa4d4208131-dirty/kernel/drivers/hid/hid-corsair-void.ko
  STRIP   /home/potato/grafene/pomme/upstream/linux-hoolock/out/modules-staging/lib/modules/7.0.12-gdfa4d4208131-dirty/kernel/drivers/hid/hid-cmedia.ko
  STRIP   /home/potato/grafene/pomme/upstream/linux-hoolock/out/modules-staging/lib/modules/7.0.12-gdfa4d4208131-dirty/kernel/drivers/hid/hid-corsair.ko
  STRIP   /home/potato/grafene/pomme/upstream/linux-hoolock/out/modules-staging/lib/modules/7.0.12-gdfa4d4208131-dirty/kernel/drivers/hid/hid-corsair-void.ko
  INSTALL /home/potato/grafene/pomme/upstream/linux-hoolock/out/modules-staging/lib/modules/7.0.12-gdfa4d4208131-dirty/kernel/drivers/hid/hid-cougar.ko
  INSTALL /home/potato/grafene/pomme/upstream/linux-hoolock/out/modules-staging/lib/modules/7.0.12-gdfa4d4208131-dirty/kernel/drivers/hid/hid-cp2112.ko
  INSTALL /home/potato/grafene/pomme/upstream/linux-hoolock/out/modules-staging/lib/modules/7.0.12-gdfa4d4208131-dirty/kernel/drivers/hid/hid-cypress.ko
  INSTALL /home/potato/grafene/pomme/upstream/linux-hoolock/out/modules-staging/lib/modules/7.0.12-gdfa4d4208131-dirty/kernel/drivers/hid/hid-dr.ko
  INSTALL /home/potato/grafene/pomme/upstream/linux-hoolock/out/modules-staging/lib/modules/7.0.12-gdfa4d4208131-dirty/kernel/drivers/hid/hid-emsff.ko
  INSTALL /home/potato/grafene/pomme/upstream/linux-hoolock/out/modules-staging/lib/modules/7.0.12-gdfa4d4208131-dirty/kernel/drivers/hid/hid-elan.ko
  INSTALL /home/potato/grafene/pomme/upstream/linux-hoolock/out/modules-staging/lib/modules/7.0.12-gdfa4d4208131-dirty/kernel/drivers/hid/hid-elecom.ko
  STRIP   /home/potato/grafene/pomme/upstream/linux-hoolock/out/modules-staging/lib/modules/7.0.12-gdfa4d4208131-dirty/kernel/drivers/hid/hid-cougar.ko
  STRIP   /home/potato/grafene/pomme/upstream/linux-hoolock/out/modules-staging/lib/modules/7.0.12-gdfa4d4208131-dirty/kernel/drivers/hid/hid-cp2112.ko
  STRIP   /home/potato/grafene/pomme/upstream/linux-hoolock/out/modules-staging/lib/modules/7.0.12-gdfa4d4208131-dirty/kernel/drivers/hid/hid-cypress.ko
  STRIP   /home/potato/grafene/pomme/upstream/linux-hoolock/out/modules-staging/lib/modules/7.0.12-gdfa4d4208131-dirty/kernel/drivers/hid/hid-dr.ko
  INSTALL /home/potato/grafene/pomme/upstream/linux-hoolock/out/modules-staging/lib/modules/7.0.12-gdfa4d4208131-dirty/kernel/drivers/hid/hid-elo.ko
  STRIP   /home/potato/grafene/pomme/upstream/linux-hoolock/out/modules-staging/lib/modules/7.0.12-gdfa4d4208131-dirty/kernel/drivers/hid/hid-emsff.ko
  STRIP   /home/potato/grafene/pomme/upstream/linux-hoolock/out/modules-staging/lib/modules/7.0.12-gdfa4d4208131-dirty/kernel/drivers/hid/hid-elan.ko
  STRIP   /home/potato/grafene/pomme/upstream/linux-hoolock/out/modules-staging/lib/modules/7.0.12-gdfa4d4208131-dirty/kernel/drivers/hid/hid-elecom.ko
  STRIP   /home/potato/grafene/pomme/upstream/linux-hoolock/out/modules-staging/lib/modules/7.0.12-gdfa4d4208131-dirty/kernel/drivers/hid/hid-elo.ko
  INSTALL /home/potato/grafene/pomme/upstream/linux-hoolock/out/modules-staging/lib/modules/7.0.12-gdfa4d4208131-dirty/kernel/drivers/hid/hid-evision.ko
  STRIP   /home/potato/grafene/pomme/upstream/linux-hoolock/out/modules-staging/lib/modules/7.0.12-gdfa4d4208131-dirty/kernel/drivers/hid/hid-evision.ko
  INSTALL /home/potato/grafene/pomme/upstream/linux-hoolock/out/modules-staging/lib/modules/7.0.12-gdfa4d4208131-dirty/kernel/drivers/hid/hid-ezkey.ko
  INSTALL /home/potato/grafene/pomme/upstream/linux-hoolock/out/modules-staging/lib/modules/7.0.12-gdfa4d4208131-dirty/kernel/drivers/hid/hid-ft260.ko
  INSTALL /home/potato/grafene/pomme/upstream/linux-hoolock/out/modules-staging/lib/modules/7.0.12-gdfa4d4208131-dirty/kernel/drivers/hid/hid-gembird.ko
  INSTALL /home/potato/grafene/pomme/upstream/linux-hoolock/out/modules-staging/lib/modules/7.0.12-gdfa4d4208131-dirty/kernel/drivers/hid/hid-gfrm.ko
  INSTALL /home/potato/grafene/pomme/upstream/linux-hoolock/out/modules-staging/lib/modules/7.0.12-gdfa4d4208131-dirty/kernel/drivers/hid/hid-glorious.ko
  INSTALL /home/potato/grafene/pomme/upstream/linux-hoolock/out/modules-staging/lib/modules/7.0.12-gdfa4d4208131-dirty/kernel/drivers/hid/hid-vivaldi-common.ko
  INSTALL /home/potato/grafene/pomme/upstream/linux-hoolock/out/modules-staging/lib/modules/7.0.12-gdfa4d4208131-dirty/kernel/drivers/hid/hid-goodix-spi.ko
  STRIP   /home/potato/grafene/pomme/upstream/linux-hoolock/out/modules-staging/lib/modules/7.0.12-gdfa4d4208131-dirty/kernel/drivers/hid/hid-ezkey.ko
  INSTALL /home/potato/grafene/pomme/upstream/linux-hoolock/out/modules-staging/lib/modules/7.0.12-gdfa4d4208131-dirty/kernel/drivers/hid/hid-google-stadiaff.ko
  STRIP   /home/potato/grafene/pomme/upstream/linux-hoolock/out/modules-staging/lib/modules/7.0.12-gdfa4d4208131-dirty/kernel/drivers/hid/hid-ft260.ko
  STRIP   /home/potato/grafene/pomme/upstream/linux-hoolock/out/modules-staging/lib/modules/7.0.12-gdfa4d4208131-dirty/kernel/drivers/hid/hid-gembird.ko
  STRIP   /home/potato/grafene/pomme/upstream/linux-hoolock/out/modules-staging/lib/modules/7.0.12-gdfa4d4208131-dirty/kernel/drivers/hid/hid-gfrm.ko
  STRIP   /home/potato/grafene/pomme/upstream/linux-hoolock/out/modules-staging/lib/modules/7.0.12-gdfa4d4208131-dirty/kernel/drivers/hid/hid-vivaldi-common.ko
  STRIP   /home/potato/grafene/pomme/upstream/linux-hoolock/out/modules-staging/lib/modules/7.0.12-gdfa4d4208131-dirty/kernel/drivers/hid/hid-glorious.ko
  STRIP   /home/potato/grafene/pomme/upstream/linux-hoolock/out/modules-staging/lib/modules/7.0.12-gdfa4d4208131-dirty/kernel/drivers/hid/hid-goodix-spi.ko
  STRIP   /home/potato/grafene/pomme/upstream/linux-hoolock/out/modules-staging/lib/modules/7.0.12-gdfa4d4208131-dirty/kernel/drivers/hid/hid-google-stadiaff.ko
  INSTALL /home/potato/grafene/pomme/upstream/linux-hoolock/out/modules-staging/lib/modules/7.0.12-gdfa4d4208131-dirty/kernel/drivers/hid/hid-vivaldi.ko
  INSTALL /home/potato/grafene/pomme/upstream/linux-hoolock/out/modules-staging/lib/modules/7.0.12-gdfa4d4208131-dirty/kernel/drivers/hid/hid-gt683r.ko
  INSTALL /home/potato/grafene/pomme/upstream/linux-hoolock/out/modules-staging/lib/modules/7.0.12-gdfa4d4208131-dirty/kernel/drivers/hid/hid-gyration.ko
  INSTALL /home/potato/grafene/pomme/upstream/linux-hoolock/out/modules-staging/lib/modules/7.0.12-gdfa4d4208131-dirty/kernel/drivers/hid/hid-holtek-kbd.ko
  INSTALL /home/potato/grafene/pomme/upstream/linux-hoolock/out/modules-staging/lib/modules/7.0.12-gdfa4d4208131-dirty/kernel/drivers/hid/hid-holtek-mouse.ko
  INSTALL /home/potato/grafene/pomme/upstream/linux-hoolock/out/modules-staging/lib/modules/7.0.12-gdfa4d4208131-dirty/kernel/drivers/hid/hid-holtekff.ko
  INSTALL /home/potato/grafene/pomme/upstream/linux-hoolock/out/modules-staging/lib/modules/7.0.12-gdfa4d4208131-dirty/kernel/drivers/hid/hid-icade.ko
  STRIP   /home/potato/grafene/pomme/upstream/linux-hoolock/out/modules-staging/lib/modules/7.0.12-gdfa4d4208131-dirty/kernel/drivers/hid/hid-gt683r.ko
  STRIP   /home/potato/grafene/pomme/upstream/linux-hoolock/out/modules-staging/lib/modules/7.0.12-gdfa4d4208131-dirty/kernel/drivers/hid/hid-vivaldi.ko
  INSTALL /home/potato/grafene/pomme/upstream/linux-hoolock/out/modules-staging/lib/modules/7.0.12-gdfa4d4208131-dirty/kernel/drivers/hid/hid-ite.ko
  STRIP   /home/potato/grafene/pomme/upstream/linux-hoolock/out/modules-staging/lib/modules/7.0.12-gdfa4d4208131-dirty/kernel/drivers/hid/hid-holtek-kbd.ko
  STRIP   /home/potato/grafene/pomme/upstream/linux-hoolock/out/modules-staging/lib/modules/7.0.12-gdfa4d4208131-dirty/kernel/drivers/hid/hid-gyration.ko
  STRIP   /home/potato/grafene/pomme/upstream/linux-hoolock/out/modules-staging/lib/modules/7.0.12-gdfa4d4208131-dirty/kernel/drivers/hid/hid-holtek-mouse.ko
  STRIP   /home/potato/grafene/pomme/upstream/linux-hoolock/out/modules-staging/lib/modules/7.0.12-gdfa4d4208131-dirty/kernel/drivers/hid/hid-holtekff.ko
  STRIP   /home/potato/grafene/pomme/upstream/linux-hoolock/out/modules-staging/lib/modules/7.0.12-gdfa4d4208131-dirty/kernel/drivers/hid/hid-icade.ko
  STRIP   /home/potato/grafene/pomme/upstream/linux-hoolock/out/modules-staging/lib/modules/7.0.12-gdfa4d4208131-dirty/kernel/drivers/hid/hid-ite.ko
  INSTALL /home/potato/grafene/pomme/upstream/linux-hoolock/out/modules-staging/lib/modules/7.0.12-gdfa4d4208131-dirty/kernel/drivers/hid/hid-jabra.ko
  INSTALL /home/potato/grafene/pomme/upstream/linux-hoolock/out/modules-staging/lib/modules/7.0.12-gdfa4d4208131-dirty/kernel/drivers/hid/hid-kensington.ko
  INSTALL /home/potato/grafene/pomme/upstream/linux-hoolock/out/modules-staging/lib/modules/7.0.12-gdfa4d4208131-dirty/kernel/drivers/hid/hid-keytouch.ko
  INSTALL /home/potato/grafene/pomme/upstream/linux-hoolock/out/modules-staging/lib/modules/7.0.12-gdfa4d4208131-dirty/kernel/drivers/hid/hid-kye.ko
  INSTALL /home/potato/grafene/pomme/upstream/linux-hoolock/out/modules-staging/lib/modules/7.0.12-gdfa4d4208131-dirty/kernel/drivers/hid/hid-lcpower.ko
  STRIP   /home/potato/grafene/pomme/upstream/linux-hoolock/out/modules-staging/lib/modules/7.0.12-gdfa4d4208131-dirty/kernel/drivers/hid/hid-jabra.ko
  INSTALL /home/potato/grafene/pomme/upstream/linux-hoolock/out/modules-staging/lib/modules/7.0.12-gdfa4d4208131-dirty/kernel/drivers/hid/hid-letsketch.ko
  STRIP   /home/potato/grafene/pomme/upstream/linux-hoolock/out/modules-staging/lib/modules/7.0.12-gdfa4d4208131-dirty/kernel/drivers/hid/hid-kensington.ko
  INSTALL /home/potato/grafene/pomme/upstream/linux-hoolock/out/modules-staging/lib/modules/7.0.12-gdfa4d4208131-dirty/kernel/drivers/hid/hid-logitech.ko
  STRIP   /home/potato/grafene/pomme/upstream/linux-hoolock/out/modules-staging/lib/modules/7.0.12-gdfa4d4208131-dirty/kernel/drivers/hid/hid-keytouch.ko
  STRIP   /home/potato/grafene/pomme/upstream/linux-hoolock/out/modules-staging/lib/modules/7.0.12-gdfa4d4208131-dirty/kernel/drivers/hid/hid-kye.ko
  INSTALL /home/potato/grafene/pomme/upstream/linux-hoolock/out/modules-staging/lib/modules/7.0.12-gdfa4d4208131-dirty/kernel/drivers/hid/hid-lg-g15.ko
  STRIP   /home/potato/grafene/pomme/upstream/linux-hoolock/out/modules-staging/lib/modules/7.0.12-gdfa4d4208131-dirty/kernel/drivers/hid/hid-lcpower.ko
  STRIP   /home/potato/grafene/pomme/upstream/linux-hoolock/out/modules-staging/lib/modules/7.0.12-gdfa4d4208131-dirty/kernel/drivers/hid/hid-letsketch.ko
  STRIP   /home/potato/grafene/pomme/upstream/linux-hoolock/out/modules-staging/lib/modules/7.0.12-gdfa4d4208131-dirty/kernel/drivers/hid/hid-logitech.ko
  STRIP   /home/potato/grafene/pomme/upstream/linux-hoolock/out/modules-staging/lib/modules/7.0.12-gdfa4d4208131-dirty/kernel/drivers/hid/hid-lg-g15.ko
  INSTALL /home/potato/grafene/pomme/upstream/linux-hoolock/out/modules-staging/lib/modules/7.0.12-gdfa4d4208131-dirty/kernel/drivers/hid/hid-logitech-dj.ko
  INSTALL /home/potato/grafene/pomme/upstream/linux-hoolock/out/modules-staging/lib/modules/7.0.12-gdfa4d4208131-dirty/kernel/drivers/hid/hid-logitech-hidpp.ko
  INSTALL /home/potato/grafene/pomme/upstream/linux-hoolock/out/modules-staging/lib/modules/7.0.12-gdfa4d4208131-dirty/kernel/drivers/hid/hid-macally.ko
  INSTALL /home/potato/grafene/pomme/upstream/linux-hoolock/out/modules-staging/lib/modules/7.0.12-gdfa4d4208131-dirty/kernel/drivers/hid/hid-magicmouse.ko
  INSTALL /home/potato/grafene/pomme/upstream/linux-hoolock/out/modules-staging/lib/modules/7.0.12-gdfa4d4208131-dirty/kernel/drivers/hid/hid-maltron.ko
  INSTALL /home/potato/grafene/pomme/upstream/linux-hoolock/out/modules-staging/lib/modules/7.0.12-gdfa4d4208131-dirty/kernel/drivers/hid/hid-mcp2221.ko
  STRIP   /home/potato/grafene/pomme/upstream/linux-hoolock/out/modules-staging/lib/modules/7.0.12-gdfa4d4208131-dirty/kernel/drivers/hid/hid-logitech-dj.ko
  INSTALL /home/potato/grafene/pomme/upstream/linux-hoolock/out/modules-staging/lib/modules/7.0.12-gdfa4d4208131-dirty/kernel/drivers/hid/hid-mf.ko
  STRIP   /home/potato/grafene/pomme/upstream/linux-hoolock/out/modules-staging/lib/modules/7.0.12-gdfa4d4208131-dirty/kernel/drivers/hid/hid-logitech-hidpp.ko
  STRIP   /home/potato/grafene/pomme/upstream/linux-hoolock/out/modules-staging/lib/modules/7.0.12-gdfa4d4208131-dirty/kernel/drivers/hid/hid-macally.ko
  STRIP   /home/potato/grafene/pomme/upstream/linux-hoolock/out/modules-staging/lib/modules/7.0.12-gdfa4d4208131-dirty/kernel/drivers/hid/hid-magicmouse.ko
  STRIP   /home/potato/grafene/pomme/upstream/linux-hoolock/out/modules-staging/lib/modules/7.0.12-gdfa4d4208131-dirty/kernel/drivers/hid/hid-maltron.ko
  INSTALL /home/potato/grafene/pomme/upstream/linux-hoolock/out/modules-staging/lib/modules/7.0.12-gdfa4d4208131-dirty/kernel/drivers/hid/hid-megaworld.ko
  STRIP   /home/potato/grafene/pomme/upstream/linux-hoolock/out/modules-staging/lib/modules/7.0.12-gdfa4d4208131-dirty/kernel/drivers/hid/hid-mcp2221.ko
  STRIP   /home/potato/grafene/pomme/upstream/linux-hoolock/out/modules-staging/lib/modules/7.0.12-gdfa4d4208131-dirty/kernel/drivers/hid/hid-mf.ko
  STRIP   /home/potato/grafene/pomme/upstream/linux-hoolock/out/modules-staging/lib/modules/7.0.12-gdfa4d4208131-dirty/kernel/drivers/hid/hid-megaworld.ko
  INSTALL /home/potato/grafene/pomme/upstream/linux-hoolock/out/modules-staging/lib/modules/7.0.12-gdfa4d4208131-dirty/kernel/drivers/hid/hid-microsoft.ko
  INSTALL /home/potato/grafene/pomme/upstream/linux-hoolock/out/modules-staging/lib/modules/7.0.12-gdfa4d4208131-dirty/kernel/drivers/hid/hid-monterey.ko
  INSTALL /home/potato/grafene/pomme/upstream/linux-hoolock/out/modules-staging/lib/modules/7.0.12-gdfa4d4208131-dirty/kernel/drivers/hid/hid-multitouch.ko
  STRIP   /home/potato/grafene/pomme/upstream/linux-hoolock/out/modules-staging/lib/modules/7.0.12-gdfa4d4208131-dirty/kernel/drivers/hid/hid-microsoft.ko
  STRIP   /home/potato/grafene/pomme/upstream/linux-hoolock/out/modules-staging/lib/modules/7.0.12-gdfa4d4208131-dirty/kernel/drivers/hid/hid-monterey.ko
  STRIP   /home/potato/grafene/pomme/upstream/linux-hoolock/out/modules-staging/lib/modules/7.0.12-gdfa4d4208131-dirty/kernel/drivers/hid/hid-multitouch.ko
  INSTALL /home/potato/grafene/pomme/upstream/linux-hoolock/out/modules-staging/lib/modules/7.0.12-gdfa4d4208131-dirty/kernel/drivers/hid/hid-nintendo.ko
  INSTALL /home/potato/grafene/pomme/upstream/linux-hoolock/out/modules-staging/lib/modules/7.0.12-gdfa4d4208131-dirty/kernel/drivers/hid/hid-nti.ko
  INSTALL /home/potato/grafene/pomme/upstream/linux-hoolock/out/modules-staging/lib/modules/7.0.12-gdfa4d4208131-dirty/kernel/drivers/hid/hid-ntrig.ko
  INSTALL /home/potato/grafene/pomme/upstream/linux-hoolock/out/modules-staging/lib/modules/7.0.12-gdfa4d4208131-dirty/kernel/drivers/hid/hid-nvidia-shield.ko
  INSTALL /home/potato/grafene/pomme/upstream/linux-hoolock/out/modules-staging/lib/modules/7.0.12-gdfa4d4208131-dirty/kernel/drivers/hid/hid-ortek.ko
  INSTALL /home/potato/grafene/pomme/upstream/linux-hoolock/out/modules-staging/lib/modules/7.0.12-gdfa4d4208131-dirty/kernel/drivers/hid/hid-prodikeys.ko
  INSTALL /home/potato/grafene/pomme/upstream/linux-hoolock/out/modules-staging/lib/modules/7.0.12-gdfa4d4208131-dirty/kernel/drivers/hid/hid-pl.ko
  STRIP   /home/potato/grafene/pomme/upstream/linux-hoolock/out/modules-staging/lib/modules/7.0.12-gdfa4d4208131-dirty/kernel/drivers/hid/hid-nintendo.ko
  STRIP   /home/potato/grafene/pomme/upstream/linux-hoolock/out/modules-staging/lib/modules/7.0.12-gdfa4d4208131-dirty/kernel/drivers/hid/hid-nti.ko
  STRIP   /home/potato/grafene/pomme/upstream/linux-hoolock/out/modules-staging/lib/modules/7.0.12-gdfa4d4208131-dirty/kernel/drivers/hid/hid-ntrig.ko
  STRIP   /home/potato/grafene/pomme/upstream/linux-hoolock/out/modules-staging/lib/modules/7.0.12-gdfa4d4208131-dirty/kernel/drivers/hid/hid-nvidia-shield.ko
  STRIP   /home/potato/grafene/pomme/upstream/linux-hoolock/out/modules-staging/lib/modules/7.0.12-gdfa4d4208131-dirty/kernel/drivers/hid/hid-ortek.ko
  STRIP   /home/potato/grafene/pomme/upstream/linux-hoolock/out/modules-staging/lib/modules/7.0.12-gdfa4d4208131-dirty/kernel/drivers/hid/hid-prodikeys.ko
  STRIP   /home/potato/grafene/pomme/upstream/linux-hoolock/out/modules-staging/lib/modules/7.0.12-gdfa4d4208131-dirty/kernel/drivers/hid/hid-pl.ko
  INSTALL /home/potato/grafene/pomme/upstream/linux-hoolock/out/modules-staging/lib/modules/7.0.12-gdfa4d4208131-dirty/kernel/drivers/hid/hid-penmount.ko
  INSTALL /home/potato/grafene/pomme/upstream/linux-hoolock/out/modules-staging/lib/modules/7.0.12-gdfa4d4208131-dirty/kernel/drivers/hid/hid-petalynx.ko
  INSTALL /home/potato/grafene/pomme/upstream/linux-hoolock/out/modules-staging/lib/modules/7.0.12-gdfa4d4208131-dirty/kernel/drivers/hid/hid-picolcd.ko
  STRIP   /home/potato/grafene/pomme/upstream/linux-hoolock/out/modules-staging/lib/modules/7.0.12-gdfa4d4208131-dirty/kernel/drivers/hid/hid-penmount.ko
  STRIP   /home/potato/grafene/pomme/upstream/linux-hoolock/out/modules-staging/lib/modules/7.0.12-gdfa4d4208131-dirty/kernel/drivers/hid/hid-petalynx.ko
  STRIP   /home/potato/grafene/pomme/upstream/linux-hoolock/out/modules-staging/lib/modules/7.0.12-gdfa4d4208131-dirty/kernel/drivers/hid/hid-picolcd.ko
  INSTALL /home/potato/grafene/pomme/upstream/linux-hoolock/out/modules-staging/lib/modules/7.0.12-gdfa4d4208131-dirty/kernel/drivers/hid/hid-plantronics.ko
  INSTALL /home/potato/grafene/pomme/upstream/linux-hoolock/out/modules-staging/lib/modules/7.0.12-gdfa4d4208131-dirty/kernel/drivers/hid/hid-playstation.ko
  INSTALL /home/potato/grafene/pomme/upstream/linux-hoolock/out/modules-staging/lib/modules/7.0.12-gdfa4d4208131-dirty/kernel/drivers/hid/hid-primax.ko
  INSTALL /home/potato/grafene/pomme/upstream/linux-hoolock/out/modules-staging/lib/modules/7.0.12-gdfa4d4208131-dirty/kernel/drivers/hid/hid-pxrc.ko
  INSTALL /home/potato/grafene/pomme/upstream/linux-hoolock/out/modules-staging/lib/modules/7.0.12-gdfa4d4208131-dirty/kernel/drivers/hid/hid-razer.ko
  INSTALL /home/potato/grafene/pomme/upstream/linux-hoolock/out/modules-staging/lib/modules/7.0.12-gdfa4d4208131-dirty/kernel/drivers/hid/hid-retrode.ko
  INSTALL /home/potato/grafene/pomme/upstream/linux-hoolock/out/modules-staging/lib/modules/7.0.12-gdfa4d4208131-dirty/kernel/drivers/hid/hid-roccat.ko
  STRIP   /home/potato/grafene/pomme/upstream/linux-hoolock/out/modules-staging/lib/modules/7.0.12-gdfa4d4208131-dirty/kernel/drivers/hid/hid-plantronics.ko
  INSTALL /home/potato/grafene/pomme/upstream/linux-hoolock/out/modules-staging/lib/modules/7.0.12-gdfa4d4208131-dirty/kernel/drivers/hid/hid-roccat-common.ko
  STRIP   /home/potato/grafene/pomme/upstream/linux-hoolock/out/modules-staging/lib/modules/7.0.12-gdfa4d4208131-dirty/kernel/drivers/hid/hid-playstation.ko
  STRIP   /home/potato/grafene/pomme/upstream/linux-hoolock/out/modules-staging/lib/modules/7.0.12-gdfa4d4208131-dirty/kernel/drivers/hid/hid-pxrc.ko
  STRIP   /home/potato/grafene/pomme/upstream/linux-hoolock/out/modules-staging/lib/modules/7.0.12-gdfa4d4208131-dirty/kernel/drivers/hid/hid-primax.ko
  STRIP   /home/potato/grafene/pomme/upstream/linux-hoolock/out/modules-staging/lib/modules/7.0.12-gdfa4d4208131-dirty/kernel/drivers/hid/hid-razer.ko
  STRIP   /home/potato/grafene/pomme/upstream/linux-hoolock/out/modules-staging/lib/modules/7.0.12-gdfa4d4208131-dirty/kernel/drivers/hid/hid-retrode.ko
  STRIP   /home/potato/grafene/pomme/upstream/linux-hoolock/out/modules-staging/lib/modules/7.0.12-gdfa4d4208131-dirty/kernel/drivers/hid/hid-roccat.ko
  STRIP   /home/potato/grafene/pomme/upstream/linux-hoolock/out/modules-staging/lib/modules/7.0.12-gdfa4d4208131-dirty/kernel/drivers/hid/hid-roccat-common.ko
  INSTALL /home/potato/grafene/pomme/upstream/linux-hoolock/out/modules-staging/lib/modules/7.0.12-gdfa4d4208131-dirty/kernel/drivers/hid/hid-roccat-arvo.ko
  INSTALL /home/potato/grafene/pomme/upstream/linux-hoolock/out/modules-staging/lib/modules/7.0.12-gdfa4d4208131-dirty/kernel/drivers/hid/hid-roccat-isku.ko
  STRIP   /home/potato/grafene/pomme/upstream/linux-hoolock/out/modules-staging/lib/modules/7.0.12-gdfa4d4208131-dirty/kernel/drivers/hid/hid-roccat-arvo.ko
  STRIP   /home/potato/grafene/pomme/upstream/linux-hoolock/out/modules-staging/lib/modules/7.0.12-gdfa4d4208131-dirty/kernel/drivers/hid/hid-roccat-isku.ko
  INSTALL /home/potato/grafene/pomme/upstream/linux-hoolock/out/modules-staging/lib/modules/7.0.12-gdfa4d4208131-dirty/kernel/drivers/hid/hid-roccat-kone.ko
  INSTALL /home/potato/grafene/pomme/upstream/linux-hoolock/out/modules-staging/lib/modules/7.0.12-gdfa4d4208131-dirty/kernel/drivers/hid/hid-roccat-koneplus.ko
  INSTALL /home/potato/grafene/pomme/upstream/linux-hoolock/out/modules-staging/lib/modules/7.0.12-gdfa4d4208131-dirty/kernel/drivers/hid/hid-roccat-konepure.ko
  INSTALL /home/potato/grafene/pomme/upstream/linux-hoolock/out/modules-staging/lib/modules/7.0.12-gdfa4d4208131-dirty/kernel/drivers/hid/hid-roccat-kovaplus.ko
  INSTALL /home/potato/grafene/pomme/upstream/linux-hoolock/out/modules-staging/lib/modules/7.0.12-gdfa4d4208131-dirty/kernel/drivers/hid/hid-roccat-lua.ko
  INSTALL /home/potato/grafene/pomme/upstream/linux-hoolock/out/modules-staging/lib/modules/7.0.12-gdfa4d4208131-dirty/kernel/drivers/hid/hid-roccat-pyra.ko
  INSTALL /home/potato/grafene/pomme/upstream/linux-hoolock/out/modules-staging/lib/modules/7.0.12-gdfa4d4208131-dirty/kernel/drivers/hid/hid-roccat-ryos.ko
  STRIP   /home/potato/grafene/pomme/upstream/linux-hoolock/out/modules-staging/lib/modules/7.0.12-gdfa4d4208131-dirty/kernel/drivers/hid/hid-roccat-kone.ko
  INSTALL /home/potato/grafene/pomme/upstream/linux-hoolock/out/modules-staging/lib/modules/7.0.12-gdfa4d4208131-dirty/kernel/drivers/hid/hid-roccat-savu.ko
  STRIP   /home/potato/grafene/pomme/upstream/linux-hoolock/out/modules-staging/lib/modules/7.0.12-gdfa4d4208131-dirty/kernel/drivers/hid/hid-roccat-koneplus.ko
  STRIP   /home/potato/grafene/pomme/upstream/linux-hoolock/out/modules-staging/lib/modules/7.0.12-gdfa4d4208131-dirty/kernel/drivers/hid/hid-roccat-kovaplus.ko
  STRIP   /home/potato/grafene/pomme/upstream/linux-hoolock/out/modules-staging/lib/modules/7.0.12-gdfa4d4208131-dirty/kernel/drivers/hid/hid-roccat-konepure.ko
  STRIP   /home/potato/grafene/pomme/upstream/linux-hoolock/out/modules-staging/lib/modules/7.0.12-gdfa4d4208131-dirty/kernel/drivers/hid/hid-roccat-pyra.ko
  STRIP   /home/potato/grafene/pomme/upstream/linux-hoolock/out/modules-staging/lib/modules/7.0.12-gdfa4d4208131-dirty/kernel/drivers/hid/hid-roccat-lua.ko
  STRIP   /home/potato/grafene/pomme/upstream/linux-hoolock/out/modules-staging/lib/modules/7.0.12-gdfa4d4208131-dirty/kernel/drivers/hid/hid-roccat-ryos.ko
  STRIP   /home/potato/grafene/pomme/upstream/linux-hoolock/out/modules-staging/lib/modules/7.0.12-gdfa4d4208131-dirty/kernel/drivers/hid/hid-roccat-savu.ko
  INSTALL /home/potato/grafene/pomme/upstream/linux-hoolock/out/modules-staging/lib/modules/7.0.12-gdfa4d4208131-dirty/kernel/drivers/hid/hid-rmi.ko
  INSTALL /home/potato/grafene/pomme/upstream/linux-hoolock/out/modules-staging/lib/modules/7.0.12-gdfa4d4208131-dirty/kernel/drivers/hid/hid-saitek.ko
  INSTALL /home/potato/grafene/pomme/upstream/linux-hoolock/out/modules-staging/lib/modules/7.0.12-gdfa4d4208131-dirty/kernel/drivers/hid/hid-samsung.ko
  STRIP   /home/potato/grafene/pomme/upstream/linux-hoolock/out/modules-staging/lib/modules/7.0.12-gdfa4d4208131-dirty/kernel/drivers/hid/hid-rmi.ko
  STRIP   /home/potato/grafene/pomme/upstream/linux-hoolock/out/modules-staging/lib/modules/7.0.12-gdfa4d4208131-dirty/kernel/drivers/hid/hid-saitek.ko
  STRIP   /home/potato/grafene/pomme/upstream/linux-hoolock/out/modules-staging/lib/modules/7.0.12-gdfa4d4208131-dirty/kernel/drivers/hid/hid-samsung.ko
  INSTALL /home/potato/grafene/pomme/upstream/linux-hoolock/out/modules-staging/lib/modules/7.0.12-gdfa4d4208131-dirty/kernel/drivers/hid/hid-semitek.ko
  INSTALL /home/potato/grafene/pomme/upstream/linux-hoolock/out/modules-staging/lib/modules/7.0.12-gdfa4d4208131-dirty/kernel/drivers/hid/hid-sigmamicro.ko
  INSTALL /home/potato/grafene/pomme/upstream/linux-hoolock/out/modules-staging/lib/modules/7.0.12-gdfa4d4208131-dirty/kernel/drivers/hid/hid-sjoy.ko
  INSTALL /home/potato/grafene/pomme/upstream/linux-hoolock/out/modules-staging/lib/modules/7.0.12-gdfa4d4208131-dirty/kernel/drivers/hid/hid-sony.ko
  INSTALL /home/potato/grafene/pomme/upstream/linux-hoolock/out/modules-staging/lib/modules/7.0.12-gdfa4d4208131-dirty/kernel/drivers/hid/hid-speedlink.ko
  INSTALL /home/potato/grafene/pomme/upstream/linux-hoolock/out/modules-staging/lib/modules/7.0.12-gdfa4d4208131-dirty/kernel/drivers/hid/hid-steam.ko
  INSTALL /home/potato/grafene/pomme/upstream/linux-hoolock/out/modules-staging/lib/modules/7.0.12-gdfa4d4208131-dirty/kernel/drivers/hid/hid-steelseries.ko
  INSTALL /home/potato/grafene/pomme/upstream/linux-hoolock/out/modules-staging/lib/modules/7.0.12-gdfa4d4208131-dirty/kernel/drivers/hid/hid-sunplus.ko
  STRIP   /home/potato/grafene/pomme/upstream/linux-hoolock/out/modules-staging/lib/modules/7.0.12-gdfa4d4208131-dirty/kernel/drivers/hid/hid-semitek.ko
  STRIP   /home/potato/grafene/pomme/upstream/linux-hoolock/out/modules-staging/lib/modules/7.0.12-gdfa4d4208131-dirty/kernel/drivers/hid/hid-sigmamicro.ko
  STRIP   /home/potato/grafene/pomme/upstream/linux-hoolock/out/modules-staging/lib/modules/7.0.12-gdfa4d4208131-dirty/kernel/drivers/hid/hid-sjoy.ko
  STRIP   /home/potato/grafene/pomme/upstream/linux-hoolock/out/modules-staging/lib/modules/7.0.12-gdfa4d4208131-dirty/kernel/drivers/hid/hid-sony.ko
  STRIP   /home/potato/grafene/pomme/upstream/linux-hoolock/out/modules-staging/lib/modules/7.0.12-gdfa4d4208131-dirty/kernel/drivers/hid/hid-speedlink.ko
  STRIP   /home/potato/grafene/pomme/upstream/linux-hoolock/out/modules-staging/lib/modules/7.0.12-gdfa4d4208131-dirty/kernel/drivers/hid/hid-steam.ko
  STRIP   /home/potato/grafene/pomme/upstream/linux-hoolock/out/modules-staging/lib/modules/7.0.12-gdfa4d4208131-dirty/kernel/drivers/hid/hid-steelseries.ko
  STRIP   /home/potato/grafene/pomme/upstream/linux-hoolock/out/modules-staging/lib/modules/7.0.12-gdfa4d4208131-dirty/kernel/drivers/hid/hid-sunplus.ko
  INSTALL /home/potato/grafene/pomme/upstream/linux-hoolock/out/modules-staging/lib/modules/7.0.12-gdfa4d4208131-dirty/kernel/drivers/hid/hid-gaff.ko
  INSTALL /home/potato/grafene/pomme/upstream/linux-hoolock/out/modules-staging/lib/modules/7.0.12-gdfa4d4208131-dirty/kernel/drivers/hid/hid-tmff.ko
  INSTALL /home/potato/grafene/pomme/upstream/linux-hoolock/out/modules-staging/lib/modules/7.0.12-gdfa4d4208131-dirty/kernel/drivers/hid/hid-thrustmaster.ko
  INSTALL /home/potato/grafene/pomme/upstream/linux-hoolock/out/modules-staging/lib/modules/7.0.12-gdfa4d4208131-dirty/kernel/drivers/hid/hid-tivo.ko
  INSTALL /home/potato/grafene/pomme/upstream/linux-hoolock/out/modules-staging/lib/modules/7.0.12-gdfa4d4208131-dirty/kernel/drivers/hid/hid-topseed.ko
  INSTALL /home/potato/grafene/pomme/upstream/linux-hoolock/out/modules-staging/lib/modules/7.0.12-gdfa4d4208131-dirty/kernel/drivers/hid/hid-topre.ko
  INSTALL /home/potato/grafene/pomme/upstream/linux-hoolock/out/modules-staging/lib/modules/7.0.12-gdfa4d4208131-dirty/kernel/drivers/hid/hid-twinhan.ko
  STRIP   /home/potato/grafene/pomme/upstream/linux-hoolock/out/modules-staging/lib/modules/7.0.12-gdfa4d4208131-dirty/kernel/drivers/hid/hid-gaff.ko
  STRIP   /home/potato/grafene/pomme/upstream/linux-hoolock/out/modules-staging/lib/modules/7.0.12-gdfa4d4208131-dirty/kernel/drivers/hid/hid-tmff.ko
  INSTALL /home/potato/grafene/pomme/upstream/linux-hoolock/out/modules-staging/lib/modules/7.0.12-gdfa4d4208131-dirty/kernel/drivers/hid/hid-u2fzero.ko
  STRIP   /home/potato/grafene/pomme/upstream/linux-hoolock/out/modules-staging/lib/modules/7.0.12-gdfa4d4208131-dirty/kernel/drivers/hid/hid-thrustmaster.ko
  STRIP   /home/potato/grafene/pomme/upstream/linux-hoolock/out/modules-staging/lib/modules/7.0.12-gdfa4d4208131-dirty/kernel/drivers/hid/hid-tivo.ko
  STRIP   /home/potato/grafene/pomme/upstream/linux-hoolock/out/modules-staging/lib/modules/7.0.12-gdfa4d4208131-dirty/kernel/drivers/hid/hid-topseed.ko
  STRIP   /home/potato/grafene/pomme/upstream/linux-hoolock/out/modules-staging/lib/modules/7.0.12-gdfa4d4208131-dirty/kernel/drivers/hid/hid-topre.ko
  STRIP   /home/potato/grafene/pomme/upstream/linux-hoolock/out/modules-staging/lib/modules/7.0.12-gdfa4d4208131-dirty/kernel/drivers/hid/hid-twinhan.ko
  STRIP   /home/potato/grafene/pomme/upstream/linux-hoolock/out/modules-staging/lib/modules/7.0.12-gdfa4d4208131-dirty/kernel/drivers/hid/hid-u2fzero.ko
  INSTALL /home/potato/grafene/pomme/upstream/linux-hoolock/out/modules-staging/lib/modules/7.0.12-gdfa4d4208131-dirty/kernel/drivers/hid/hid-uclogic.ko
  INSTALL /home/potato/grafene/pomme/upstream/linux-hoolock/out/modules-staging/lib/modules/7.0.12-gdfa4d4208131-dirty/kernel/drivers/hid/hid-udraw-ps3.ko
  INSTALL /home/potato/grafene/pomme/upstream/linux-hoolock/out/modules-staging/lib/modules/7.0.12-gdfa4d4208131-dirty/kernel/drivers/hid/hid-led.ko
  INSTALL /home/potato/grafene/pomme/upstream/linux-hoolock/out/modules-staging/lib/modules/7.0.12-gdfa4d4208131-dirty/kernel/drivers/hid/hid-xiaomi.ko
  INSTALL /home/potato/grafene/pomme/upstream/linux-hoolock/out/modules-staging/lib/modules/7.0.12-gdfa4d4208131-dirty/kernel/drivers/hid/hid-xinmo.ko
  STRIP   /home/potato/grafene/pomme/upstream/linux-hoolock/out/modules-staging/lib/modules/7.0.12-gdfa4d4208131-dirty/kernel/drivers/hid/hid-uclogic.ko
  STRIP   /home/potato/grafene/pomme/upstream/linux-hoolock/out/modules-staging/lib/modules/7.0.12-gdfa4d4208131-dirty/kernel/drivers/hid/hid-udraw-ps3.ko
  INSTALL /home/potato/grafene/pomme/upstream/linux-hoolock/out/modules-staging/lib/modules/7.0.12-gdfa4d4208131-dirty/kernel/drivers/hid/hid-zpff.ko
  STRIP   /home/potato/grafene/pomme/upstream/linux-hoolock/out/modules-staging/lib/modules/7.0.12-gdfa4d4208131-dirty/kernel/drivers/hid/hid-led.ko
  INSTALL /home/potato/grafene/pomme/upstream/linux-hoolock/out/modules-staging/lib/modules/7.0.12-gdfa4d4208131-dirty/kernel/drivers/hid/hid-zydacron.ko
  INSTALL /home/potato/grafene/pomme/upstream/linux-hoolock/out/modules-staging/lib/modules/7.0.12-gdfa4d4208131-dirty/kernel/drivers/hid/hid-viewsonic.ko
  STRIP   /home/potato/grafene/pomme/upstream/linux-hoolock/out/modules-staging/lib/modules/7.0.12-gdfa4d4208131-dirty/kernel/drivers/hid/hid-xiaomi.ko
  STRIP   /home/potato/grafene/pomme/upstream/linux-hoolock/out/modules-staging/lib/modules/7.0.12-gdfa4d4208131-dirty/kernel/drivers/hid/hid-xinmo.ko
  STRIP   /home/potato/grafene/pomme/upstream/linux-hoolock/out/modules-staging/lib/modules/7.0.12-gdfa4d4208131-dirty/kernel/drivers/hid/hid-zpff.ko
  STRIP   /home/potato/grafene/pomme/upstream/linux-hoolock/out/modules-staging/lib/modules/7.0.12-gdfa4d4208131-dirty/kernel/drivers/hid/hid-zydacron.ko
  INSTALL /home/potato/grafene/pomme/upstream/linux-hoolock/out/modules-staging/lib/modules/7.0.12-gdfa4d4208131-dirty/kernel/drivers/hid/wacom.ko
  STRIP   /home/potato/grafene/pomme/upstream/linux-hoolock/out/modules-staging/lib/modules/7.0.12-gdfa4d4208131-dirty/kernel/drivers/hid/hid-viewsonic.ko
  STRIP   /home/potato/grafene/pomme/upstream/linux-hoolock/out/modules-staging/lib/modules/7.0.12-gdfa4d4208131-dirty/kernel/drivers/hid/wacom.ko
  INSTALL /home/potato/grafene/pomme/upstream/linux-hoolock/out/modules-staging/lib/modules/7.0.12-gdfa4d4208131-dirty/kernel/drivers/hid/hid-waltop.ko
  INSTALL /home/potato/grafene/pomme/upstream/linux-hoolock/out/modules-staging/lib/modules/7.0.12-gdfa4d4208131-dirty/kernel/drivers/hid/hid-wiimote.ko
  INSTALL /home/potato/grafene/pomme/upstream/linux-hoolock/out/modules-staging/lib/modules/7.0.12-gdfa4d4208131-dirty/kernel/drivers/hid/hid-winwing.ko
  INSTALL /home/potato/grafene/pomme/upstream/linux-hoolock/out/modules-staging/lib/modules/7.0.12-gdfa4d4208131-dirty/kernel/drivers/hid/hid-sensor-hub.ko
  INSTALL /home/potato/grafene/pomme/upstream/linux-hoolock/out/modules-staging/lib/modules/7.0.12-gdfa4d4208131-dirty/kernel/drivers/iio/accel/hid-sensor-accel-3d.ko
  INSTALL /home/potato/grafene/pomme/upstream/linux-hoolock/out/modules-staging/lib/modules/7.0.12-gdfa4d4208131-dirty/kernel/drivers/iio/buffer/industrialio-triggered-buffer.ko
  INSTALL /home/potato/grafene/pomme/upstream/linux-hoolock/out/modules-staging/lib/modules/7.0.12-gdfa4d4208131-dirty/kernel/drivers/iio/buffer/kfifo_buf.ko
  STRIP   /home/potato/grafene/pomme/upstream/linux-hoolock/out/modules-staging/lib/modules/7.0.12-gdfa4d4208131-dirty/kernel/drivers/hid/hid-waltop.ko
  INSTALL /home/potato/grafene/pomme/upstream/linux-hoolock/out/modules-staging/lib/modules/7.0.12-gdfa4d4208131-dirty/kernel/drivers/iio/common/hid-sensors/hid-sensor-iio-common.ko
  STRIP   /home/potato/grafene/pomme/upstream/linux-hoolock/out/modules-staging/lib/modules/7.0.12-gdfa4d4208131-dirty/kernel/drivers/hid/hid-winwing.ko
  STRIP   /home/potato/grafene/pomme/upstream/linux-hoolock/out/modules-staging/lib/modules/7.0.12-gdfa4d4208131-dirty/kernel/drivers/hid/hid-wiimote.ko
  STRIP   /home/potato/grafene/pomme/upstream/linux-hoolock/out/modules-staging/lib/modules/7.0.12-gdfa4d4208131-dirty/kernel/drivers/hid/hid-sensor-hub.ko
  STRIP   /home/potato/grafene/pomme/upstream/linux-hoolock/out/modules-staging/lib/modules/7.0.12-gdfa4d4208131-dirty/kernel/drivers/iio/buffer/industrialio-triggered-buffer.ko
  STRIP   /home/potato/grafene/pomme/upstream/linux-hoolock/out/modules-staging/lib/modules/7.0.12-gdfa4d4208131-dirty/kernel/drivers/iio/accel/hid-sensor-accel-3d.ko
  STRIP   /home/potato/grafene/pomme/upstream/linux-hoolock/out/modules-staging/lib/modules/7.0.12-gdfa4d4208131-dirty/kernel/drivers/iio/buffer/kfifo_buf.ko
  STRIP   /home/potato/grafene/pomme/upstream/linux-hoolock/out/modules-staging/lib/modules/7.0.12-gdfa4d4208131-dirty/kernel/drivers/iio/common/hid-sensors/hid-sensor-iio-common.ko
  INSTALL /home/potato/grafene/pomme/upstream/linux-hoolock/out/modules-staging/lib/modules/7.0.12-gdfa4d4208131-dirty/kernel/drivers/iio/common/hid-sensors/hid-sensor-trigger.ko
  STRIP   /home/potato/grafene/pomme/upstream/linux-hoolock/out/modules-staging/lib/modules/7.0.12-gdfa4d4208131-dirty/kernel/drivers/iio/common/hid-sensors/hid-sensor-trigger.ko
  INSTALL /home/potato/grafene/pomme/upstream/linux-hoolock/out/modules-staging/lib/modules/7.0.12-gdfa4d4208131-dirty/kernel/drivers/iio/gyro/hid-sensor-gyro-3d.ko
  STRIP   /home/potato/grafene/pomme/upstream/linux-hoolock/out/modules-staging/lib/modules/7.0.12-gdfa4d4208131-dirty/kernel/drivers/iio/gyro/hid-sensor-gyro-3d.ko
  INSTALL /home/potato/grafene/pomme/upstream/linux-hoolock/out/modules-staging/lib/modules/7.0.12-gdfa4d4208131-dirty/kernel/drivers/iio/humidity/hid-sensor-humidity.ko
  INSTALL /home/potato/grafene/pomme/upstream/linux-hoolock/out/modules-staging/lib/modules/7.0.12-gdfa4d4208131-dirty/kernel/drivers/iio/light/hid-sensor-als.ko
  INSTALL /home/potato/grafene/pomme/upstream/linux-hoolock/out/modules-staging/lib/modules/7.0.12-gdfa4d4208131-dirty/kernel/drivers/iio/magnetometer/hid-sensor-magn-3d.ko
  INSTALL /home/potato/grafene/pomme/upstream/linux-hoolock/out/modules-staging/lib/modules/7.0.12-gdfa4d4208131-dirty/kernel/drivers/iio/orientation/hid-sensor-incl-3d.ko
  INSTALL /home/potato/grafene/pomme/upstream/linux-hoolock/out/modules-staging/lib/modules/7.0.12-gdfa4d4208131-dirty/kernel/drivers/iio/orientation/hid-sensor-rotation.ko
  INSTALL /home/potato/grafene/pomme/upstream/linux-hoolock/out/modules-staging/lib/modules/7.0.12-gdfa4d4208131-dirty/kernel/drivers/iio/position/hid-sensor-custom-intel-hinge.ko
  INSTALL /home/potato/grafene/pomme/upstream/linux-hoolock/out/modules-staging/lib/modules/7.0.12-gdfa4d4208131-dirty/kernel/drivers/iio/temperature/hid-sensor-temperature.ko
  STRIP   /home/potato/grafene/pomme/upstream/linux-hoolock/out/modules-staging/lib/modules/7.0.12-gdfa4d4208131-dirty/kernel/drivers/iio/humidity/hid-sensor-humidity.ko
  STRIP   /home/potato/grafene/pomme/upstream/linux-hoolock/out/modules-staging/lib/modules/7.0.12-gdfa4d4208131-dirty/kernel/drivers/iio/light/hid-sensor-als.ko
  STRIP   /home/potato/grafene/pomme/upstream/linux-hoolock/out/modules-staging/lib/modules/7.0.12-gdfa4d4208131-dirty/kernel/drivers/iio/magnetometer/hid-sensor-magn-3d.ko
  STRIP   /home/potato/grafene/pomme/upstream/linux-hoolock/out/modules-staging/lib/modules/7.0.12-gdfa4d4208131-dirty/kernel/drivers/iio/orientation/hid-sensor-incl-3d.ko
  STRIP   /home/potato/grafene/pomme/upstream/linux-hoolock/out/modules-staging/lib/modules/7.0.12-gdfa4d4208131-dirty/kernel/drivers/iio/orientation/hid-sensor-rotation.ko
  STRIP   /home/potato/grafene/pomme/upstream/linux-hoolock/out/modules-staging/lib/modules/7.0.12-gdfa4d4208131-dirty/kernel/drivers/iio/position/hid-sensor-custom-intel-hinge.ko
  STRIP   /home/potato/grafene/pomme/upstream/linux-hoolock/out/modules-staging/lib/modules/7.0.12-gdfa4d4208131-dirty/kernel/drivers/iio/temperature/hid-sensor-temperature.ko
  INSTALL /home/potato/grafene/pomme/upstream/linux-hoolock/out/modules-staging/lib/modules/7.0.12-gdfa4d4208131-dirty/kernel/drivers/ata/libata.ko
  STRIP   /home/potato/grafene/pomme/upstream/linux-hoolock/out/modules-staging/lib/modules/7.0.12-gdfa4d4208131-dirty/kernel/drivers/ata/libata.ko
  INSTALL /home/potato/grafene/pomme/upstream/linux-hoolock/out/modules-staging/lib/modules/7.0.12-gdfa4d4208131-dirty/kernel/drivers/mtd/parsers/ofpart.ko
  INSTALL /home/potato/grafene/pomme/upstream/linux-hoolock/out/modules-staging/lib/modules/7.0.12-gdfa4d4208131-dirty/kernel/drivers/mtd/chips/chipreg.ko
  INSTALL /home/potato/grafene/pomme/upstream/linux-hoolock/out/modules-staging/lib/modules/7.0.12-gdfa4d4208131-dirty/kernel/drivers/mtd/devices/phram.ko
  INSTALL /home/potato/grafene/pomme/upstream/linux-hoolock/out/modules-staging/lib/modules/7.0.12-gdfa4d4208131-dirty/kernel/drivers/mtd/mtd.ko
  INSTALL /home/potato/grafene/pomme/upstream/linux-hoolock/out/modules-staging/lib/modules/7.0.12-gdfa4d4208131-dirty/kernel/drivers/input/serio/serio.ko
  INSTALL /home/potato/grafene/pomme/upstream/linux-hoolock/out/modules-staging/lib/modules/7.0.12-gdfa4d4208131-dirty/kernel/drivers/input/serio/serport.ko
  INSTALL /home/potato/grafene/pomme/upstream/linux-hoolock/out/modules-staging/lib/modules/7.0.12-gdfa4d4208131-dirty/kernel/sound/soundcore.ko
  STRIP   /home/potato/grafene/pomme/upstream/linux-hoolock/out/modules-staging/lib/modules/7.0.12-gdfa4d4208131-dirty/kernel/drivers/mtd/parsers/ofpart.ko
  STRIP   /home/potato/grafene/pomme/upstream/linux-hoolock/out/modules-staging/lib/modules/7.0.12-gdfa4d4208131-dirty/kernel/drivers/mtd/chips/chipreg.ko
  INSTALL /home/potato/grafene/pomme/upstream/linux-hoolock/out/modules-staging/lib/modules/7.0.12-gdfa4d4208131-dirty/kernel/sound/core/snd.ko
  STRIP   /home/potato/grafene/pomme/upstream/linux-hoolock/out/modules-staging/lib/modules/7.0.12-gdfa4d4208131-dirty/kernel/drivers/mtd/devices/phram.ko
  STRIP   /home/potato/grafene/pomme/upstream/linux-hoolock/out/modules-staging/lib/modules/7.0.12-gdfa4d4208131-dirty/kernel/drivers/input/serio/serio.ko
  STRIP   /home/potato/grafene/pomme/upstream/linux-hoolock/out/modules-staging/lib/modules/7.0.12-gdfa4d4208131-dirty/kernel/drivers/mtd/mtd.ko
  STRIP   /home/potato/grafene/pomme/upstream/linux-hoolock/out/modules-staging/lib/modules/7.0.12-gdfa4d4208131-dirty/kernel/drivers/input/serio/serport.ko
  STRIP   /home/potato/grafene/pomme/upstream/linux-hoolock/out/modules-staging/lib/modules/7.0.12-gdfa4d4208131-dirty/kernel/sound/soundcore.ko
  STRIP   /home/potato/grafene/pomme/upstream/linux-hoolock/out/modules-staging/lib/modules/7.0.12-gdfa4d4208131-dirty/kernel/sound/core/snd.ko
  INSTALL /home/potato/grafene/pomme/upstream/linux-hoolock/out/modules-staging/lib/modules/7.0.12-gdfa4d4208131-dirty/kernel/sound/core/snd-hwdep.ko
  INSTALL /home/potato/grafene/pomme/upstream/linux-hoolock/out/modules-staging/lib/modules/7.0.12-gdfa4d4208131-dirty/kernel/sound/core/snd-timer.ko
  INSTALL /home/potato/grafene/pomme/upstream/linux-hoolock/out/modules-staging/lib/modules/7.0.12-gdfa4d4208131-dirty/kernel/sound/core/snd-pcm.ko
  INSTALL /home/potato/grafene/pomme/upstream/linux-hoolock/out/modules-staging/lib/modules/7.0.12-gdfa4d4208131-dirty/kernel/sound/core/snd-rawmidi.ko
  INSTALL /home/potato/grafene/pomme/upstream/linux-hoolock/out/modules-staging/lib/modules/7.0.12-gdfa4d4208131-dirty/kernel/sound/core/snd-ump.ko
  INSTALL /home/potato/grafene/pomme/upstream/linux-hoolock/out/modules-staging/lib/modules/7.0.12-gdfa4d4208131-dirty/kernel/sound/usb/snd-usb-audio.ko
  STRIP   /home/potato/grafene/pomme/upstream/linux-hoolock/out/modules-staging/lib/modules/7.0.12-gdfa4d4208131-dirty/kernel/sound/core/snd-hwdep.ko
  INSTALL /home/potato/grafene/pomme/upstream/linux-hoolock/out/modules-staging/lib/modules/7.0.12-gdfa4d4208131-dirty/kernel/sound/usb/snd-usbmidi-lib.ko
  INSTALL /home/potato/grafene/pomme/upstream/linux-hoolock/out/modules-staging/lib/modules/7.0.12-gdfa4d4208131-dirty/kernel/net/core/selftests.ko
  STRIP   /home/potato/grafene/pomme/upstream/linux-hoolock/out/modules-staging/lib/modules/7.0.12-gdfa4d4208131-dirty/kernel/sound/core/snd-timer.ko
  STRIP   /home/potato/grafene/pomme/upstream/linux-hoolock/out/modules-staging/lib/modules/7.0.12-gdfa4d4208131-dirty/kernel/sound/core/snd-rawmidi.ko
  STRIP   /home/potato/grafene/pomme/upstream/linux-hoolock/out/modules-staging/lib/modules/7.0.12-gdfa4d4208131-dirty/kernel/sound/core/snd-pcm.ko
  STRIP   /home/potato/grafene/pomme/upstream/linux-hoolock/out/modules-staging/lib/modules/7.0.12-gdfa4d4208131-dirty/kernel/sound/core/snd-ump.ko
  STRIP   /home/potato/grafene/pomme/upstream/linux-hoolock/out/modules-staging/lib/modules/7.0.12-gdfa4d4208131-dirty/kernel/sound/usb/snd-usbmidi-lib.ko
  STRIP   /home/potato/grafene/pomme/upstream/linux-hoolock/out/modules-staging/lib/modules/7.0.12-gdfa4d4208131-dirty/kernel/net/core/selftests.ko
  STRIP   /home/potato/grafene/pomme/upstream/linux-hoolock/out/modules-staging/lib/modules/7.0.12-gdfa4d4208131-dirty/kernel/sound/usb/snd-usb-audio.ko
  INSTALL /home/potato/grafene/pomme/upstream/linux-hoolock/out/modules-staging/lib/modules/7.0.12-gdfa4d4208131-dirty/kernel/net/802/psnap.ko
  STRIP   /home/potato/grafene/pomme/upstream/linux-hoolock/out/modules-staging/lib/modules/7.0.12-gdfa4d4208131-dirty/kernel/net/802/psnap.ko
  INSTALL /home/potato/grafene/pomme/upstream/linux-hoolock/out/modules-staging/lib/modules/7.0.12-gdfa4d4208131-dirty/kernel/net/802/stp.ko
  INSTALL /home/potato/grafene/pomme/upstream/linux-hoolock/out/modules-staging/lib/modules/7.0.12-gdfa4d4208131-dirty/kernel/net/sched/cls_cgroup.ko
  INSTALL /home/potato/grafene/pomme/upstream/linux-hoolock/out/modules-staging/lib/modules/7.0.12-gdfa4d4208131-dirty/kernel/net/netfilter/nf_conntrack.ko
  INSTALL /home/potato/grafene/pomme/upstream/linux-hoolock/out/modules-staging/lib/modules/7.0.12-gdfa4d4208131-dirty/kernel/net/netfilter/nf_nat.ko
  INSTALL /home/potato/grafene/pomme/upstream/linux-hoolock/out/modules-staging/lib/modules/7.0.12-gdfa4d4208131-dirty/kernel/net/netfilter/nf_synproxy_core.ko
  INSTALL /home/potato/grafene/pomme/upstream/linux-hoolock/out/modules-staging/lib/modules/7.0.12-gdfa4d4208131-dirty/kernel/net/netfilter/nf_conncount.ko
  INSTALL /home/potato/grafene/pomme/upstream/linux-hoolock/out/modules-staging/lib/modules/7.0.12-gdfa4d4208131-dirty/kernel/net/netfilter/nf_dup_netdev.ko
  STRIP   /home/potato/grafene/pomme/upstream/linux-hoolock/out/modules-staging/lib/modules/7.0.12-gdfa4d4208131-dirty/kernel/net/802/stp.ko
  INSTALL /home/potato/grafene/pomme/upstream/linux-hoolock/out/modules-staging/lib/modules/7.0.12-gdfa4d4208131-dirty/kernel/net/netfilter/nf_tables.ko
  STRIP   /home/potato/grafene/pomme/upstream/linux-hoolock/out/modules-staging/lib/modules/7.0.12-gdfa4d4208131-dirty/kernel/net/sched/cls_cgroup.ko
  STRIP   /home/potato/grafene/pomme/upstream/linux-hoolock/out/modules-staging/lib/modules/7.0.12-gdfa4d4208131-dirty/kernel/net/netfilter/nf_synproxy_core.ko
  STRIP   /home/potato/grafene/pomme/upstream/linux-hoolock/out/modules-staging/lib/modules/7.0.12-gdfa4d4208131-dirty/kernel/net/netfilter/nf_conncount.ko
  STRIP   /home/potato/grafene/pomme/upstream/linux-hoolock/out/modules-staging/lib/modules/7.0.12-gdfa4d4208131-dirty/kernel/net/netfilter/nf_nat.ko
  STRIP   /home/potato/grafene/pomme/upstream/linux-hoolock/out/modules-staging/lib/modules/7.0.12-gdfa4d4208131-dirty/kernel/net/netfilter/nf_dup_netdev.ko
  STRIP   /home/potato/grafene/pomme/upstream/linux-hoolock/out/modules-staging/lib/modules/7.0.12-gdfa4d4208131-dirty/kernel/net/netfilter/nf_conntrack.ko
  INSTALL /home/potato/grafene/pomme/upstream/linux-hoolock/out/modules-staging/lib/modules/7.0.12-gdfa4d4208131-dirty/kernel/net/netfilter/nft_compat.ko
  STRIP   /home/potato/grafene/pomme/upstream/linux-hoolock/out/modules-staging/lib/modules/7.0.12-gdfa4d4208131-dirty/kernel/net/netfilter/nf_tables.ko
  STRIP   /home/potato/grafene/pomme/upstream/linux-hoolock/out/modules-staging/lib/modules/7.0.12-gdfa4d4208131-dirty/kernel/net/netfilter/nft_compat.ko
  INSTALL /home/potato/grafene/pomme/upstream/linux-hoolock/out/modules-staging/lib/modules/7.0.12-gdfa4d4208131-dirty/kernel/net/netfilter/nft_connlimit.ko
  INSTALL /home/potato/grafene/pomme/upstream/linux-hoolock/out/modules-staging/lib/modules/7.0.12-gdfa4d4208131-dirty/kernel/net/netfilter/nft_numgen.ko
  INSTALL /home/potato/grafene/pomme/upstream/linux-hoolock/out/modules-staging/lib/modules/7.0.12-gdfa4d4208131-dirty/kernel/net/netfilter/nft_ct.ko
  INSTALL /home/potato/grafene/pomme/upstream/linux-hoolock/out/modules-staging/lib/modules/7.0.12-gdfa4d4208131-dirty/kernel/net/netfilter/nft_limit.ko
  INSTALL /home/potato/grafene/pomme/upstream/linux-hoolock/out/modules-staging/lib/modules/7.0.12-gdfa4d4208131-dirty/kernel/net/netfilter/nft_nat.ko
  STRIP   /home/potato/grafene/pomme/upstream/linux-hoolock/out/modules-staging/lib/modules/7.0.12-gdfa4d4208131-dirty/kernel/net/netfilter/nft_connlimit.ko
  INSTALL /home/potato/grafene/pomme/upstream/linux-hoolock/out/modules-staging/lib/modules/7.0.12-gdfa4d4208131-dirty/kernel/net/netfilter/nft_quota.ko
  INSTALL /home/potato/grafene/pomme/upstream/linux-hoolock/out/modules-staging/lib/modules/7.0.12-gdfa4d4208131-dirty/kernel/net/netfilter/nft_reject.ko
  STRIP   /home/potato/grafene/pomme/upstream/linux-hoolock/out/modules-staging/lib/modules/7.0.12-gdfa4d4208131-dirty/kernel/net/netfilter/nft_numgen.ko
  STRIP   /home/potato/grafene/pomme/upstream/linux-hoolock/out/modules-staging/lib/modules/7.0.12-gdfa4d4208131-dirty/kernel/net/netfilter/nft_ct.ko
  STRIP   /home/potato/grafene/pomme/upstream/linux-hoolock/out/modules-staging/lib/modules/7.0.12-gdfa4d4208131-dirty/kernel/net/netfilter/nft_limit.ko
  STRIP   /home/potato/grafene/pomme/upstream/linux-hoolock/out/modules-staging/lib/modules/7.0.12-gdfa4d4208131-dirty/kernel/net/netfilter/nft_nat.ko
  STRIP   /home/potato/grafene/pomme/upstream/linux-hoolock/out/modules-staging/lib/modules/7.0.12-gdfa4d4208131-dirty/kernel/net/netfilter/nft_quota.ko
  STRIP   /home/potato/grafene/pomme/upstream/linux-hoolock/out/modules-staging/lib/modules/7.0.12-gdfa4d4208131-dirty/kernel/net/netfilter/nft_reject.ko
  INSTALL /home/potato/grafene/pomme/upstream/linux-hoolock/out/modules-staging/lib/modules/7.0.12-gdfa4d4208131-dirty/kernel/net/netfilter/nft_reject_inet.ko
  INSTALL /home/potato/grafene/pomme/upstream/linux-hoolock/out/modules-staging/lib/modules/7.0.12-gdfa4d4208131-dirty/kernel/net/netfilter/nft_reject_netdev.ko
  INSTALL /home/potato/grafene/pomme/upstream/linux-hoolock/out/modules-staging/lib/modules/7.0.12-gdfa4d4208131-dirty/kernel/net/netfilter/nft_tunnel.ko
  INSTALL /home/potato/grafene/pomme/upstream/linux-hoolock/out/modules-staging/lib/modules/7.0.12-gdfa4d4208131-dirty/kernel/net/netfilter/nft_log.ko
  INSTALL /home/potato/grafene/pomme/upstream/linux-hoolock/out/modules-staging/lib/modules/7.0.12-gdfa4d4208131-dirty/kernel/net/netfilter/nft_masq.ko
  INSTALL /home/potato/grafene/pomme/upstream/linux-hoolock/out/modules-staging/lib/modules/7.0.12-gdfa4d4208131-dirty/kernel/net/netfilter/nft_redir.ko
  INSTALL /home/potato/grafene/pomme/upstream/linux-hoolock/out/modules-staging/lib/modules/7.0.12-gdfa4d4208131-dirty/kernel/net/netfilter/nft_hash.ko
  STRIP   /home/potato/grafene/pomme/upstream/linux-hoolock/out/modules-staging/lib/modules/7.0.12-gdfa4d4208131-dirty/kernel/net/netfilter/nft_reject_inet.ko
  STRIP   /home/potato/grafene/pomme/upstream/linux-hoolock/out/modules-staging/lib/modules/7.0.12-gdfa4d4208131-dirty/kernel/net/netfilter/nft_reject_netdev.ko
  STRIP   /home/potato/grafene/pomme/upstream/linux-hoolock/out/modules-staging/lib/modules/7.0.12-gdfa4d4208131-dirty/kernel/net/netfilter/nft_tunnel.ko
  STRIP   /home/potato/grafene/pomme/upstream/linux-hoolock/out/modules-staging/lib/modules/7.0.12-gdfa4d4208131-dirty/kernel/net/netfilter/nft_log.ko
  STRIP   /home/potato/grafene/pomme/upstream/linux-hoolock/out/modules-staging/lib/modules/7.0.12-gdfa4d4208131-dirty/kernel/net/netfilter/nft_masq.ko
  STRIP   /home/potato/grafene/pomme/upstream/linux-hoolock/out/modules-staging/lib/modules/7.0.12-gdfa4d4208131-dirty/kernel/net/netfilter/nft_redir.ko
  STRIP   /home/potato/grafene/pomme/upstream/linux-hoolock/out/modules-staging/lib/modules/7.0.12-gdfa4d4208131-dirty/kernel/net/netfilter/nft_hash.ko
  INSTALL /home/potato/grafene/pomme/upstream/linux-hoolock/out/modules-staging/lib/modules/7.0.12-gdfa4d4208131-dirty/kernel/net/netfilter/nft_fib.ko
  STRIP   /home/potato/grafene/pomme/upstream/linux-hoolock/out/modules-staging/lib/modules/7.0.12-gdfa4d4208131-dirty/kernel/net/netfilter/nft_fib.ko
  INSTALL /home/potato/grafene/pomme/upstream/linux-hoolock/out/modules-staging/lib/modules/7.0.12-gdfa4d4208131-dirty/kernel/net/netfilter/nft_socket.ko
  STRIP   /home/potato/grafene/pomme/upstream/linux-hoolock/out/modules-staging/lib/modules/7.0.12-gdfa4d4208131-dirty/kernel/net/netfilter/nft_socket.ko
  INSTALL /home/potato/grafene/pomme/upstream/linux-hoolock/out/modules-staging/lib/modules/7.0.12-gdfa4d4208131-dirty/kernel/net/netfilter/nft_osf.ko
  INSTALL /home/potato/grafene/pomme/upstream/linux-hoolock/out/modules-staging/lib/modules/7.0.12-gdfa4d4208131-dirty/kernel/net/netfilter/nft_tproxy.ko
  INSTALL /home/potato/grafene/pomme/upstream/linux-hoolock/out/modules-staging/lib/modules/7.0.12-gdfa4d4208131-dirty/kernel/net/netfilter/nft_synproxy.ko
  INSTALL /home/potato/grafene/pomme/upstream/linux-hoolock/out/modules-staging/lib/modules/7.0.12-gdfa4d4208131-dirty/kernel/net/netfilter/nft_chain_nat.ko
  INSTALL /home/potato/grafene/pomme/upstream/linux-hoolock/out/modules-staging/lib/modules/7.0.12-gdfa4d4208131-dirty/kernel/net/netfilter/nft_dup_netdev.ko
  INSTALL /home/potato/grafene/pomme/upstream/linux-hoolock/out/modules-staging/lib/modules/7.0.12-gdfa4d4208131-dirty/kernel/net/netfilter/nft_fwd_netdev.ko
  INSTALL /home/potato/grafene/pomme/upstream/linux-hoolock/out/modules-staging/lib/modules/7.0.12-gdfa4d4208131-dirty/kernel/net/netfilter/nf_flow_table.ko
  STRIP   /home/potato/grafene/pomme/upstream/linux-hoolock/out/modules-staging/lib/modules/7.0.12-gdfa4d4208131-dirty/kernel/net/netfilter/nft_osf.ko
  INSTALL /home/potato/grafene/pomme/upstream/linux-hoolock/out/modules-staging/lib/modules/7.0.12-gdfa4d4208131-dirty/kernel/net/netfilter/x_tables.ko
  STRIP   /home/potato/grafene/pomme/upstream/linux-hoolock/out/modules-staging/lib/modules/7.0.12-gdfa4d4208131-dirty/kernel/net/netfilter/nft_tproxy.ko
  STRIP   /home/potato/grafene/pomme/upstream/linux-hoolock/out/modules-staging/lib/modules/7.0.12-gdfa4d4208131-dirty/kernel/net/netfilter/nft_synproxy.ko
  STRIP   /home/potato/grafene/pomme/upstream/linux-hoolock/out/modules-staging/lib/modules/7.0.12-gdfa4d4208131-dirty/kernel/net/netfilter/nft_chain_nat.ko
  STRIP   /home/potato/grafene/pomme/upstream/linux-hoolock/out/modules-staging/lib/modules/7.0.12-gdfa4d4208131-dirty/kernel/net/netfilter/nft_dup_netdev.ko
  STRIP   /home/potato/grafene/pomme/upstream/linux-hoolock/out/modules-staging/lib/modules/7.0.12-gdfa4d4208131-dirty/kernel/net/netfilter/nft_fwd_netdev.ko
  STRIP   /home/potato/grafene/pomme/upstream/linux-hoolock/out/modules-staging/lib/modules/7.0.12-gdfa4d4208131-dirty/kernel/net/netfilter/nf_flow_table.ko
  STRIP   /home/potato/grafene/pomme/upstream/linux-hoolock/out/modules-staging/lib/modules/7.0.12-gdfa4d4208131-dirty/kernel/net/netfilter/x_tables.ko
  INSTALL /home/potato/grafene/pomme/upstream/linux-hoolock/out/modules-staging/lib/modules/7.0.12-gdfa4d4208131-dirty/kernel/net/netfilter/xt_tcpudp.ko
  INSTALL /home/potato/grafene/pomme/upstream/linux-hoolock/out/modules-staging/lib/modules/7.0.12-gdfa4d4208131-dirty/kernel/net/netfilter/xt_mark.ko
  INSTALL /home/potato/grafene/pomme/upstream/linux-hoolock/out/modules-staging/lib/modules/7.0.12-gdfa4d4208131-dirty/kernel/net/netfilter/xt_nat.ko
  INSTALL /home/potato/grafene/pomme/upstream/linux-hoolock/out/modules-staging/lib/modules/7.0.12-gdfa4d4208131-dirty/kernel/net/netfilter/xt_CHECKSUM.ko
  INSTALL /home/potato/grafene/pomme/upstream/linux-hoolock/out/modules-staging/lib/modules/7.0.12-gdfa4d4208131-dirty/kernel/net/netfilter/xt_LOG.ko
  INSTALL /home/potato/grafene/pomme/upstream/linux-hoolock/out/modules-staging/lib/modules/7.0.12-gdfa4d4208131-dirty/kernel/net/netfilter/xt_REDIRECT.ko
  STRIP   /home/potato/grafene/pomme/upstream/linux-hoolock/out/modules-staging/lib/modules/7.0.12-gdfa4d4208131-dirty/kernel/net/netfilter/xt_tcpudp.ko
  INSTALL /home/potato/grafene/pomme/upstream/linux-hoolock/out/modules-staging/lib/modules/7.0.12-gdfa4d4208131-dirty/kernel/net/netfilter/xt_MASQUERADE.ko
  STRIP   /home/potato/grafene/pomme/upstream/linux-hoolock/out/modules-staging/lib/modules/7.0.12-gdfa4d4208131-dirty/kernel/net/netfilter/xt_mark.ko
  STRIP   /home/potato/grafene/pomme/upstream/linux-hoolock/out/modules-staging/lib/modules/7.0.12-gdfa4d4208131-dirty/kernel/net/netfilter/xt_nat.ko
  INSTALL /home/potato/grafene/pomme/upstream/linux-hoolock/out/modules-staging/lib/modules/7.0.12-gdfa4d4208131-dirty/kernel/net/netfilter/xt_TCPMSS.ko
  STRIP   /home/potato/grafene/pomme/upstream/linux-hoolock/out/modules-staging/lib/modules/7.0.12-gdfa4d4208131-dirty/kernel/net/netfilter/xt_CHECKSUM.ko
  STRIP   /home/potato/grafene/pomme/upstream/linux-hoolock/out/modules-staging/lib/modules/7.0.12-gdfa4d4208131-dirty/kernel/net/netfilter/xt_LOG.ko
  STRIP   /home/potato/grafene/pomme/upstream/linux-hoolock/out/modules-staging/lib/modules/7.0.12-gdfa4d4208131-dirty/kernel/net/netfilter/xt_REDIRECT.ko
  STRIP   /home/potato/grafene/pomme/upstream/linux-hoolock/out/modules-staging/lib/modules/7.0.12-gdfa4d4208131-dirty/kernel/net/netfilter/xt_MASQUERADE.ko
  STRIP   /home/potato/grafene/pomme/upstream/linux-hoolock/out/modules-staging/lib/modules/7.0.12-gdfa4d4208131-dirty/kernel/net/netfilter/xt_TCPMSS.ko
  INSTALL /home/potato/grafene/pomme/upstream/linux-hoolock/out/modules-staging/lib/modules/7.0.12-gdfa4d4208131-dirty/kernel/net/netfilter/xt_addrtype.ko
  INSTALL /home/potato/grafene/pomme/upstream/linux-hoolock/out/modules-staging/lib/modules/7.0.12-gdfa4d4208131-dirty/kernel/net/netfilter/xt_comment.ko
  INSTALL /home/potato/grafene/pomme/upstream/linux-hoolock/out/modules-staging/lib/modules/7.0.12-gdfa4d4208131-dirty/kernel/net/netfilter/xt_conntrack.ko
  INSTALL /home/potato/grafene/pomme/upstream/linux-hoolock/out/modules-staging/lib/modules/7.0.12-gdfa4d4208131-dirty/kernel/net/netfilter/xt_ipvs.ko
  INSTALL /home/potato/grafene/pomme/upstream/linux-hoolock/out/modules-staging/lib/modules/7.0.12-gdfa4d4208131-dirty/kernel/net/netfilter/xt_multiport.ko
  INSTALL /home/potato/grafene/pomme/upstream/linux-hoolock/out/modules-staging/lib/modules/7.0.12-gdfa4d4208131-dirty/kernel/net/netfilter/xt_statistic.ko
  INSTALL /home/potato/grafene/pomme/upstream/linux-hoolock/out/modules-staging/lib/modules/7.0.12-gdfa4d4208131-dirty/kernel/net/netfilter/xt_tcpmss.ko
  INSTALL /home/potato/grafene/pomme/upstream/linux-hoolock/out/modules-staging/lib/modules/7.0.12-gdfa4d4208131-dirty/kernel/net/netfilter/ipvs/ip_vs.ko
  STRIP   /home/potato/grafene/pomme/upstream/linux-hoolock/out/modules-staging/lib/modules/7.0.12-gdfa4d4208131-dirty/kernel/net/netfilter/xt_addrtype.ko
  STRIP   /home/potato/grafene/pomme/upstream/linux-hoolock/out/modules-staging/lib/modules/7.0.12-gdfa4d4208131-dirty/kernel/net/netfilter/xt_comment.ko
  STRIP   /home/potato/grafene/pomme/upstream/linux-hoolock/out/modules-staging/lib/modules/7.0.12-gdfa4d4208131-dirty/kernel/net/netfilter/xt_conntrack.ko
  STRIP   /home/potato/grafene/pomme/upstream/linux-hoolock/out/modules-staging/lib/modules/7.0.12-gdfa4d4208131-dirty/kernel/net/netfilter/xt_ipvs.ko
  STRIP   /home/potato/grafene/pomme/upstream/linux-hoolock/out/modules-staging/lib/modules/7.0.12-gdfa4d4208131-dirty/kernel/net/netfilter/xt_multiport.ko
  STRIP   /home/potato/grafene/pomme/upstream/linux-hoolock/out/modules-staging/lib/modules/7.0.12-gdfa4d4208131-dirty/kernel/net/netfilter/xt_statistic.ko
  STRIP   /home/potato/grafene/pomme/upstream/linux-hoolock/out/modules-staging/lib/modules/7.0.12-gdfa4d4208131-dirty/kernel/net/netfilter/xt_tcpmss.ko
  STRIP   /home/potato/grafene/pomme/upstream/linux-hoolock/out/modules-staging/lib/modules/7.0.12-gdfa4d4208131-dirty/kernel/net/netfilter/ipvs/ip_vs.ko
  INSTALL /home/potato/grafene/pomme/upstream/linux-hoolock/out/modules-staging/lib/modules/7.0.12-gdfa4d4208131-dirty/kernel/net/netfilter/ipvs/ip_vs_rr.ko
  INSTALL /home/potato/grafene/pomme/upstream/linux-hoolock/out/modules-staging/lib/modules/7.0.12-gdfa4d4208131-dirty/kernel/net/ipv4/netfilter/nf_defrag_ipv4.ko
  INSTALL /home/potato/grafene/pomme/upstream/linux-hoolock/out/modules-staging/lib/modules/7.0.12-gdfa4d4208131-dirty/kernel/net/ipv4/netfilter/nf_reject_ipv4.ko
  INSTALL /home/potato/grafene/pomme/upstream/linux-hoolock/out/modules-staging/lib/modules/7.0.12-gdfa4d4208131-dirty/kernel/net/ipv4/netfilter/nft_reject_ipv4.ko
  INSTALL /home/potato/grafene/pomme/upstream/linux-hoolock/out/modules-staging/lib/modules/7.0.12-gdfa4d4208131-dirty/kernel/net/ipv4/netfilter/nft_fib_ipv4.ko
  INSTALL /home/potato/grafene/pomme/upstream/linux-hoolock/out/modules-staging/lib/modules/7.0.12-gdfa4d4208131-dirty/kernel/net/ipv4/netfilter/ip_tables.ko
  INSTALL /home/potato/grafene/pomme/upstream/linux-hoolock/out/modules-staging/lib/modules/7.0.12-gdfa4d4208131-dirty/kernel/net/ipv4/netfilter/iptable_filter.ko
  STRIP   /home/potato/grafene/pomme/upstream/linux-hoolock/out/modules-staging/lib/modules/7.0.12-gdfa4d4208131-dirty/kernel/net/netfilter/ipvs/ip_vs_rr.ko
  STRIP   /home/potato/grafene/pomme/upstream/linux-hoolock/out/modules-staging/lib/modules/7.0.12-gdfa4d4208131-dirty/kernel/net/ipv4/netfilter/nf_defrag_ipv4.ko
  STRIP   /home/potato/grafene/pomme/upstream/linux-hoolock/out/modules-staging/lib/modules/7.0.12-gdfa4d4208131-dirty/kernel/net/ipv4/netfilter/nf_reject_ipv4.ko
  INSTALL /home/potato/grafene/pomme/upstream/linux-hoolock/out/modules-staging/lib/modules/7.0.12-gdfa4d4208131-dirty/kernel/net/ipv4/netfilter/iptable_mangle.ko
  STRIP   /home/potato/grafene/pomme/upstream/linux-hoolock/out/modules-staging/lib/modules/7.0.12-gdfa4d4208131-dirty/kernel/net/ipv4/netfilter/nft_reject_ipv4.ko
  STRIP   /home/potato/grafene/pomme/upstream/linux-hoolock/out/modules-staging/lib/modules/7.0.12-gdfa4d4208131-dirty/kernel/net/ipv4/netfilter/nft_fib_ipv4.ko
  STRIP   /home/potato/grafene/pomme/upstream/linux-hoolock/out/modules-staging/lib/modules/7.0.12-gdfa4d4208131-dirty/kernel/net/ipv4/netfilter/ip_tables.ko
  STRIP   /home/potato/grafene/pomme/upstream/linux-hoolock/out/modules-staging/lib/modules/7.0.12-gdfa4d4208131-dirty/kernel/net/ipv4/netfilter/iptable_filter.ko
  STRIP   /home/potato/grafene/pomme/upstream/linux-hoolock/out/modules-staging/lib/modules/7.0.12-gdfa4d4208131-dirty/kernel/net/ipv4/netfilter/iptable_mangle.ko
  INSTALL /home/potato/grafene/pomme/upstream/linux-hoolock/out/modules-staging/lib/modules/7.0.12-gdfa4d4208131-dirty/kernel/net/ipv4/netfilter/iptable_nat.ko
  INSTALL /home/potato/grafene/pomme/upstream/linux-hoolock/out/modules-staging/lib/modules/7.0.12-gdfa4d4208131-dirty/kernel/net/ipv4/netfilter/iptable_raw.ko
  INSTALL /home/potato/grafene/pomme/upstream/linux-hoolock/out/modules-staging/lib/modules/7.0.12-gdfa4d4208131-dirty/kernel/net/ipv4/netfilter/ipt_REJECT.ko
  INSTALL /home/potato/grafene/pomme/upstream/linux-hoolock/out/modules-staging/lib/modules/7.0.12-gdfa4d4208131-dirty/kernel/net/ipv4/udp_tunnel.ko
  INSTALL /home/potato/grafene/pomme/upstream/linux-hoolock/out/modules-staging/lib/modules/7.0.12-gdfa4d4208131-dirty/kernel/net/ipv6/netfilter/ip6_tables.ko
  INSTALL /home/potato/grafene/pomme/upstream/linux-hoolock/out/modules-staging/lib/modules/7.0.12-gdfa4d4208131-dirty/kernel/net/ipv6/netfilter/ip6table_filter.ko
  INSTALL /home/potato/grafene/pomme/upstream/linux-hoolock/out/modules-staging/lib/modules/7.0.12-gdfa4d4208131-dirty/kernel/net/ipv6/netfilter/ip6table_mangle.ko
  INSTALL /home/potato/grafene/pomme/upstream/linux-hoolock/out/modules-staging/lib/modules/7.0.12-gdfa4d4208131-dirty/kernel/net/ipv6/netfilter/ip6table_raw.ko
  STRIP   /home/potato/grafene/pomme/upstream/linux-hoolock/out/modules-staging/lib/modules/7.0.12-gdfa4d4208131-dirty/kernel/net/ipv4/netfilter/iptable_nat.ko
  STRIP   /home/potato/grafene/pomme/upstream/linux-hoolock/out/modules-staging/lib/modules/7.0.12-gdfa4d4208131-dirty/kernel/net/ipv4/netfilter/iptable_raw.ko
  STRIP   /home/potato/grafene/pomme/upstream/linux-hoolock/out/modules-staging/lib/modules/7.0.12-gdfa4d4208131-dirty/kernel/net/ipv4/netfilter/ipt_REJECT.ko
  STRIP   /home/potato/grafene/pomme/upstream/linux-hoolock/out/modules-staging/lib/modules/7.0.12-gdfa4d4208131-dirty/kernel/net/ipv4/udp_tunnel.ko
  STRIP   /home/potato/grafene/pomme/upstream/linux-hoolock/out/modules-staging/lib/modules/7.0.12-gdfa4d4208131-dirty/kernel/net/ipv6/netfilter/ip6table_filter.ko
  STRIP   /home/potato/grafene/pomme/upstream/linux-hoolock/out/modules-staging/lib/modules/7.0.12-gdfa4d4208131-dirty/kernel/net/ipv6/netfilter/ip6_tables.ko
  STRIP   /home/potato/grafene/pomme/upstream/linux-hoolock/out/modules-staging/lib/modules/7.0.12-gdfa4d4208131-dirty/kernel/net/ipv6/netfilter/ip6table_mangle.ko
  STRIP   /home/potato/grafene/pomme/upstream/linux-hoolock/out/modules-staging/lib/modules/7.0.12-gdfa4d4208131-dirty/kernel/net/ipv6/netfilter/ip6table_raw.ko
  INSTALL /home/potato/grafene/pomme/upstream/linux-hoolock/out/modules-staging/lib/modules/7.0.12-gdfa4d4208131-dirty/kernel/net/ipv6/netfilter/ip6table_nat.ko
  INSTALL /home/potato/grafene/pomme/upstream/linux-hoolock/out/modules-staging/lib/modules/7.0.12-gdfa4d4208131-dirty/kernel/net/ipv6/netfilter/nf_defrag_ipv6.ko
  INSTALL /home/potato/grafene/pomme/upstream/linux-hoolock/out/modules-staging/lib/modules/7.0.12-gdfa4d4208131-dirty/kernel/net/ipv6/netfilter/nf_reject_ipv6.ko
  INSTALL /home/potato/grafene/pomme/upstream/linux-hoolock/out/modules-staging/lib/modules/7.0.12-gdfa4d4208131-dirty/kernel/net/ipv6/netfilter/nft_reject_ipv6.ko
  INSTALL /home/potato/grafene/pomme/upstream/linux-hoolock/out/modules-staging/lib/modules/7.0.12-gdfa4d4208131-dirty/kernel/net/ipv6/netfilter/nft_fib_ipv6.ko
  INSTALL /home/potato/grafene/pomme/upstream/linux-hoolock/out/modules-staging/lib/modules/7.0.12-gdfa4d4208131-dirty/kernel/net/ipv6/netfilter/ip6t_REJECT.ko
  INSTALL /home/potato/grafene/pomme/upstream/linux-hoolock/out/modules-staging/lib/modules/7.0.12-gdfa4d4208131-dirty/kernel/net/ipv6/ip6_udp_tunnel.ko
  INSTALL /home/potato/grafene/pomme/upstream/linux-hoolock/out/modules-staging/lib/modules/7.0.12-gdfa4d4208131-dirty/kernel/net/8021q/8021q.ko
  STRIP   /home/potato/grafene/pomme/upstream/linux-hoolock/out/modules-staging/lib/modules/7.0.12-gdfa4d4208131-dirty/kernel/net/ipv6/netfilter/ip6table_nat.ko
  STRIP   /home/potato/grafene/pomme/upstream/linux-hoolock/out/modules-staging/lib/modules/7.0.12-gdfa4d4208131-dirty/kernel/net/ipv6/netfilter/nf_defrag_ipv6.ko
  STRIP   /home/potato/grafene/pomme/upstream/linux-hoolock/out/modules-staging/lib/modules/7.0.12-gdfa4d4208131-dirty/kernel/net/ipv6/netfilter/nf_reject_ipv6.ko
  STRIP   /home/potato/grafene/pomme/upstream/linux-hoolock/out/modules-staging/lib/modules/7.0.12-gdfa4d4208131-dirty/kernel/net/ipv6/netfilter/nft_reject_ipv6.ko
  STRIP   /home/potato/grafene/pomme/upstream/linux-hoolock/out/modules-staging/lib/modules/7.0.12-gdfa4d4208131-dirty/kernel/net/ipv6/netfilter/nft_fib_ipv6.ko
  STRIP   /home/potato/grafene/pomme/upstream/linux-hoolock/out/modules-staging/lib/modules/7.0.12-gdfa4d4208131-dirty/kernel/net/ipv6/netfilter/ip6t_REJECT.ko
  STRIP   /home/potato/grafene/pomme/upstream/linux-hoolock/out/modules-staging/lib/modules/7.0.12-gdfa4d4208131-dirty/kernel/net/ipv6/ip6_udp_tunnel.ko
  STRIP   /home/potato/grafene/pomme/upstream/linux-hoolock/out/modules-staging/lib/modules/7.0.12-gdfa4d4208131-dirty/kernel/net/8021q/8021q.ko
  INSTALL /home/potato/grafene/pomme/upstream/linux-hoolock/out/modules-staging/lib/modules/7.0.12-gdfa4d4208131-dirty/kernel/net/llc/llc.ko
  INSTALL /home/potato/grafene/pomme/upstream/linux-hoolock/out/modules-staging/lib/modules/7.0.12-gdfa4d4208131-dirty/kernel/net/bridge/bridge.ko
  INSTALL /home/potato/grafene/pomme/upstream/linux-hoolock/out/modules-staging/lib/modules/7.0.12-gdfa4d4208131-dirty/kernel/net/bridge/br_netfilter.ko
  STRIP   /home/potato/grafene/pomme/upstream/linux-hoolock/out/modules-staging/lib/modules/7.0.12-gdfa4d4208131-dirty/kernel/net/llc/llc.ko
  STRIP   /home/potato/grafene/pomme/upstream/linux-hoolock/out/modules-staging/lib/modules/7.0.12-gdfa4d4208131-dirty/kernel/net/bridge/br_netfilter.ko
  INSTALL /home/potato/grafene/pomme/upstream/linux-hoolock/out/modules-staging/lib/modules/7.0.12-gdfa4d4208131-dirty/kernel/net/bluetooth/bluetooth.ko
  INSTALL /home/potato/grafene/pomme/upstream/linux-hoolock/out/modules-staging/lib/modules/7.0.12-gdfa4d4208131-dirty/kernel/net/bluetooth/hidp/hidp.ko
  INSTALL /home/potato/grafene/pomme/upstream/linux-hoolock/out/modules-staging/lib/modules/7.0.12-gdfa4d4208131-dirty/kernel/net/sunrpc/sunrpc.ko
  INSTALL /home/potato/grafene/pomme/upstream/linux-hoolock/out/modules-staging/lib/modules/7.0.12-gdfa4d4208131-dirty/kernel/net/sunrpc/auth_gss/auth_rpcgss.ko
  INSTALL /home/potato/grafene/pomme/upstream/linux-hoolock/out/modules-staging/lib/modules/7.0.12-gdfa4d4208131-dirty/kernel/net/sunrpc/auth_gss/rpcsec_gss_krb5.ko
  STRIP   /home/potato/grafene/pomme/upstream/linux-hoolock/out/modules-staging/lib/modules/7.0.12-gdfa4d4208131-dirty/kernel/net/bridge/bridge.ko
  INSTALL /home/potato/grafene/pomme/upstream/linux-hoolock/out/modules-staging/lib/modules/7.0.12-gdfa4d4208131-dirty/kernel/net/rfkill/rfkill.ko
  ZSTD    /home/potato/grafene/pomme/upstream/linux-hoolock/out/modules-staging/lib/modules/7.0.12-gdfa4d4208131-dirty/kernel/fs/nfs_common/nfs_acl.ko.zst
  STRIP   /home/potato/grafene/pomme/upstream/linux-hoolock/out/modules-staging/lib/modules/7.0.12-gdfa4d4208131-dirty/kernel/net/bluetooth/hidp/hidp.ko
  STRIP   /home/potato/grafene/pomme/upstream/linux-hoolock/out/modules-staging/lib/modules/7.0.12-gdfa4d4208131-dirty/kernel/net/rfkill/rfkill.ko
  STRIP   /home/potato/grafene/pomme/upstream/linux-hoolock/out/modules-staging/lib/modules/7.0.12-gdfa4d4208131-dirty/kernel/net/sunrpc/auth_gss/auth_rpcgss.ko
  STRIP   /home/potato/grafene/pomme/upstream/linux-hoolock/out/modules-staging/lib/modules/7.0.12-gdfa4d4208131-dirty/kernel/net/sunrpc/auth_gss/rpcsec_gss_krb5.ko
  STRIP   /home/potato/grafene/pomme/upstream/linux-hoolock/out/modules-staging/lib/modules/7.0.12-gdfa4d4208131-dirty/kernel/net/bluetooth/bluetooth.ko
  STRIP   /home/potato/grafene/pomme/upstream/linux-hoolock/out/modules-staging/lib/modules/7.0.12-gdfa4d4208131-dirty/kernel/net/sunrpc/sunrpc.ko
  ZSTD    /home/potato/grafene/pomme/upstream/linux-hoolock/out/modules-staging/lib/modules/7.0.12-gdfa4d4208131-dirty/kernel/fs/nfs_common/grace.ko.zst
  ZSTD    /home/potato/grafene/pomme/upstream/linux-hoolock/out/modules-staging/lib/modules/7.0.12-gdfa4d4208131-dirty/kernel/fs/nls/nls_ucs2_utils.ko.zst
  ZSTD    /home/potato/grafene/pomme/upstream/linux-hoolock/out/modules-staging/lib/modules/7.0.12-gdfa4d4208131-dirty/kernel/fs/binfmt_misc.ko.zst
  ZSTD    /home/potato/grafene/pomme/upstream/linux-hoolock/out/modules-staging/lib/modules/7.0.12-gdfa4d4208131-dirty/kernel/fs/netfs/netfs.ko.zst
  ZSTD    /home/potato/grafene/pomme/upstream/linux-hoolock/out/modules-staging/lib/modules/7.0.12-gdfa4d4208131-dirty/kernel/fs/squashfs/squashfs.ko.zst
  ZSTD    /home/potato/grafene/pomme/upstream/linux-hoolock/out/modules-staging/lib/modules/7.0.12-gdfa4d4208131-dirty/kernel/fs/exfat/exfat.ko.zst
  ZSTD    /home/potato/grafene/pomme/upstream/linux-hoolock/out/modules-staging/lib/modules/7.0.12-gdfa4d4208131-dirty/kernel/fs/nfs/nfs.ko.zst
  ZSTD    /home/potato/grafene/pomme/upstream/linux-hoolock/out/modules-staging/lib/modules/7.0.12-gdfa4d4208131-dirty/kernel/fs/nfs/nfsv3.ko.zst
  ZSTD    /home/potato/grafene/pomme/upstream/linux-hoolock/out/modules-staging/lib/modules/7.0.12-gdfa4d4208131-dirty/kernel/fs/nfs/nfsv4.ko.zst
  ZSTD    /home/potato/grafene/pomme/upstream/linux-hoolock/out/modules-staging/lib/modules/7.0.12-gdfa4d4208131-dirty/kernel/fs/nfs/filelayout/nfs_layout_nfsv41_files.ko.zst
  ZSTD    /home/potato/grafene/pomme/upstream/linux-hoolock/out/modules-staging/lib/modules/7.0.12-gdfa4d4208131-dirty/kernel/fs/nfs/blocklayout/blocklayoutdriver.ko.zst
  ZSTD    /home/potato/grafene/pomme/upstream/linux-hoolock/out/modules-staging/lib/modules/7.0.12-gdfa4d4208131-dirty/kernel/fs/nfs/flexfilelayout/nfs_layout_flexfiles.ko.zst
  ZSTD    /home/potato/grafene/pomme/upstream/linux-hoolock/out/modules-staging/lib/modules/7.0.12-gdfa4d4208131-dirty/kernel/fs/nfsd/nfsd.ko.zst
  ZSTD    /home/potato/grafene/pomme/upstream/linux-hoolock/out/modules-staging/lib/modules/7.0.12-gdfa4d4208131-dirty/kernel/fs/lockd/lockd.ko.zst
  ZSTD    /home/potato/grafene/pomme/upstream/linux-hoolock/out/modules-staging/lib/modules/7.0.12-gdfa4d4208131-dirty/kernel/fs/smb/common/cifs_md4.ko.zst
  ZSTD    /home/potato/grafene/pomme/upstream/linux-hoolock/out/modules-staging/lib/modules/7.0.12-gdfa4d4208131-dirty/kernel/fs/smb/client/cifs.ko.zst
  ZSTD    /home/potato/grafene/pomme/upstream/linux-hoolock/out/modules-staging/lib/modules/7.0.12-gdfa4d4208131-dirty/kernel/fs/ntfs3/ntfs3.ko.zst
  ZSTD    /home/potato/grafene/pomme/upstream/linux-hoolock/out/modules-staging/lib/modules/7.0.12-gdfa4d4208131-dirty/kernel/fs/fuse/fuse.ko.zst
  ZSTD    /home/potato/grafene/pomme/upstream/linux-hoolock/out/modules-staging/lib/modules/7.0.12-gdfa4d4208131-dirty/kernel/fs/overlayfs/overlay.ko.zst
  ZSTD    /home/potato/grafene/pomme/upstream/linux-hoolock/out/modules-staging/lib/modules/7.0.12-gdfa4d4208131-dirty/kernel/fs/udf/udf.ko.zst
  ZSTD    /home/potato/grafene/pomme/upstream/linux-hoolock/out/modules-staging/lib/modules/7.0.12-gdfa4d4208131-dirty/kernel/fs/xfs/xfs.ko.zst
  ZSTD    /home/potato/grafene/pomme/upstream/linux-hoolock/out/modules-staging/lib/modules/7.0.12-gdfa4d4208131-dirty/kernel/fs/cachefiles/cachefiles.ko.zst
  ZSTD    /home/potato/grafene/pomme/upstream/linux-hoolock/out/modules-staging/lib/modules/7.0.12-gdfa4d4208131-dirty/kernel/fs/efivarfs/efivarfs.ko.zst
  ZSTD    /home/potato/grafene/pomme/upstream/linux-hoolock/out/modules-staging/lib/modules/7.0.12-gdfa4d4208131-dirty/kernel/fs/erofs/erofs.ko.zst
  ZSTD    /home/potato/grafene/pomme/upstream/linux-hoolock/out/modules-staging/lib/modules/7.0.12-gdfa4d4208131-dirty/kernel/crypto/asymmetric_keys/pkcs8_key_parser.ko.zst
  ZSTD    /home/potato/grafene/pomme/upstream/linux-hoolock/out/modules-staging/lib/modules/7.0.12-gdfa4d4208131-dirty/kernel/crypto/cmac.ko.zst
  ZSTD    /home/potato/grafene/pomme/upstream/linux-hoolock/out/modules-staging/lib/modules/7.0.12-gdfa4d4208131-dirty/kernel/crypto/md4.ko.zst
  ZSTD    /home/potato/grafene/pomme/upstream/linux-hoolock/out/modules-staging/lib/modules/7.0.12-gdfa4d4208131-dirty/kernel/crypto/des_generic.ko.zst
  ZSTD    /home/potato/grafene/pomme/upstream/linux-hoolock/out/modules-staging/lib/modules/7.0.12-gdfa4d4208131-dirty/kernel/crypto/camellia_generic.ko.zst
  ZSTD    /home/potato/grafene/pomme/upstream/linux-hoolock/out/modules-staging/lib/modules/7.0.12-gdfa4d4208131-dirty/kernel/crypto/algif_hash.ko.zst
  ZSTD    /home/potato/grafene/pomme/upstream/linux-hoolock/out/modules-staging/lib/modules/7.0.12-gdfa4d4208131-dirty/kernel/crypto/algif_skcipher.ko.zst
  ZSTD    /home/potato/grafene/pomme/upstream/linux-hoolock/out/modules-staging/lib/modules/7.0.12-gdfa4d4208131-dirty/kernel/crypto/async_tx/async_tx.ko.zst
  ZSTD    /home/potato/grafene/pomme/upstream/linux-hoolock/out/modules-staging/lib/modules/7.0.12-gdfa4d4208131-dirty/kernel/crypto/async_tx/async_xor.ko.zst
  ZSTD    /home/potato/grafene/pomme/upstream/linux-hoolock/out/modules-staging/lib/modules/7.0.12-gdfa4d4208131-dirty/kernel/block/bsg.ko.zst
  ZSTD    /home/potato/grafene/pomme/upstream/linux-hoolock/out/modules-staging/lib/modules/7.0.12-gdfa4d4208131-dirty/kernel/lib/crc/crc-itu-t.ko.zst
  ZSTD    /home/potato/grafene/pomme/upstream/linux-hoolock/out/modules-staging/lib/modules/7.0.12-gdfa4d4208131-dirty/kernel/lib/crypto/libarc4.ko.zst
  ZSTD    /home/potato/grafene/pomme/upstream/linux-hoolock/out/modules-staging/lib/modules/7.0.12-gdfa4d4208131-dirty/kernel/lib/crypto/libchacha20poly1305.ko.zst
  ZSTD    /home/potato/grafene/pomme/upstream/linux-hoolock/out/modules-staging/lib/modules/7.0.12-gdfa4d4208131-dirty/kernel/lib/crypto/libcurve25519.ko.zst
  ZSTD    /home/potato/grafene/pomme/upstream/linux-hoolock/out/modules-staging/lib/modules/7.0.12-gdfa4d4208131-dirty/kernel/lib/crypto/libdes.ko.zst
  ZSTD    /home/potato/grafene/pomme/upstream/linux-hoolock/out/modules-staging/lib/modules/7.0.12-gdfa4d4208131-dirty/kernel/lib/crypto/libpoly1305.ko.zst
  ZSTD    /home/potato/grafene/pomme/upstream/linux-hoolock/out/modules-staging/lib/modules/7.0.12-gdfa4d4208131-dirty/kernel/drivers/leds/trigger/ledtrig-timer.ko.zst
  ZSTD    /home/potato/grafene/pomme/upstream/linux-hoolock/out/modules-staging/lib/modules/7.0.12-gdfa4d4208131-dirty/kernel/drivers/leds/trigger/ledtrig-pattern.ko.zst
  ZSTD    /home/potato/grafene/pomme/upstream/linux-hoolock/out/modules-staging/lib/modules/7.0.12-gdfa4d4208131-dirty/kernel/drivers/leds/led-class.ko.zst
  ZSTD    /home/potato/grafene/pomme/upstream/linux-hoolock/out/modules-staging/lib/modules/7.0.12-gdfa4d4208131-dirty/kernel/drivers/leds/led-class-multicolor.ko.zst
  ZSTD    /home/potato/grafene/pomme/upstream/linux-hoolock/out/modules-staging/lib/modules/7.0.12-gdfa4d4208131-dirty/kernel/drivers/video/backlight/lcd.ko.zst
  ZSTD    /home/potato/grafene/pomme/upstream/linux-hoolock/out/modules-staging/lib/modules/7.0.12-gdfa4d4208131-dirty/kernel/drivers/tty/ttynull.ko.zst
  ZSTD    /home/potato/grafene/pomme/upstream/linux-hoolock/out/modules-staging/lib/modules/7.0.12-gdfa4d4208131-dirty/kernel/drivers/char/hw_random/virtio-rng.ko.zst
  ZSTD    /home/potato/grafene/pomme/upstream/linux-hoolock/out/modules-staging/lib/modules/7.0.12-gdfa4d4208131-dirty/kernel/drivers/gpu/drm/udl/udl.ko.zst
  ZSTD    /home/potato/grafene/pomme/upstream/linux-hoolock/out/modules-staging/lib/modules/7.0.12-gdfa4d4208131-dirty/kernel/drivers/block/nbd.ko.zst
  ZSTD    /home/potato/grafene/pomme/upstream/linux-hoolock/out/modules-staging/lib/modules/7.0.12-gdfa4d4208131-dirty/kernel/drivers/block/ublk_drv.ko.zst
  ZSTD    /home/potato/grafene/pomme/upstream/linux-hoolock/out/modules-staging/lib/modules/7.0.12-gdfa4d4208131-dirty/kernel/drivers/misc/enclosure.ko.zst
  ZSTD    /home/potato/grafene/pomme/upstream/linux-hoolock/out/modules-staging/lib/modules/7.0.12-gdfa4d4208131-dirty/kernel/drivers/misc/hmc6352.ko.zst
  ZSTD    /home/potato/grafene/pomme/upstream/linux-hoolock/out/modules-staging/lib/modules/7.0.12-gdfa4d4208131-dirty/kernel/drivers/misc/ntsync.ko.zst
  ZSTD    /home/potato/grafene/pomme/upstream/linux-hoolock/out/modules-staging/lib/modules/7.0.12-gdfa4d4208131-dirty/kernel/drivers/misc/hi6421v600-irq.ko.zst
  ZSTD    /home/potato/grafene/pomme/upstream/linux-hoolock/out/modules-staging/lib/modules/7.0.12-gdfa4d4208131-dirty/kernel/drivers/scsi/scsi_mod.ko.zst
  ZSTD    /home/potato/grafene/pomme/upstream/linux-hoolock/out/modules-staging/lib/modules/7.0.12-gdfa4d4208131-dirty/kernel/drivers/scsi/scsi_common.ko.zst
  ZSTD    /home/potato/grafene/pomme/upstream/linux-hoolock/out/modules-staging/lib/modules/7.0.12-gdfa4d4208131-dirty/kernel/drivers/net/phy/mdio-bus.ko.zst
  ZSTD    /home/potato/grafene/pomme/upstream/linux-hoolock/out/modules-staging/lib/modules/7.0.12-gdfa4d4208131-dirty/kernel/drivers/net/phy/phylink.ko.zst
  ZSTD    /home/potato/grafene/pomme/upstream/linux-hoolock/out/modules-staging/lib/modules/7.0.12-gdfa4d4208131-dirty/kernel/drivers/net/phy/libphy.ko.zst
  ZSTD    /home/potato/grafene/pomme/upstream/linux-hoolock/out/modules-staging/lib/modules/7.0.12-gdfa4d4208131-dirty/kernel/drivers/net/phy/mdio_devres.ko.zst
  ZSTD    /home/potato/grafene/pomme/upstream/linux-hoolock/out/modules-staging/lib/modules/7.0.12-gdfa4d4208131-dirty/kernel/drivers/net/phy/ax88796b.ko.zst
  ZSTD    /home/potato/grafene/pomme/upstream/linux-hoolock/out/modules-staging/lib/modules/7.0.12-gdfa4d4208131-dirty/kernel/drivers/net/phy/fixed_phy.ko.zst
  ZSTD    /home/potato/grafene/pomme/upstream/linux-hoolock/out/modules-staging/lib/modules/7.0.12-gdfa4d4208131-dirty/kernel/drivers/net/mdio/fwnode_mdio.ko.zst
  ZSTD    /home/potato/grafene/pomme/upstream/linux-hoolock/out/modules-staging/lib/modules/7.0.12-gdfa4d4208131-dirty/kernel/drivers/net/mdio/of_mdio.ko.zst
  ZSTD    /home/potato/grafene/pomme/upstream/linux-hoolock/out/modules-staging/lib/modules/7.0.12-gdfa4d4208131-dirty/kernel/drivers/net/ipvlan/ipvlan.ko.zst
  ZSTD    /home/potato/grafene/pomme/upstream/linux-hoolock/out/modules-staging/lib/modules/7.0.12-gdfa4d4208131-dirty/kernel/drivers/net/dummy.ko.zst
  ZSTD    /home/potato/grafene/pomme/upstream/linux-hoolock/out/modules-staging/lib/modules/7.0.12-gdfa4d4208131-dirty/kernel/drivers/net/wireguard/wireguard.ko.zst
  ZSTD    /home/potato/grafene/pomme/upstream/linux-hoolock/out/modules-staging/lib/modules/7.0.12-gdfa4d4208131-dirty/kernel/drivers/net/macvlan.ko.zst
  ZSTD    /home/potato/grafene/pomme/upstream/linux-hoolock/out/modules-staging/lib/modules/7.0.12-gdfa4d4208131-dirty/kernel/drivers/net/mii.ko.zst
  ZSTD    /home/potato/grafene/pomme/upstream/linux-hoolock/out/modules-staging/lib/modules/7.0.12-gdfa4d4208131-dirty/kernel/drivers/net/tun.ko.zst
  ZSTD    /home/potato/grafene/pomme/upstream/linux-hoolock/out/modules-staging/lib/modules/7.0.12-gdfa4d4208131-dirty/kernel/drivers/net/veth.ko.zst
  ZSTD    /home/potato/grafene/pomme/upstream/linux-hoolock/out/modules-staging/lib/modules/7.0.12-gdfa4d4208131-dirty/kernel/drivers/net/vxlan/vxlan.ko.zst
  ZSTD    /home/potato/grafene/pomme/upstream/linux-hoolock/out/modules-staging/lib/modules/7.0.12-gdfa4d4208131-dirty/kernel/drivers/net/usb/r8152.ko.zst
  ZSTD    /home/potato/grafene/pomme/upstream/linux-hoolock/out/modules-staging/lib/modules/7.0.12-gdfa4d4208131-dirty/kernel/drivers/net/usb/asix.ko.zst
  ZSTD    /home/potato/grafene/pomme/upstream/linux-hoolock/out/modules-staging/lib/modules/7.0.12-gdfa4d4208131-dirty/kernel/drivers/net/usb/ax88179_178a.ko.zst
  ZSTD    /home/potato/grafene/pomme/upstream/linux-hoolock/out/modules-staging/lib/modules/7.0.12-gdfa4d4208131-dirty/kernel/drivers/net/usb/cdc_ether.ko.zst
  ZSTD    /home/potato/grafene/pomme/upstream/linux-hoolock/out/modules-staging/lib/modules/7.0.12-gdfa4d4208131-dirty/kernel/drivers/net/usb/net1080.ko.zst
  ZSTD    /home/potato/grafene/pomme/upstream/linux-hoolock/out/modules-staging/lib/modules/7.0.12-gdfa4d4208131-dirty/kernel/drivers/net/usb/rndis_host.ko.zst
  ZSTD    /home/potato/grafene/pomme/upstream/linux-hoolock/out/modules-staging/lib/modules/7.0.12-gdfa4d4208131-dirty/kernel/drivers/net/usb/cdc_subset.ko.zst
  ZSTD    /home/potato/grafene/pomme/upstream/linux-hoolock/out/modules-staging/lib/modules/7.0.12-gdfa4d4208131-dirty/kernel/drivers/net/usb/zaurus.ko.zst
  ZSTD    /home/potato/grafene/pomme/upstream/linux-hoolock/out/modules-staging/lib/modules/7.0.12-gdfa4d4208131-dirty/kernel/drivers/net/usb/usbnet.ko.zst
  ZSTD    /home/potato/grafene/pomme/upstream/linux-hoolock/out/modules-staging/lib/modules/7.0.12-gdfa4d4208131-dirty/kernel/drivers/net/usb/cdc_ncm.ko.zst
  ZSTD    /home/potato/grafene/pomme/upstream/linux-hoolock/out/modules-staging/lib/modules/7.0.12-gdfa4d4208131-dirty/kernel/drivers/net/usb/r8153_ecm.ko.zst
  ZSTD    /home/potato/grafene/pomme/upstream/linux-hoolock/out/modules-staging/lib/modules/7.0.12-gdfa4d4208131-dirty/kernel/drivers/usb/storage/uas.ko.zst
  ZSTD    /home/potato/grafene/pomme/upstream/linux-hoolock/out/modules-staging/lib/modules/7.0.12-gdfa4d4208131-dirty/kernel/drivers/usb/storage/usb-storage.ko.zst
  ZSTD    /home/potato/grafene/pomme/upstream/linux-hoolock/out/modules-staging/lib/modules/7.0.12-gdfa4d4208131-dirty/kernel/drivers/usb/gadget/function/usb_f_serial.ko.zst
  ZSTD    /home/potato/grafene/pomme/upstream/linux-hoolock/out/modules-staging/lib/modules/7.0.12-gdfa4d4208131-dirty/kernel/drivers/usb/gadget/function/usb_f_ncm.ko.zst
  ZSTD    /home/potato/grafene/pomme/upstream/linux-hoolock/out/modules-staging/lib/modules/7.0.12-gdfa4d4208131-dirty/kernel/drivers/usb/gadget/function/usb_f_eem.ko.zst
  ZSTD    /home/potato/grafene/pomme/upstream/linux-hoolock/out/modules-staging/lib/modules/7.0.12-gdfa4d4208131-dirty/kernel/drivers/usb/gadget/function/usb_f_rndis.ko.zst
  ZSTD    /home/potato/grafene/pomme/upstream/linux-hoolock/out/modules-staging/lib/modules/7.0.12-gdfa4d4208131-dirty/kernel/drivers/usb/gadget/function/usb_f_fs.ko.zst
  ZSTD    /home/potato/grafene/pomme/upstream/linux-hoolock/out/modules-staging/lib/modules/7.0.12-gdfa4d4208131-dirty/kernel/drivers/usb/class/usblp.ko.zst
  ZSTD    /home/potato/grafene/pomme/upstream/linux-hoolock/out/modules-staging/lib/modules/7.0.12-gdfa4d4208131-dirty/kernel/drivers/usb/serial/usbserial.ko.zst
  ZSTD    /home/potato/grafene/pomme/upstream/linux-hoolock/out/modules-staging/lib/modules/7.0.12-gdfa4d4208131-dirty/kernel/drivers/usb/serial/cp210x.ko.zst
  ZSTD    /home/potato/grafene/pomme/upstream/linux-hoolock/out/modules-staging/lib/modules/7.0.12-gdfa4d4208131-dirty/kernel/drivers/usb/serial/usb-serial-simple.ko.zst
  ZSTD    /home/potato/grafene/pomme/upstream/linux-hoolock/out/modules-staging/lib/modules/7.0.12-gdfa4d4208131-dirty/kernel/drivers/input/joystick/xpad.ko.zst
  ZSTD    /home/potato/grafene/pomme/upstream/linux-hoolock/out/modules-staging/lib/modules/7.0.12-gdfa4d4208131-dirty/kernel/drivers/input/ff-memless.ko.zst
  ZSTD    /home/potato/grafene/pomme/upstream/linux-hoolock/out/modules-staging/lib/modules/7.0.12-gdfa4d4208131-dirty/kernel/drivers/input/vivaldi-fmap.ko.zst
  ZSTD    /home/potato/grafene/pomme/upstream/linux-hoolock/out/modules-staging/lib/modules/7.0.12-gdfa4d4208131-dirty/kernel/drivers/input/input-leds.ko.zst
  ZSTD    /home/potato/grafene/pomme/upstream/linux-hoolock/out/modules-staging/lib/modules/7.0.12-gdfa4d4208131-dirty/kernel/drivers/input/evdev.ko.zst
  ZSTD    /home/potato/grafene/pomme/upstream/linux-hoolock/out/modules-staging/lib/modules/7.0.12-gdfa4d4208131-dirty/kernel/drivers/input/rmi4/rmi_core.ko.zst
  ZSTD    /home/potato/grafene/pomme/upstream/linux-hoolock/out/modules-staging/lib/modules/7.0.12-gdfa4d4208131-dirty/kernel/drivers/md/dm-bufio.ko.zst
  ZSTD    /home/potato/grafene/pomme/upstream/linux-hoolock/out/modules-staging/lib/modules/7.0.12-gdfa4d4208131-dirty/kernel/drivers/md/dm-bio-prison.ko.zst
  ZSTD    /home/potato/grafene/pomme/upstream/linux-hoolock/out/modules-staging/lib/modules/7.0.12-gdfa4d4208131-dirty/kernel/drivers/md/persistent-data/dm-persistent-data.ko.zst
  ZSTD    /home/potato/grafene/pomme/upstream/linux-hoolock/out/modules-staging/lib/modules/7.0.12-gdfa4d4208131-dirty/kernel/drivers/md/dm-thin-pool.ko.zst
  ZSTD    /home/potato/grafene/pomme/upstream/linux-hoolock/out/modules-staging/lib/modules/7.0.12-gdfa4d4208131-dirty/kernel/drivers/md/dm-verity.ko.zst
  ZSTD    /home/potato/grafene/pomme/upstream/linux-hoolock/out/modules-staging/lib/modules/7.0.12-gdfa4d4208131-dirty/kernel/drivers/md/dm-integrity.ko.zst
  ZSTD    /home/potato/grafene/pomme/upstream/linux-hoolock/out/modules-staging/lib/modules/7.0.12-gdfa4d4208131-dirty/kernel/drivers/accessibility/speakup/speakup_acntsa.ko.zst
  ZSTD    /home/potato/grafene/pomme/upstream/linux-hoolock/out/modules-staging/lib/modules/7.0.12-gdfa4d4208131-dirty/kernel/drivers/accessibility/speakup/speakup_apollo.ko.zst
  ZSTD    /home/potato/grafene/pomme/upstream/linux-hoolock/out/modules-staging/lib/modules/7.0.12-gdfa4d4208131-dirty/kernel/drivers/accessibility/speakup/speakup_audptr.ko.zst
  ZSTD    /home/potato/grafene/pomme/upstream/linux-hoolock/out/modules-staging/lib/modules/7.0.12-gdfa4d4208131-dirty/kernel/drivers/accessibility/speakup/speakup_bns.ko.zst
  ZSTD    /home/potato/grafene/pomme/upstream/linux-hoolock/out/modules-staging/lib/modules/7.0.12-gdfa4d4208131-dirty/kernel/drivers/accessibility/speakup/speakup_dectlk.ko.zst
  ZSTD    /home/potato/grafene/pomme/upstream/linux-hoolock/out/modules-staging/lib/modules/7.0.12-gdfa4d4208131-dirty/kernel/drivers/accessibility/speakup/speakup_decext.ko.zst
  ZSTD    /home/potato/grafene/pomme/upstream/linux-hoolock/out/modules-staging/lib/modules/7.0.12-gdfa4d4208131-dirty/kernel/drivers/accessibility/speakup/speakup_ltlk.ko.zst
  ZSTD    /home/potato/grafene/pomme/upstream/linux-hoolock/out/modules-staging/lib/modules/7.0.12-gdfa4d4208131-dirty/kernel/drivers/accessibility/speakup/speakup_soft.ko.zst
  ZSTD    /home/potato/grafene/pomme/upstream/linux-hoolock/out/modules-staging/lib/modules/7.0.12-gdfa4d4208131-dirty/kernel/drivers/accessibility/speakup/speakup_spkout.ko.zst
  ZSTD    /home/potato/grafene/pomme/upstream/linux-hoolock/out/modules-staging/lib/modules/7.0.12-gdfa4d4208131-dirty/kernel/drivers/accessibility/speakup/speakup_txprt.ko.zst
  ZSTD    /home/potato/grafene/pomme/upstream/linux-hoolock/out/modules-staging/lib/modules/7.0.12-gdfa4d4208131-dirty/kernel/drivers/accessibility/speakup/speakup.ko.zst
  ZSTD    /home/potato/grafene/pomme/upstream/linux-hoolock/out/modules-staging/lib/modules/7.0.12-gdfa4d4208131-dirty/kernel/drivers/hid/uhid.ko.zst
  ZSTD    /home/potato/grafene/pomme/upstream/linux-hoolock/out/modules-staging/lib/modules/7.0.12-gdfa4d4208131-dirty/kernel/drivers/hid/hid-generic.ko.zst
  ZSTD    /home/potato/grafene/pomme/upstream/linux-hoolock/out/modules-staging/lib/modules/7.0.12-gdfa4d4208131-dirty/kernel/drivers/hid/hid-a4tech.ko.zst
  ZSTD    /home/potato/grafene/pomme/upstream/linux-hoolock/out/modules-staging/lib/modules/7.0.12-gdfa4d4208131-dirty/kernel/drivers/hid/hid-accutouch.ko.zst
  ZSTD    /home/potato/grafene/pomme/upstream/linux-hoolock/out/modules-staging/lib/modules/7.0.12-gdfa4d4208131-dirty/kernel/drivers/hid/hid-alps.ko.zst
  ZSTD    /home/potato/grafene/pomme/upstream/linux-hoolock/out/modules-staging/lib/modules/7.0.12-gdfa4d4208131-dirty/kernel/drivers/hid/hid-axff.ko.zst
  ZSTD    /home/potato/grafene/pomme/upstream/linux-hoolock/out/modules-staging/lib/modules/7.0.12-gdfa4d4208131-dirty/kernel/drivers/hid/hid-apple.ko.zst
  ZSTD    /home/potato/grafene/pomme/upstream/linux-hoolock/out/modules-staging/lib/modules/7.0.12-gdfa4d4208131-dirty/kernel/drivers/hid/hid-appleir.ko.zst
  ZSTD    /home/potato/grafene/pomme/upstream/linux-hoolock/out/modules-staging/lib/modules/7.0.12-gdfa4d4208131-dirty/kernel/drivers/hid/hid-creative-sb0540.ko.zst
  ZSTD    /home/potato/grafene/pomme/upstream/linux-hoolock/out/modules-staging/lib/modules/7.0.12-gdfa4d4208131-dirty/kernel/drivers/hid/hid-aureal.ko.zst
  ZSTD    /home/potato/grafene/pomme/upstream/linux-hoolock/out/modules-staging/lib/modules/7.0.12-gdfa4d4208131-dirty/kernel/drivers/hid/hid-belkin.ko.zst
  ZSTD    /home/potato/grafene/pomme/upstream/linux-hoolock/out/modules-staging/lib/modules/7.0.12-gdfa4d4208131-dirty/kernel/drivers/hid/hid-betopff.ko.zst
  ZSTD    /home/potato/grafene/pomme/upstream/linux-hoolock/out/modules-staging/lib/modules/7.0.12-gdfa4d4208131-dirty/kernel/drivers/hid/hid-bigbenff.ko.zst
  ZSTD    /home/potato/grafene/pomme/upstream/linux-hoolock/out/modules-staging/lib/modules/7.0.12-gdfa4d4208131-dirty/kernel/drivers/hid/hid-cherry.ko.zst
  ZSTD    /home/potato/grafene/pomme/upstream/linux-hoolock/out/modules-staging/lib/modules/7.0.12-gdfa4d4208131-dirty/kernel/drivers/hid/hid-chicony.ko.zst
  ZSTD    /home/potato/grafene/pomme/upstream/linux-hoolock/out/modules-staging/lib/modules/7.0.12-gdfa4d4208131-dirty/kernel/drivers/hid/hid-cmedia.ko.zst
  ZSTD    /home/potato/grafene/pomme/upstream/linux-hoolock/out/modules-staging/lib/modules/7.0.12-gdfa4d4208131-dirty/kernel/drivers/hid/hid-corsair.ko.zst
  ZSTD    /home/potato/grafene/pomme/upstream/linux-hoolock/out/modules-staging/lib/modules/7.0.12-gdfa4d4208131-dirty/kernel/drivers/hid/hid-corsair-void.ko.zst
  ZSTD    /home/potato/grafene/pomme/upstream/linux-hoolock/out/modules-staging/lib/modules/7.0.12-gdfa4d4208131-dirty/kernel/drivers/hid/hid-cougar.ko.zst
  ZSTD    /home/potato/grafene/pomme/upstream/linux-hoolock/out/modules-staging/lib/modules/7.0.12-gdfa4d4208131-dirty/kernel/drivers/hid/hid-cp2112.ko.zst
  ZSTD    /home/potato/grafene/pomme/upstream/linux-hoolock/out/modules-staging/lib/modules/7.0.12-gdfa4d4208131-dirty/kernel/drivers/hid/hid-cypress.ko.zst
  ZSTD    /home/potato/grafene/pomme/upstream/linux-hoolock/out/modules-staging/lib/modules/7.0.12-gdfa4d4208131-dirty/kernel/drivers/hid/hid-dr.ko.zst
  ZSTD    /home/potato/grafene/pomme/upstream/linux-hoolock/out/modules-staging/lib/modules/7.0.12-gdfa4d4208131-dirty/kernel/drivers/hid/hid-emsff.ko.zst
  ZSTD    /home/potato/grafene/pomme/upstream/linux-hoolock/out/modules-staging/lib/modules/7.0.12-gdfa4d4208131-dirty/kernel/drivers/hid/hid-elan.ko.zst
  ZSTD    /home/potato/grafene/pomme/upstream/linux-hoolock/out/modules-staging/lib/modules/7.0.12-gdfa4d4208131-dirty/kernel/drivers/hid/hid-elecom.ko.zst
  ZSTD    /home/potato/grafene/pomme/upstream/linux-hoolock/out/modules-staging/lib/modules/7.0.12-gdfa4d4208131-dirty/kernel/drivers/hid/hid-elo.ko.zst
  ZSTD    /home/potato/grafene/pomme/upstream/linux-hoolock/out/modules-staging/lib/modules/7.0.12-gdfa4d4208131-dirty/kernel/drivers/hid/hid-evision.ko.zst
  ZSTD    /home/potato/grafene/pomme/upstream/linux-hoolock/out/modules-staging/lib/modules/7.0.12-gdfa4d4208131-dirty/kernel/drivers/hid/hid-ezkey.ko.zst
  ZSTD    /home/potato/grafene/pomme/upstream/linux-hoolock/out/modules-staging/lib/modules/7.0.12-gdfa4d4208131-dirty/kernel/drivers/hid/hid-ft260.ko.zst
  ZSTD    /home/potato/grafene/pomme/upstream/linux-hoolock/out/modules-staging/lib/modules/7.0.12-gdfa4d4208131-dirty/kernel/drivers/hid/hid-gembird.ko.zst
  ZSTD    /home/potato/grafene/pomme/upstream/linux-hoolock/out/modules-staging/lib/modules/7.0.12-gdfa4d4208131-dirty/kernel/drivers/hid/hid-gfrm.ko.zst
  ZSTD    /home/potato/grafene/pomme/upstream/linux-hoolock/out/modules-staging/lib/modules/7.0.12-gdfa4d4208131-dirty/kernel/drivers/hid/hid-glorious.ko.zst
  ZSTD    /home/potato/grafene/pomme/upstream/linux-hoolock/out/modules-staging/lib/modules/7.0.12-gdfa4d4208131-dirty/kernel/drivers/hid/hid-vivaldi-common.ko.zst
  ZSTD    /home/potato/grafene/pomme/upstream/linux-hoolock/out/modules-staging/lib/modules/7.0.12-gdfa4d4208131-dirty/kernel/drivers/hid/hid-goodix-spi.ko.zst
  ZSTD    /home/potato/grafene/pomme/upstream/linux-hoolock/out/modules-staging/lib/modules/7.0.12-gdfa4d4208131-dirty/kernel/drivers/hid/hid-google-stadiaff.ko.zst
  ZSTD    /home/potato/grafene/pomme/upstream/linux-hoolock/out/modules-staging/lib/modules/7.0.12-gdfa4d4208131-dirty/kernel/drivers/hid/hid-vivaldi.ko.zst
  ZSTD    /home/potato/grafene/pomme/upstream/linux-hoolock/out/modules-staging/lib/modules/7.0.12-gdfa4d4208131-dirty/kernel/drivers/hid/hid-gt683r.ko.zst
  ZSTD    /home/potato/grafene/pomme/upstream/linux-hoolock/out/modules-staging/lib/modules/7.0.12-gdfa4d4208131-dirty/kernel/drivers/hid/hid-gyration.ko.zst
  ZSTD    /home/potato/grafene/pomme/upstream/linux-hoolock/out/modules-staging/lib/modules/7.0.12-gdfa4d4208131-dirty/kernel/drivers/hid/hid-holtek-kbd.ko.zst
  ZSTD    /home/potato/grafene/pomme/upstream/linux-hoolock/out/modules-staging/lib/modules/7.0.12-gdfa4d4208131-dirty/kernel/drivers/hid/hid-holtek-mouse.ko.zst
  ZSTD    /home/potato/grafene/pomme/upstream/linux-hoolock/out/modules-staging/lib/modules/7.0.12-gdfa4d4208131-dirty/kernel/drivers/hid/hid-holtekff.ko.zst
  ZSTD    /home/potato/grafene/pomme/upstream/linux-hoolock/out/modules-staging/lib/modules/7.0.12-gdfa4d4208131-dirty/kernel/drivers/hid/hid-icade.ko.zst
  ZSTD    /home/potato/grafene/pomme/upstream/linux-hoolock/out/modules-staging/lib/modules/7.0.12-gdfa4d4208131-dirty/kernel/drivers/hid/hid-ite.ko.zst
  ZSTD    /home/potato/grafene/pomme/upstream/linux-hoolock/out/modules-staging/lib/modules/7.0.12-gdfa4d4208131-dirty/kernel/drivers/hid/hid-jabra.ko.zst
  ZSTD    /home/potato/grafene/pomme/upstream/linux-hoolock/out/modules-staging/lib/modules/7.0.12-gdfa4d4208131-dirty/kernel/drivers/hid/hid-kensington.ko.zst
  ZSTD    /home/potato/grafene/pomme/upstream/linux-hoolock/out/modules-staging/lib/modules/7.0.12-gdfa4d4208131-dirty/kernel/drivers/hid/hid-keytouch.ko.zst
  ZSTD    /home/potato/grafene/pomme/upstream/linux-hoolock/out/modules-staging/lib/modules/7.0.12-gdfa4d4208131-dirty/kernel/drivers/hid/hid-kye.ko.zst
  ZSTD    /home/potato/grafene/pomme/upstream/linux-hoolock/out/modules-staging/lib/modules/7.0.12-gdfa4d4208131-dirty/kernel/drivers/hid/hid-lcpower.ko.zst
  ZSTD    /home/potato/grafene/pomme/upstream/linux-hoolock/out/modules-staging/lib/modules/7.0.12-gdfa4d4208131-dirty/kernel/drivers/hid/hid-letsketch.ko.zst
  ZSTD    /home/potato/grafene/pomme/upstream/linux-hoolock/out/modules-staging/lib/modules/7.0.12-gdfa4d4208131-dirty/kernel/drivers/hid/hid-logitech.ko.zst
  ZSTD    /home/potato/grafene/pomme/upstream/linux-hoolock/out/modules-staging/lib/modules/7.0.12-gdfa4d4208131-dirty/kernel/drivers/hid/hid-lg-g15.ko.zst
  ZSTD    /home/potato/grafene/pomme/upstream/linux-hoolock/out/modules-staging/lib/modules/7.0.12-gdfa4d4208131-dirty/kernel/drivers/hid/hid-logitech-dj.ko.zst
  ZSTD    /home/potato/grafene/pomme/upstream/linux-hoolock/out/modules-staging/lib/modules/7.0.12-gdfa4d4208131-dirty/kernel/drivers/hid/hid-logitech-hidpp.ko.zst
  ZSTD    /home/potato/grafene/pomme/upstream/linux-hoolock/out/modules-staging/lib/modules/7.0.12-gdfa4d4208131-dirty/kernel/drivers/hid/hid-macally.ko.zst
  ZSTD    /home/potato/grafene/pomme/upstream/linux-hoolock/out/modules-staging/lib/modules/7.0.12-gdfa4d4208131-dirty/kernel/drivers/hid/hid-magicmouse.ko.zst
  ZSTD    /home/potato/grafene/pomme/upstream/linux-hoolock/out/modules-staging/lib/modules/7.0.12-gdfa4d4208131-dirty/kernel/drivers/hid/hid-maltron.ko.zst
  ZSTD    /home/potato/grafene/pomme/upstream/linux-hoolock/out/modules-staging/lib/modules/7.0.12-gdfa4d4208131-dirty/kernel/drivers/hid/hid-mcp2221.ko.zst
  ZSTD    /home/potato/grafene/pomme/upstream/linux-hoolock/out/modules-staging/lib/modules/7.0.12-gdfa4d4208131-dirty/kernel/drivers/hid/hid-mf.ko.zst
  ZSTD    /home/potato/grafene/pomme/upstream/linux-hoolock/out/modules-staging/lib/modules/7.0.12-gdfa4d4208131-dirty/kernel/drivers/hid/hid-megaworld.ko.zst
  ZSTD    /home/potato/grafene/pomme/upstream/linux-hoolock/out/modules-staging/lib/modules/7.0.12-gdfa4d4208131-dirty/kernel/drivers/hid/hid-microsoft.ko.zst
  ZSTD    /home/potato/grafene/pomme/upstream/linux-hoolock/out/modules-staging/lib/modules/7.0.12-gdfa4d4208131-dirty/kernel/drivers/hid/hid-monterey.ko.zst
  ZSTD    /home/potato/grafene/pomme/upstream/linux-hoolock/out/modules-staging/lib/modules/7.0.12-gdfa4d4208131-dirty/kernel/drivers/hid/hid-multitouch.ko.zst
  ZSTD    /home/potato/grafene/pomme/upstream/linux-hoolock/out/modules-staging/lib/modules/7.0.12-gdfa4d4208131-dirty/kernel/drivers/hid/hid-nintendo.ko.zst
  ZSTD    /home/potato/grafene/pomme/upstream/linux-hoolock/out/modules-staging/lib/modules/7.0.12-gdfa4d4208131-dirty/kernel/drivers/hid/hid-nti.ko.zst
  ZSTD    /home/potato/grafene/pomme/upstream/linux-hoolock/out/modules-staging/lib/modules/7.0.12-gdfa4d4208131-dirty/kernel/drivers/hid/hid-ntrig.ko.zst
  ZSTD    /home/potato/grafene/pomme/upstream/linux-hoolock/out/modules-staging/lib/modules/7.0.12-gdfa4d4208131-dirty/kernel/drivers/hid/hid-nvidia-shield.ko.zst
  ZSTD    /home/potato/grafene/pomme/upstream/linux-hoolock/out/modules-staging/lib/modules/7.0.12-gdfa4d4208131-dirty/kernel/drivers/hid/hid-ortek.ko.zst
  ZSTD    /home/potato/grafene/pomme/upstream/linux-hoolock/out/modules-staging/lib/modules/7.0.12-gdfa4d4208131-dirty/kernel/drivers/hid/hid-prodikeys.ko.zst
  ZSTD    /home/potato/grafene/pomme/upstream/linux-hoolock/out/modules-staging/lib/modules/7.0.12-gdfa4d4208131-dirty/kernel/drivers/hid/hid-pl.ko.zst
  ZSTD    /home/potato/grafene/pomme/upstream/linux-hoolock/out/modules-staging/lib/modules/7.0.12-gdfa4d4208131-dirty/kernel/drivers/hid/hid-penmount.ko.zst
  ZSTD    /home/potato/grafene/pomme/upstream/linux-hoolock/out/modules-staging/lib/modules/7.0.12-gdfa4d4208131-dirty/kernel/drivers/hid/hid-petalynx.ko.zst
  ZSTD    /home/potato/grafene/pomme/upstream/linux-hoolock/out/modules-staging/lib/modules/7.0.12-gdfa4d4208131-dirty/kernel/drivers/hid/hid-picolcd.ko.zst
  ZSTD    /home/potato/grafene/pomme/upstream/linux-hoolock/out/modules-staging/lib/modules/7.0.12-gdfa4d4208131-dirty/kernel/drivers/hid/hid-plantronics.ko.zst
  ZSTD    /home/potato/grafene/pomme/upstream/linux-hoolock/out/modules-staging/lib/modules/7.0.12-gdfa4d4208131-dirty/kernel/drivers/hid/hid-playstation.ko.zst
  ZSTD    /home/potato/grafene/pomme/upstream/linux-hoolock/out/modules-staging/lib/modules/7.0.12-gdfa4d4208131-dirty/kernel/drivers/hid/hid-primax.ko.zst
  ZSTD    /home/potato/grafene/pomme/upstream/linux-hoolock/out/modules-staging/lib/modules/7.0.12-gdfa4d4208131-dirty/kernel/drivers/hid/hid-pxrc.ko.zst
  ZSTD    /home/potato/grafene/pomme/upstream/linux-hoolock/out/modules-staging/lib/modules/7.0.12-gdfa4d4208131-dirty/kernel/drivers/hid/hid-razer.ko.zst
  ZSTD    /home/potato/grafene/pomme/upstream/linux-hoolock/out/modules-staging/lib/modules/7.0.12-gdfa4d4208131-dirty/kernel/drivers/hid/hid-retrode.ko.zst
  ZSTD    /home/potato/grafene/pomme/upstream/linux-hoolock/out/modules-staging/lib/modules/7.0.12-gdfa4d4208131-dirty/kernel/drivers/hid/hid-roccat.ko.zst
  ZSTD    /home/potato/grafene/pomme/upstream/linux-hoolock/out/modules-staging/lib/modules/7.0.12-gdfa4d4208131-dirty/kernel/drivers/hid/hid-roccat-common.ko.zst
  ZSTD    /home/potato/grafene/pomme/upstream/linux-hoolock/out/modules-staging/lib/modules/7.0.12-gdfa4d4208131-dirty/kernel/drivers/hid/hid-roccat-arvo.ko.zst
  ZSTD    /home/potato/grafene/pomme/upstream/linux-hoolock/out/modules-staging/lib/modules/7.0.12-gdfa4d4208131-dirty/kernel/drivers/hid/hid-roccat-isku.ko.zst
  ZSTD    /home/potato/grafene/pomme/upstream/linux-hoolock/out/modules-staging/lib/modules/7.0.12-gdfa4d4208131-dirty/kernel/drivers/hid/hid-roccat-kone.ko.zst
  ZSTD    /home/potato/grafene/pomme/upstream/linux-hoolock/out/modules-staging/lib/modules/7.0.12-gdfa4d4208131-dirty/kernel/drivers/hid/hid-roccat-koneplus.ko.zst
  ZSTD    /home/potato/grafene/pomme/upstream/linux-hoolock/out/modules-staging/lib/modules/7.0.12-gdfa4d4208131-dirty/kernel/drivers/hid/hid-roccat-konepure.ko.zst
  ZSTD    /home/potato/grafene/pomme/upstream/linux-hoolock/out/modules-staging/lib/modules/7.0.12-gdfa4d4208131-dirty/kernel/drivers/hid/hid-roccat-kovaplus.ko.zst
  ZSTD    /home/potato/grafene/pomme/upstream/linux-hoolock/out/modules-staging/lib/modules/7.0.12-gdfa4d4208131-dirty/kernel/drivers/hid/hid-roccat-lua.ko.zst
  ZSTD    /home/potato/grafene/pomme/upstream/linux-hoolock/out/modules-staging/lib/modules/7.0.12-gdfa4d4208131-dirty/kernel/drivers/hid/hid-roccat-pyra.ko.zst
  ZSTD    /home/potato/grafene/pomme/upstream/linux-hoolock/out/modules-staging/lib/modules/7.0.12-gdfa4d4208131-dirty/kernel/drivers/hid/hid-roccat-ryos.ko.zst
  ZSTD    /home/potato/grafene/pomme/upstream/linux-hoolock/out/modules-staging/lib/modules/7.0.12-gdfa4d4208131-dirty/kernel/drivers/hid/hid-roccat-savu.ko.zst
  ZSTD    /home/potato/grafene/pomme/upstream/linux-hoolock/out/modules-staging/lib/modules/7.0.12-gdfa4d4208131-dirty/kernel/drivers/hid/hid-rmi.ko.zst
  ZSTD    /home/potato/grafene/pomme/upstream/linux-hoolock/out/modules-staging/lib/modules/7.0.12-gdfa4d4208131-dirty/kernel/drivers/hid/hid-saitek.ko.zst
  ZSTD    /home/potato/grafene/pomme/upstream/linux-hoolock/out/modules-staging/lib/modules/7.0.12-gdfa4d4208131-dirty/kernel/drivers/hid/hid-samsung.ko.zst
  ZSTD    /home/potato/grafene/pomme/upstream/linux-hoolock/out/modules-staging/lib/modules/7.0.12-gdfa4d4208131-dirty/kernel/drivers/hid/hid-semitek.ko.zst
  ZSTD    /home/potato/grafene/pomme/upstream/linux-hoolock/out/modules-staging/lib/modules/7.0.12-gdfa4d4208131-dirty/kernel/drivers/hid/hid-sigmamicro.ko.zst
  ZSTD    /home/potato/grafene/pomme/upstream/linux-hoolock/out/modules-staging/lib/modules/7.0.12-gdfa4d4208131-dirty/kernel/drivers/hid/hid-sjoy.ko.zst
  ZSTD    /home/potato/grafene/pomme/upstream/linux-hoolock/out/modules-staging/lib/modules/7.0.12-gdfa4d4208131-dirty/kernel/drivers/hid/hid-sony.ko.zst
  ZSTD    /home/potato/grafene/pomme/upstream/linux-hoolock/out/modules-staging/lib/modules/7.0.12-gdfa4d4208131-dirty/kernel/drivers/hid/hid-speedlink.ko.zst
  ZSTD    /home/potato/grafene/pomme/upstream/linux-hoolock/out/modules-staging/lib/modules/7.0.12-gdfa4d4208131-dirty/kernel/drivers/hid/hid-steam.ko.zst
  ZSTD    /home/potato/grafene/pomme/upstream/linux-hoolock/out/modules-staging/lib/modules/7.0.12-gdfa4d4208131-dirty/kernel/drivers/hid/hid-steelseries.ko.zst
  ZSTD    /home/potato/grafene/pomme/upstream/linux-hoolock/out/modules-staging/lib/modules/7.0.12-gdfa4d4208131-dirty/kernel/drivers/hid/hid-sunplus.ko.zst
  ZSTD    /home/potato/grafene/pomme/upstream/linux-hoolock/out/modules-staging/lib/modules/7.0.12-gdfa4d4208131-dirty/kernel/drivers/hid/hid-gaff.ko.zst
  ZSTD    /home/potato/grafene/pomme/upstream/linux-hoolock/out/modules-staging/lib/modules/7.0.12-gdfa4d4208131-dirty/kernel/drivers/hid/hid-tmff.ko.zst
  ZSTD    /home/potato/grafene/pomme/upstream/linux-hoolock/out/modules-staging/lib/modules/7.0.12-gdfa4d4208131-dirty/kernel/drivers/hid/hid-thrustmaster.ko.zst
  ZSTD    /home/potato/grafene/pomme/upstream/linux-hoolock/out/modules-staging/lib/modules/7.0.12-gdfa4d4208131-dirty/kernel/drivers/hid/hid-tivo.ko.zst
  ZSTD    /home/potato/grafene/pomme/upstream/linux-hoolock/out/modules-staging/lib/modules/7.0.12-gdfa4d4208131-dirty/kernel/drivers/hid/hid-topseed.ko.zst
  ZSTD    /home/potato/grafene/pomme/upstream/linux-hoolock/out/modules-staging/lib/modules/7.0.12-gdfa4d4208131-dirty/kernel/drivers/hid/hid-topre.ko.zst
  ZSTD    /home/potato/grafene/pomme/upstream/linux-hoolock/out/modules-staging/lib/modules/7.0.12-gdfa4d4208131-dirty/kernel/drivers/hid/hid-twinhan.ko.zst
  ZSTD    /home/potato/grafene/pomme/upstream/linux-hoolock/out/modules-staging/lib/modules/7.0.12-gdfa4d4208131-dirty/kernel/drivers/hid/hid-u2fzero.ko.zst
  ZSTD    /home/potato/grafene/pomme/upstream/linux-hoolock/out/modules-staging/lib/modules/7.0.12-gdfa4d4208131-dirty/kernel/drivers/hid/hid-uclogic.ko.zst
  ZSTD    /home/potato/grafene/pomme/upstream/linux-hoolock/out/modules-staging/lib/modules/7.0.12-gdfa4d4208131-dirty/kernel/drivers/hid/hid-udraw-ps3.ko.zst
  ZSTD    /home/potato/grafene/pomme/upstream/linux-hoolock/out/modules-staging/lib/modules/7.0.12-gdfa4d4208131-dirty/kernel/drivers/hid/hid-led.ko.zst
  ZSTD    /home/potato/grafene/pomme/upstream/linux-hoolock/out/modules-staging/lib/modules/7.0.12-gdfa4d4208131-dirty/kernel/drivers/hid/hid-xiaomi.ko.zst
  ZSTD    /home/potato/grafene/pomme/upstream/linux-hoolock/out/modules-staging/lib/modules/7.0.12-gdfa4d4208131-dirty/kernel/drivers/hid/hid-xinmo.ko.zst
  ZSTD    /home/potato/grafene/pomme/upstream/linux-hoolock/out/modules-staging/lib/modules/7.0.12-gdfa4d4208131-dirty/kernel/drivers/hid/hid-zpff.ko.zst
  ZSTD    /home/potato/grafene/pomme/upstream/linux-hoolock/out/modules-staging/lib/modules/7.0.12-gdfa4d4208131-dirty/kernel/drivers/hid/hid-zydacron.ko.zst
  ZSTD    /home/potato/grafene/pomme/upstream/linux-hoolock/out/modules-staging/lib/modules/7.0.12-gdfa4d4208131-dirty/kernel/drivers/hid/hid-viewsonic.ko.zst
  ZSTD    /home/potato/grafene/pomme/upstream/linux-hoolock/out/modules-staging/lib/modules/7.0.12-gdfa4d4208131-dirty/kernel/drivers/hid/wacom.ko.zst
  ZSTD    /home/potato/grafene/pomme/upstream/linux-hoolock/out/modules-staging/lib/modules/7.0.12-gdfa4d4208131-dirty/kernel/drivers/hid/hid-waltop.ko.zst
  ZSTD    /home/potato/grafene/pomme/upstream/linux-hoolock/out/modules-staging/lib/modules/7.0.12-gdfa4d4208131-dirty/kernel/drivers/hid/hid-wiimote.ko.zst
  ZSTD    /home/potato/grafene/pomme/upstream/linux-hoolock/out/modules-staging/lib/modules/7.0.12-gdfa4d4208131-dirty/kernel/drivers/hid/hid-winwing.ko.zst
  ZSTD    /home/potato/grafene/pomme/upstream/linux-hoolock/out/modules-staging/lib/modules/7.0.12-gdfa4d4208131-dirty/kernel/drivers/hid/hid-sensor-hub.ko.zst
  ZSTD    /home/potato/grafene/pomme/upstream/linux-hoolock/out/modules-staging/lib/modules/7.0.12-gdfa4d4208131-dirty/kernel/drivers/iio/accel/hid-sensor-accel-3d.ko.zst
  ZSTD    /home/potato/grafene/pomme/upstream/linux-hoolock/out/modules-staging/lib/modules/7.0.12-gdfa4d4208131-dirty/kernel/drivers/iio/buffer/industrialio-triggered-buffer.ko.zst
  ZSTD    /home/potato/grafene/pomme/upstream/linux-hoolock/out/modules-staging/lib/modules/7.0.12-gdfa4d4208131-dirty/kernel/drivers/iio/buffer/kfifo_buf.ko.zst
  ZSTD    /home/potato/grafene/pomme/upstream/linux-hoolock/out/modules-staging/lib/modules/7.0.12-gdfa4d4208131-dirty/kernel/drivers/iio/common/hid-sensors/hid-sensor-iio-common.ko.zst
  ZSTD    /home/potato/grafene/pomme/upstream/linux-hoolock/out/modules-staging/lib/modules/7.0.12-gdfa4d4208131-dirty/kernel/drivers/iio/common/hid-sensors/hid-sensor-trigger.ko.zst
  ZSTD    /home/potato/grafene/pomme/upstream/linux-hoolock/out/modules-staging/lib/modules/7.0.12-gdfa4d4208131-dirty/kernel/drivers/iio/gyro/hid-sensor-gyro-3d.ko.zst
  ZSTD    /home/potato/grafene/pomme/upstream/linux-hoolock/out/modules-staging/lib/modules/7.0.12-gdfa4d4208131-dirty/kernel/drivers/iio/humidity/hid-sensor-humidity.ko.zst
  ZSTD    /home/potato/grafene/pomme/upstream/linux-hoolock/out/modules-staging/lib/modules/7.0.12-gdfa4d4208131-dirty/kernel/drivers/iio/light/hid-sensor-als.ko.zst
  ZSTD    /home/potato/grafene/pomme/upstream/linux-hoolock/out/modules-staging/lib/modules/7.0.12-gdfa4d4208131-dirty/kernel/drivers/iio/magnetometer/hid-sensor-magn-3d.ko.zst
  ZSTD    /home/potato/grafene/pomme/upstream/linux-hoolock/out/modules-staging/lib/modules/7.0.12-gdfa4d4208131-dirty/kernel/drivers/iio/orientation/hid-sensor-incl-3d.ko.zst
  ZSTD    /home/potato/grafene/pomme/upstream/linux-hoolock/out/modules-staging/lib/modules/7.0.12-gdfa4d4208131-dirty/kernel/drivers/iio/orientation/hid-sensor-rotation.ko.zst
  ZSTD    /home/potato/grafene/pomme/upstream/linux-hoolock/out/modules-staging/lib/modules/7.0.12-gdfa4d4208131-dirty/kernel/drivers/iio/position/hid-sensor-custom-intel-hinge.ko.zst
  ZSTD    /home/potato/grafene/pomme/upstream/linux-hoolock/out/modules-staging/lib/modules/7.0.12-gdfa4d4208131-dirty/kernel/drivers/iio/temperature/hid-sensor-temperature.ko.zst
  ZSTD    /home/potato/grafene/pomme/upstream/linux-hoolock/out/modules-staging/lib/modules/7.0.12-gdfa4d4208131-dirty/kernel/drivers/ata/libata.ko.zst
  ZSTD    /home/potato/grafene/pomme/upstream/linux-hoolock/out/modules-staging/lib/modules/7.0.12-gdfa4d4208131-dirty/kernel/drivers/mtd/parsers/ofpart.ko.zst
  ZSTD    /home/potato/grafene/pomme/upstream/linux-hoolock/out/modules-staging/lib/modules/7.0.12-gdfa4d4208131-dirty/kernel/drivers/mtd/chips/chipreg.ko.zst
  ZSTD    /home/potato/grafene/pomme/upstream/linux-hoolock/out/modules-staging/lib/modules/7.0.12-gdfa4d4208131-dirty/kernel/drivers/mtd/devices/phram.ko.zst
  ZSTD    /home/potato/grafene/pomme/upstream/linux-hoolock/out/modules-staging/lib/modules/7.0.12-gdfa4d4208131-dirty/kernel/drivers/mtd/mtd.ko.zst
  ZSTD    /home/potato/grafene/pomme/upstream/linux-hoolock/out/modules-staging/lib/modules/7.0.12-gdfa4d4208131-dirty/kernel/drivers/input/serio/serio.ko.zst
  ZSTD    /home/potato/grafene/pomme/upstream/linux-hoolock/out/modules-staging/lib/modules/7.0.12-gdfa4d4208131-dirty/kernel/drivers/input/serio/serport.ko.zst
  ZSTD    /home/potato/grafene/pomme/upstream/linux-hoolock/out/modules-staging/lib/modules/7.0.12-gdfa4d4208131-dirty/kernel/sound/soundcore.ko.zst
  ZSTD    /home/potato/grafene/pomme/upstream/linux-hoolock/out/modules-staging/lib/modules/7.0.12-gdfa4d4208131-dirty/kernel/sound/core/snd.ko.zst
  ZSTD    /home/potato/grafene/pomme/upstream/linux-hoolock/out/modules-staging/lib/modules/7.0.12-gdfa4d4208131-dirty/kernel/sound/core/snd-hwdep.ko.zst
  ZSTD    /home/potato/grafene/pomme/upstream/linux-hoolock/out/modules-staging/lib/modules/7.0.12-gdfa4d4208131-dirty/kernel/sound/core/snd-timer.ko.zst
  ZSTD    /home/potato/grafene/pomme/upstream/linux-hoolock/out/modules-staging/lib/modules/7.0.12-gdfa4d4208131-dirty/kernel/sound/core/snd-pcm.ko.zst
  ZSTD    /home/potato/grafene/pomme/upstream/linux-hoolock/out/modules-staging/lib/modules/7.0.12-gdfa4d4208131-dirty/kernel/sound/core/snd-rawmidi.ko.zst
  ZSTD    /home/potato/grafene/pomme/upstream/linux-hoolock/out/modules-staging/lib/modules/7.0.12-gdfa4d4208131-dirty/kernel/sound/core/snd-ump.ko.zst
  ZSTD    /home/potato/grafene/pomme/upstream/linux-hoolock/out/modules-staging/lib/modules/7.0.12-gdfa4d4208131-dirty/kernel/sound/usb/snd-usb-audio.ko.zst
  ZSTD    /home/potato/grafene/pomme/upstream/linux-hoolock/out/modules-staging/lib/modules/7.0.12-gdfa4d4208131-dirty/kernel/sound/usb/snd-usbmidi-lib.ko.zst
  ZSTD    /home/potato/grafene/pomme/upstream/linux-hoolock/out/modules-staging/lib/modules/7.0.12-gdfa4d4208131-dirty/kernel/net/core/selftests.ko.zst
  ZSTD    /home/potato/grafene/pomme/upstream/linux-hoolock/out/modules-staging/lib/modules/7.0.12-gdfa4d4208131-dirty/kernel/net/802/psnap.ko.zst
  ZSTD    /home/potato/grafene/pomme/upstream/linux-hoolock/out/modules-staging/lib/modules/7.0.12-gdfa4d4208131-dirty/kernel/net/802/stp.ko.zst
  ZSTD    /home/potato/grafene/pomme/upstream/linux-hoolock/out/modules-staging/lib/modules/7.0.12-gdfa4d4208131-dirty/kernel/net/sched/cls_cgroup.ko.zst
  ZSTD    /home/potato/grafene/pomme/upstream/linux-hoolock/out/modules-staging/lib/modules/7.0.12-gdfa4d4208131-dirty/kernel/net/netfilter/nf_conntrack.ko.zst
  ZSTD    /home/potato/grafene/pomme/upstream/linux-hoolock/out/modules-staging/lib/modules/7.0.12-gdfa4d4208131-dirty/kernel/net/netfilter/nf_nat.ko.zst
  ZSTD    /home/potato/grafene/pomme/upstream/linux-hoolock/out/modules-staging/lib/modules/7.0.12-gdfa4d4208131-dirty/kernel/net/netfilter/nf_synproxy_core.ko.zst
  ZSTD    /home/potato/grafene/pomme/upstream/linux-hoolock/out/modules-staging/lib/modules/7.0.12-gdfa4d4208131-dirty/kernel/net/netfilter/nf_conncount.ko.zst
  ZSTD    /home/potato/grafene/pomme/upstream/linux-hoolock/out/modules-staging/lib/modules/7.0.12-gdfa4d4208131-dirty/kernel/net/netfilter/nf_dup_netdev.ko.zst
  ZSTD    /home/potato/grafene/pomme/upstream/linux-hoolock/out/modules-staging/lib/modules/7.0.12-gdfa4d4208131-dirty/kernel/net/netfilter/nf_tables.ko.zst
  ZSTD    /home/potato/grafene/pomme/upstream/linux-hoolock/out/modules-staging/lib/modules/7.0.12-gdfa4d4208131-dirty/kernel/net/netfilter/nft_compat.ko.zst
  ZSTD    /home/potato/grafene/pomme/upstream/linux-hoolock/out/modules-staging/lib/modules/7.0.12-gdfa4d4208131-dirty/kernel/net/netfilter/nft_connlimit.ko.zst
  ZSTD    /home/potato/grafene/pomme/upstream/linux-hoolock/out/modules-staging/lib/modules/7.0.12-gdfa4d4208131-dirty/kernel/net/netfilter/nft_numgen.ko.zst
  ZSTD    /home/potato/grafene/pomme/upstream/linux-hoolock/out/modules-staging/lib/modules/7.0.12-gdfa4d4208131-dirty/kernel/net/netfilter/nft_ct.ko.zst
  ZSTD    /home/potato/grafene/pomme/upstream/linux-hoolock/out/modules-staging/lib/modules/7.0.12-gdfa4d4208131-dirty/kernel/net/netfilter/nft_limit.ko.zst
  ZSTD    /home/potato/grafene/pomme/upstream/linux-hoolock/out/modules-staging/lib/modules/7.0.12-gdfa4d4208131-dirty/kernel/net/netfilter/nft_nat.ko.zst
  ZSTD    /home/potato/grafene/pomme/upstream/linux-hoolock/out/modules-staging/lib/modules/7.0.12-gdfa4d4208131-dirty/kernel/net/netfilter/nft_reject.ko.zst
  ZSTD    /home/potato/grafene/pomme/upstream/linux-hoolock/out/modules-staging/lib/modules/7.0.12-gdfa4d4208131-dirty/kernel/net/netfilter/nft_quota.ko.zst
  ZSTD    /home/potato/grafene/pomme/upstream/linux-hoolock/out/modules-staging/lib/modules/7.0.12-gdfa4d4208131-dirty/kernel/net/netfilter/nft_reject_inet.ko.zst
  ZSTD    /home/potato/grafene/pomme/upstream/linux-hoolock/out/modules-staging/lib/modules/7.0.12-gdfa4d4208131-dirty/kernel/net/netfilter/nft_reject_netdev.ko.zst
  ZSTD    /home/potato/grafene/pomme/upstream/linux-hoolock/out/modules-staging/lib/modules/7.0.12-gdfa4d4208131-dirty/kernel/net/netfilter/nft_tunnel.ko.zst
  ZSTD    /home/potato/grafene/pomme/upstream/linux-hoolock/out/modules-staging/lib/modules/7.0.12-gdfa4d4208131-dirty/kernel/net/netfilter/nft_log.ko.zst
  ZSTD    /home/potato/grafene/pomme/upstream/linux-hoolock/out/modules-staging/lib/modules/7.0.12-gdfa4d4208131-dirty/kernel/net/netfilter/nft_masq.ko.zst
  ZSTD    /home/potato/grafene/pomme/upstream/linux-hoolock/out/modules-staging/lib/modules/7.0.12-gdfa4d4208131-dirty/kernel/net/netfilter/nft_redir.ko.zst
  ZSTD    /home/potato/grafene/pomme/upstream/linux-hoolock/out/modules-staging/lib/modules/7.0.12-gdfa4d4208131-dirty/kernel/net/netfilter/nft_fib.ko.zst
  ZSTD    /home/potato/grafene/pomme/upstream/linux-hoolock/out/modules-staging/lib/modules/7.0.12-gdfa4d4208131-dirty/kernel/net/netfilter/nft_hash.ko.zst
  ZSTD    /home/potato/grafene/pomme/upstream/linux-hoolock/out/modules-staging/lib/modules/7.0.12-gdfa4d4208131-dirty/kernel/net/netfilter/nft_socket.ko.zst
  ZSTD    /home/potato/grafene/pomme/upstream/linux-hoolock/out/modules-staging/lib/modules/7.0.12-gdfa4d4208131-dirty/kernel/net/netfilter/nft_osf.ko.zst
  ZSTD    /home/potato/grafene/pomme/upstream/linux-hoolock/out/modules-staging/lib/modules/7.0.12-gdfa4d4208131-dirty/kernel/net/netfilter/nft_tproxy.ko.zst
  ZSTD    /home/potato/grafene/pomme/upstream/linux-hoolock/out/modules-staging/lib/modules/7.0.12-gdfa4d4208131-dirty/kernel/net/netfilter/nft_synproxy.ko.zst
  ZSTD    /home/potato/grafene/pomme/upstream/linux-hoolock/out/modules-staging/lib/modules/7.0.12-gdfa4d4208131-dirty/kernel/net/netfilter/nft_chain_nat.ko.zst
  ZSTD    /home/potato/grafene/pomme/upstream/linux-hoolock/out/modules-staging/lib/modules/7.0.12-gdfa4d4208131-dirty/kernel/net/netfilter/nft_dup_netdev.ko.zst
  ZSTD    /home/potato/grafene/pomme/upstream/linux-hoolock/out/modules-staging/lib/modules/7.0.12-gdfa4d4208131-dirty/kernel/net/netfilter/nft_fwd_netdev.ko.zst
  ZSTD    /home/potato/grafene/pomme/upstream/linux-hoolock/out/modules-staging/lib/modules/7.0.12-gdfa4d4208131-dirty/kernel/net/netfilter/nf_flow_table.ko.zst
  ZSTD    /home/potato/grafene/pomme/upstream/linux-hoolock/out/modules-staging/lib/modules/7.0.12-gdfa4d4208131-dirty/kernel/net/netfilter/x_tables.ko.zst
  ZSTD    /home/potato/grafene/pomme/upstream/linux-hoolock/out/modules-staging/lib/modules/7.0.12-gdfa4d4208131-dirty/kernel/net/netfilter/xt_tcpudp.ko.zst
  ZSTD    /home/potato/grafene/pomme/upstream/linux-hoolock/out/modules-staging/lib/modules/7.0.12-gdfa4d4208131-dirty/kernel/net/netfilter/xt_mark.ko.zst
  ZSTD    /home/potato/grafene/pomme/upstream/linux-hoolock/out/modules-staging/lib/modules/7.0.12-gdfa4d4208131-dirty/kernel/net/netfilter/xt_nat.ko.zst
  ZSTD    /home/potato/grafene/pomme/upstream/linux-hoolock/out/modules-staging/lib/modules/7.0.12-gdfa4d4208131-dirty/kernel/net/netfilter/xt_LOG.ko.zst
  ZSTD    /home/potato/grafene/pomme/upstream/linux-hoolock/out/modules-staging/lib/modules/7.0.12-gdfa4d4208131-dirty/kernel/net/netfilter/xt_CHECKSUM.ko.zst
  ZSTD    /home/potato/grafene/pomme/upstream/linux-hoolock/out/modules-staging/lib/modules/7.0.12-gdfa4d4208131-dirty/kernel/net/netfilter/xt_REDIRECT.ko.zst
  ZSTD    /home/potato/grafene/pomme/upstream/linux-hoolock/out/modules-staging/lib/modules/7.0.12-gdfa4d4208131-dirty/kernel/net/netfilter/xt_MASQUERADE.ko.zst
  ZSTD    /home/potato/grafene/pomme/upstream/linux-hoolock/out/modules-staging/lib/modules/7.0.12-gdfa4d4208131-dirty/kernel/net/netfilter/xt_TCPMSS.ko.zst
  ZSTD    /home/potato/grafene/pomme/upstream/linux-hoolock/out/modules-staging/lib/modules/7.0.12-gdfa4d4208131-dirty/kernel/net/netfilter/xt_addrtype.ko.zst
  ZSTD    /home/potato/grafene/pomme/upstream/linux-hoolock/out/modules-staging/lib/modules/7.0.12-gdfa4d4208131-dirty/kernel/net/netfilter/xt_comment.ko.zst
  ZSTD    /home/potato/grafene/pomme/upstream/linux-hoolock/out/modules-staging/lib/modules/7.0.12-gdfa4d4208131-dirty/kernel/net/netfilter/xt_conntrack.ko.zst
  ZSTD    /home/potato/grafene/pomme/upstream/linux-hoolock/out/modules-staging/lib/modules/7.0.12-gdfa4d4208131-dirty/kernel/net/netfilter/xt_ipvs.ko.zst
  ZSTD    /home/potato/grafene/pomme/upstream/linux-hoolock/out/modules-staging/lib/modules/7.0.12-gdfa4d4208131-dirty/kernel/net/netfilter/xt_multiport.ko.zst
  ZSTD    /home/potato/grafene/pomme/upstream/linux-hoolock/out/modules-staging/lib/modules/7.0.12-gdfa4d4208131-dirty/kernel/net/netfilter/xt_statistic.ko.zst
  ZSTD    /home/potato/grafene/pomme/upstream/linux-hoolock/out/modules-staging/lib/modules/7.0.12-gdfa4d4208131-dirty/kernel/net/netfilter/xt_tcpmss.ko.zst
  ZSTD    /home/potato/grafene/pomme/upstream/linux-hoolock/out/modules-staging/lib/modules/7.0.12-gdfa4d4208131-dirty/kernel/net/netfilter/ipvs/ip_vs.ko.zst
  ZSTD    /home/potato/grafene/pomme/upstream/linux-hoolock/out/modules-staging/lib/modules/7.0.12-gdfa4d4208131-dirty/kernel/net/netfilter/ipvs/ip_vs_rr.ko.zst
  ZSTD    /home/potato/grafene/pomme/upstream/linux-hoolock/out/modules-staging/lib/modules/7.0.12-gdfa4d4208131-dirty/kernel/net/ipv4/netfilter/nf_defrag_ipv4.ko.zst
  ZSTD    /home/potato/grafene/pomme/upstream/linux-hoolock/out/modules-staging/lib/modules/7.0.12-gdfa4d4208131-dirty/kernel/net/ipv4/netfilter/nf_reject_ipv4.ko.zst
  ZSTD    /home/potato/grafene/pomme/upstream/linux-hoolock/out/modules-staging/lib/modules/7.0.12-gdfa4d4208131-dirty/kernel/net/ipv4/netfilter/nft_reject_ipv4.ko.zst
  ZSTD    /home/potato/grafene/pomme/upstream/linux-hoolock/out/modules-staging/lib/modules/7.0.12-gdfa4d4208131-dirty/kernel/net/ipv4/netfilter/nft_fib_ipv4.ko.zst
  ZSTD    /home/potato/grafene/pomme/upstream/linux-hoolock/out/modules-staging/lib/modules/7.0.12-gdfa4d4208131-dirty/kernel/net/ipv4/netfilter/iptable_filter.ko.zst
  ZSTD    /home/potato/grafene/pomme/upstream/linux-hoolock/out/modules-staging/lib/modules/7.0.12-gdfa4d4208131-dirty/kernel/net/ipv4/netfilter/ip_tables.ko.zst
  ZSTD    /home/potato/grafene/pomme/upstream/linux-hoolock/out/modules-staging/lib/modules/7.0.12-gdfa4d4208131-dirty/kernel/net/ipv4/netfilter/iptable_mangle.ko.zst
  ZSTD    /home/potato/grafene/pomme/upstream/linux-hoolock/out/modules-staging/lib/modules/7.0.12-gdfa4d4208131-dirty/kernel/net/ipv4/netfilter/iptable_nat.ko.zst
  ZSTD    /home/potato/grafene/pomme/upstream/linux-hoolock/out/modules-staging/lib/modules/7.0.12-gdfa4d4208131-dirty/kernel/net/ipv4/netfilter/iptable_raw.ko.zst
  ZSTD    /home/potato/grafene/pomme/upstream/linux-hoolock/out/modules-staging/lib/modules/7.0.12-gdfa4d4208131-dirty/kernel/net/ipv4/netfilter/ipt_REJECT.ko.zst
  ZSTD    /home/potato/grafene/pomme/upstream/linux-hoolock/out/modules-staging/lib/modules/7.0.12-gdfa4d4208131-dirty/kernel/net/ipv4/udp_tunnel.ko.zst
  ZSTD    /home/potato/grafene/pomme/upstream/linux-hoolock/out/modules-staging/lib/modules/7.0.12-gdfa4d4208131-dirty/kernel/net/ipv6/netfilter/ip6_tables.ko.zst
  ZSTD    /home/potato/grafene/pomme/upstream/linux-hoolock/out/modules-staging/lib/modules/7.0.12-gdfa4d4208131-dirty/kernel/net/ipv6/netfilter/ip6table_mangle.ko.zst
  ZSTD    /home/potato/grafene/pomme/upstream/linux-hoolock/out/modules-staging/lib/modules/7.0.12-gdfa4d4208131-dirty/kernel/net/ipv6/netfilter/ip6table_filter.ko.zst
  ZSTD    /home/potato/grafene/pomme/upstream/linux-hoolock/out/modules-staging/lib/modules/7.0.12-gdfa4d4208131-dirty/kernel/net/ipv6/netfilter/ip6table_raw.ko.zst
  ZSTD    /home/potato/grafene/pomme/upstream/linux-hoolock/out/modules-staging/lib/modules/7.0.12-gdfa4d4208131-dirty/kernel/net/ipv6/netfilter/ip6table_nat.ko.zst
  ZSTD    /home/potato/grafene/pomme/upstream/linux-hoolock/out/modules-staging/lib/modules/7.0.12-gdfa4d4208131-dirty/kernel/net/ipv6/netfilter/nf_defrag_ipv6.ko.zst
  ZSTD    /home/potato/grafene/pomme/upstream/linux-hoolock/out/modules-staging/lib/modules/7.0.12-gdfa4d4208131-dirty/kernel/net/ipv6/netfilter/nf_reject_ipv6.ko.zst
  ZSTD    /home/potato/grafene/pomme/upstream/linux-hoolock/out/modules-staging/lib/modules/7.0.12-gdfa4d4208131-dirty/kernel/net/ipv6/netfilter/nft_fib_ipv6.ko.zst
  ZSTD    /home/potato/grafene/pomme/upstream/linux-hoolock/out/modules-staging/lib/modules/7.0.12-gdfa4d4208131-dirty/kernel/net/ipv6/netfilter/nft_reject_ipv6.ko.zst
  ZSTD    /home/potato/grafene/pomme/upstream/linux-hoolock/out/modules-staging/lib/modules/7.0.12-gdfa4d4208131-dirty/kernel/net/ipv6/netfilter/ip6t_REJECT.ko.zst
  ZSTD    /home/potato/grafene/pomme/upstream/linux-hoolock/out/modules-staging/lib/modules/7.0.12-gdfa4d4208131-dirty/kernel/net/ipv6/ip6_udp_tunnel.ko.zst
  ZSTD    /home/potato/grafene/pomme/upstream/linux-hoolock/out/modules-staging/lib/modules/7.0.12-gdfa4d4208131-dirty/kernel/net/8021q/8021q.ko.zst
  ZSTD    /home/potato/grafene/pomme/upstream/linux-hoolock/out/modules-staging/lib/modules/7.0.12-gdfa4d4208131-dirty/kernel/net/llc/llc.ko.zst
  ZSTD    /home/potato/grafene/pomme/upstream/linux-hoolock/out/modules-staging/lib/modules/7.0.12-gdfa4d4208131-dirty/kernel/net/bridge/bridge.ko.zst
  ZSTD    /home/potato/grafene/pomme/upstream/linux-hoolock/out/modules-staging/lib/modules/7.0.12-gdfa4d4208131-dirty/kernel/net/bridge/br_netfilter.ko.zst
  ZSTD    /home/potato/grafene/pomme/upstream/linux-hoolock/out/modules-staging/lib/modules/7.0.12-gdfa4d4208131-dirty/kernel/net/bluetooth/bluetooth.ko.zst
  ZSTD    /home/potato/grafene/pomme/upstream/linux-hoolock/out/modules-staging/lib/modules/7.0.12-gdfa4d4208131-dirty/kernel/net/bluetooth/hidp/hidp.ko.zst
  ZSTD    /home/potato/grafene/pomme/upstream/linux-hoolock/out/modules-staging/lib/modules/7.0.12-gdfa4d4208131-dirty/kernel/net/sunrpc/sunrpc.ko.zst
  ZSTD    /home/potato/grafene/pomme/upstream/linux-hoolock/out/modules-staging/lib/modules/7.0.12-gdfa4d4208131-dirty/kernel/net/sunrpc/auth_gss/auth_rpcgss.ko.zst
  ZSTD    /home/potato/grafene/pomme/upstream/linux-hoolock/out/modules-staging/lib/modules/7.0.12-gdfa4d4208131-dirty/kernel/net/sunrpc/auth_gss/rpcsec_gss_krb5.ko.zst
  ZSTD    /home/potato/grafene/pomme/upstream/linux-hoolock/out/modules-staging/lib/modules/7.0.12-gdfa4d4208131-dirty/kernel/net/rfkill/rfkill.ko.zst
  DEPMOD  /home/potato/grafene/pomme/upstream/linux-hoolock/out/modules-staging/lib/modules/7.0.12-gdfa4d4208131-dirty
make[1]: Leaving directory '/home/potato/grafene/pomme/upstream/linux-hoolock/out'
make: Leaving directory '/home/potato/grafene/pomme/upstream/linux-hoolock'
[kernel-build] packaging artifacts into /home/potato/grafene/pomme/artifacts/kernel
[kernel-build] modules in tarball: 353
[kernel-build] --- sanity checks ---
/home/potato/grafene/pomme/artifacts/kernel/Image: Linux kernel ARM64 boot executable Image, little-endian, 16K pages
[kernel-build] fdtdump not available; skipping dtb model check (strings fallback):
[kernel-build] t8010-d10.dtb: DApple iPhone 7 (Qualcomm) 
[kernel-build] iPhone 7 / 7+ DTBs present (t8010-d10.dtb, t8010-d101.dtb)
[kernel-build] toolchain tarball sha256: 0213efac9b5577f20d58de9431960a191347ffc2257b27ffe7250522bf1f7867  (/home/potato/toolchains/aarch64-toolchain.tar.xz)
[kernel-build] wall time: 227s
[kernel-build] --- sha256sums of everything produced ---
fe673f45a21b1ba0b3b57ff4c0d1537f513c86be1f64750ab719b919d1cd1333  /home/potato/grafene/pomme/tooling/kernel/config-postmarketos-apple-16k.aarch64
922cd70de047576bd1b2d12982e9d0750134c415d2921d5a1afa0f592a6a0de6  /home/potato/grafene/pomme/tooling/kernel/config-settled.aarch64
a04d2a3fe2138a58c2b933e3c4f5d4d47d6a4a91a1aac240323533e45453be0a  /home/potato/grafene/pomme/artifacts/kernel/Image
6c7cb743d7a28560cadba71156c170022c52c9d0c17f1407365d34259a25dfbb  /home/potato/grafene/pomme/artifacts/kernel/modules.tar.gz
c5c0c14e70b95da5bd96ee2d08407781d2fd746cd141de09c46374a538f1b1bd  /home/potato/grafene/pomme/artifacts/kernel/dtbs/s5l8960x-j71.dtb
af9b4c5a1f6e5b3ac89ab7dee238f10d49802e26b9c4287f0e7134f42600c7ba  /home/potato/grafene/pomme/artifacts/kernel/dtbs/s5l8960x-j72.dtb
29855ff6fc3212d11aa5a82767f4afc4d18f594bf6913a5fdb88ab6b85ba2a8d  /home/potato/grafene/pomme/artifacts/kernel/dtbs/s5l8960x-j73.dtb
6b6b7c8e424baac43892eb12ced67fc3440e5d0b8faf0c3694c3507c44f399d4  /home/potato/grafene/pomme/artifacts/kernel/dtbs/s5l8960x-j85.dtb
23a55a0cac3e543c00741f36ce0d1b3550d99e1248a5ef77f5d9b89b1cd12239  /home/potato/grafene/pomme/artifacts/kernel/dtbs/s5l8960x-j85m.dtb
8e08d68be5a48dc98d9974b8333ba0d5cc9448426eda89852e7c80be3caf37b2  /home/potato/grafene/pomme/artifacts/kernel/dtbs/s5l8960x-j86.dtb
8df83a87fd08180cdaca99c62caff2a70c56cee830aa3b75b4d7e0bd776c4bcf  /home/potato/grafene/pomme/artifacts/kernel/dtbs/s5l8960x-j86m.dtb
0bdd3b5311a88fd58800bd9a6c937381e12875ac2425e04bd2f4a7043d14428c  /home/potato/grafene/pomme/artifacts/kernel/dtbs/s5l8960x-j87.dtb
ac8cf0a64eab98cbe62493dea6a9be8596d29253d56247f71c836d7766fd1ed4  /home/potato/grafene/pomme/artifacts/kernel/dtbs/s5l8960x-j87m.dtb
9f3e48ab5fd2b072aa06cdfe4ae245866a3ed57e517fcf6204bab2d49067fdb3  /home/potato/grafene/pomme/artifacts/kernel/dtbs/s5l8960x-n51.dtb
cb3037be494a2b052355987cae496d20fe6eda0500154cfaefb30f0d5c5f17d5  /home/potato/grafene/pomme/artifacts/kernel/dtbs/s5l8960x-n53.dtb
a26458413d7a486a0cb1293f16518c989768ce3e0a2bcd83128542ac507cbc47  /home/potato/grafene/pomme/artifacts/kernel/dtbs/s8000-j71s.dtb
62b58f2a2d7bf1653a5bdb9873ab8774c1b6d723b78e0ae670b7c670c48d89cd  /home/potato/grafene/pomme/artifacts/kernel/dtbs/s8000-j72s.dtb
0d7dc2ae3003b80c22008790dc4c627877bdf37c8c4fe0a2396fd0e978f0486d  /home/potato/grafene/pomme/artifacts/kernel/dtbs/s8000-n66.dtb
2d699e7e9a77cd1bdfe512a52335d05863c9a5389c838dffffaf2e7b9ca877a0  /home/potato/grafene/pomme/artifacts/kernel/dtbs/s8000-n69u.dtb
b25b2b748d6f934d3b4ed51d9906ae86ae5e031756bfe9009073a4dea7537f58  /home/potato/grafene/pomme/artifacts/kernel/dtbs/s8000-n71.dtb
1d2b53a7a2c0b05646e69a792e101a8e2952dafdf9619c23ba2fa3a8a0df9ee4  /home/potato/grafene/pomme/artifacts/kernel/dtbs/s8001-j127.dtb
17034e8651bb850aaee4db1bdf87e5e9a81976378fd89946e862bdce46e31a0f  /home/potato/grafene/pomme/artifacts/kernel/dtbs/s8001-j128.dtb
2df6456f7360e0376c1b59251cf008b96e15156752683f7b5f9f52117cf028f3  /home/potato/grafene/pomme/artifacts/kernel/dtbs/s8001-j98a.dtb
84e88f3cf8a25a916f54d2407bff707525e8f4a0fbbc495e75e1a0095f0bea83  /home/potato/grafene/pomme/artifacts/kernel/dtbs/s8001-j99a.dtb
3cdd5077e2e5b5f0f883ad4ac705f2ad718778ede30c8c7affd8d89862b8e9d8  /home/potato/grafene/pomme/artifacts/kernel/dtbs/s8003-j71t.dtb
17588448873eb681cfbeb13acea4f27471155c9c13b187371f7889ad2c368dfc  /home/potato/grafene/pomme/artifacts/kernel/dtbs/s8003-j72t.dtb
89f9fa2ad15cc2ffe3f6bcf8df2c56154510e5182e585e2ad40f8f00b4b1dc15  /home/potato/grafene/pomme/artifacts/kernel/dtbs/s8003-n66m.dtb
cbb79a148fec1377b7187a4c9514a968e519f3c2ee796818d41f08fde1dc1dfc  /home/potato/grafene/pomme/artifacts/kernel/dtbs/s8003-n69.dtb
8d8efbec8af5bd99ddfd5d2d89480c9c51de749470bd75c5198cac795765756a  /home/potato/grafene/pomme/artifacts/kernel/dtbs/s8003-n71m.dtb
95b8c2529a694e1cccbb06e91437b2a4533fd35956859829b7a13dbf9cfe9262  /home/potato/grafene/pomme/artifacts/kernel/dtbs/t6000-j314s.dtb
b999cdcebdc3d0c464090f21fa5dd75abd00fc41967cb09b19b2b878cdfd4d89  /home/potato/grafene/pomme/artifacts/kernel/dtbs/t6000-j316s.dtb
6098d0ed72a3d7c8c6b8417065fe8bdb9c940549a2eb2caee6dd78e7d3d19a17  /home/potato/grafene/pomme/artifacts/kernel/dtbs/t6001-j314c.dtb
485b4d5841e45f4b3ba49625d5398a3358c8c163eae1fc82950e3b4f5d661490  /home/potato/grafene/pomme/artifacts/kernel/dtbs/t6001-j316c.dtb
d15c8348526f4a687bd0784d196534295bd711bdffb930c619cbf667c51ba65e  /home/potato/grafene/pomme/artifacts/kernel/dtbs/t6001-j375c.dtb
84f6db8ac40cfd4dada0e812cd65a1d1a8c5d044c04e045336f8455b78cd879a  /home/potato/grafene/pomme/artifacts/kernel/dtbs/t6002-j375d.dtb
9892ce0911b6e1a092fb881c1d8a3bfbe36175eaf3b4cf51190b185fbd3c9712  /home/potato/grafene/pomme/artifacts/kernel/dtbs/t6020-j414s.dtb
8c8f0938a542e98baf3377225671707d9ec1e8ebc7dc374890e421a7d761cde1  /home/potato/grafene/pomme/artifacts/kernel/dtbs/t6020-j416s.dtb
b1014cba72f44f77e9a39fc11c8a93e22a1ed4cdb449242a72824217d62c5401  /home/potato/grafene/pomme/artifacts/kernel/dtbs/t6020-j474s.dtb
6ef13d2bb84b5c018255ac01bce334aedb906876ae82cf7fa70da4a3f4a403a4  /home/potato/grafene/pomme/artifacts/kernel/dtbs/t6021-j414c.dtb
ee669bf9ae22d5d1c59fa942e215e5790c5c2a1c7b74705d48d0e28ff4ae40d9  /home/potato/grafene/pomme/artifacts/kernel/dtbs/t6021-j416c.dtb
a204260796bb90dd61435df469f881d1b4fd32b39a3818a1a4cd770f7d79722a  /home/potato/grafene/pomme/artifacts/kernel/dtbs/t6021-j475c.dtb
5346b3eb344f7d645439036e604d303d3be983e461cb839641f98335a3afcb81  /home/potato/grafene/pomme/artifacts/kernel/dtbs/t6022-j180d.dtb
3a9199eb8374749c154015aa17e4c2449f93f4f699cf7396357d7f8f0152a559  /home/potato/grafene/pomme/artifacts/kernel/dtbs/t6022-j475d.dtb
e632798cd56bdc4ceec2d107a4c437386789bf2794b37677706b53b99fce06b0  /home/potato/grafene/pomme/artifacts/kernel/dtbs/t7000-j42d.dtb
7b1b9e0a19167388b002b02d8b25ff89a899bf53bd76e9448f6cd79b3a79dd5c  /home/potato/grafene/pomme/artifacts/kernel/dtbs/t7000-j96.dtb
cca1e54739f97e70e0a2a9e55f3e8feefb2bc40abed87e3a22ba3833bcba60e8  /home/potato/grafene/pomme/artifacts/kernel/dtbs/t7000-j97.dtb
217110fcaf8d5ce599f10c3bd0c1b94d08d2b3b229eda7f6bea33509b8da21cd  /home/potato/grafene/pomme/artifacts/kernel/dtbs/t7000-n102.dtb
9514566388f85316af6a46740dfdea9c93582c728e8c2a0b50446e8f02ec587d  /home/potato/grafene/pomme/artifacts/kernel/dtbs/t7000-n56.dtb
90dd355d8f950b286b45d4197372b5174f2b8014e7a1dd0f5932d46d01b491eb  /home/potato/grafene/pomme/artifacts/kernel/dtbs/t7000-n61.dtb
577866e307baef4686f5dbd2c3639d050a16cc9117f7f9b78ecfde9dc02795bc  /home/potato/grafene/pomme/artifacts/kernel/dtbs/t7001-j81.dtb
2d20e152ee5308464c75e1a74d59f01cf764e461e58b247851687ab029fdc883  /home/potato/grafene/pomme/artifacts/kernel/dtbs/t7001-j82.dtb
a5bf042656b7749de5f1fc655a17de5f9ca91b6940d04e1f65b42c9b34262d69  /home/potato/grafene/pomme/artifacts/kernel/dtbs/t8010-d10.dtb
bbec66db2b973eff3a65c949c6c65a6d256a2b75d058d6a8a1b400d3c3634f24  /home/potato/grafene/pomme/artifacts/kernel/dtbs/t8010-d101.dtb
f03448b32bc82825cc4a803d76beafc18a1214ca137c6ff05a0ea2d361c97d24  /home/potato/grafene/pomme/artifacts/kernel/dtbs/t8010-d11.dtb
2dae39e230608d77305b96c33274efcdf1bb63a9e6382db9ce19e7b50899f33f  /home/potato/grafene/pomme/artifacts/kernel/dtbs/t8010-d111.dtb
067883636160e6bb4494c69ce4efb62e3b2d413438a476e3fab0b42cf2eda251  /home/potato/grafene/pomme/artifacts/kernel/dtbs/t8010-j171.dtb
8c0c0dee2d1717091cb2bbe2aee5e454aedf11360e564bd718d3b626fac85e4d  /home/potato/grafene/pomme/artifacts/kernel/dtbs/t8010-j172.dtb
3097f80c9085161173440469c5b7bfda209caafba435cfe7f7d7697cfc47ae5e  /home/potato/grafene/pomme/artifacts/kernel/dtbs/t8010-j71b.dtb
b7173f3f1b6ae3b7d30dae5a68dbf6ebce845cd38424cc0fba2f6b4a647e50a6  /home/potato/grafene/pomme/artifacts/kernel/dtbs/t8010-j72b.dtb
eb3038a4a2f9ef12be68e732eec448c597366c2787911fc731924f2ae00ee5ef  /home/potato/grafene/pomme/artifacts/kernel/dtbs/t8010-n112.dtb
987cd0d72aa05fb6bfde0a883ebb9512fd0704ba306269cc5e082d5c84761f3e  /home/potato/grafene/pomme/artifacts/kernel/dtbs/t8011-j105a.dtb
45476d6b671dd201aceabd79d143d5829f420d46cfa5439665c60dd35f831aff  /home/potato/grafene/pomme/artifacts/kernel/dtbs/t8011-j120.dtb
9b02cd0e210893952ba6466030bcdf02ea9ded8256048cd89886c53f43c00556  /home/potato/grafene/pomme/artifacts/kernel/dtbs/t8011-j121.dtb
d4a7c4d408c12b19821605b100d8fae3980eda602c1bcabe1d508873ad548d43  /home/potato/grafene/pomme/artifacts/kernel/dtbs/t8011-j207.dtb
62c05d57603778bedf28e6fb98dc79e33b8056b65159a1ffb3f3e8464fae7904  /home/potato/grafene/pomme/artifacts/kernel/dtbs/t8011-j208.dtb
309798a007dcf733ad797a5b68c9a9e467f879e00f216b266a28c749aeca2fb7  /home/potato/grafene/pomme/artifacts/kernel/dtbs/t8012-j132.dtb
bf9097886c128222796d82ac24df1a1ac3543e562e508b992e1b4ff9f1966cc2  /home/potato/grafene/pomme/artifacts/kernel/dtbs/t8012-j137.dtb
446957eadc04552fe8383b728b657d9015f898dc703290410eb3328cc9893faa  /home/potato/grafene/pomme/artifacts/kernel/dtbs/t8012-j140a.dtb
8df08ba5ab56502cee13d9d7616031739d8be4ddaf4f88901cf1cf9aba0b171b  /home/potato/grafene/pomme/artifacts/kernel/dtbs/t8012-j140k.dtb
139012c12ca6dae59b0c26bcfccaf5d6a46eb15c37cf7e92f6bea7a5b2e1a038  /home/potato/grafene/pomme/artifacts/kernel/dtbs/t8012-j152f.dtb
a4633bc3f048512e659071667993abafcf5941084c27a33d4c56b38bb49be2fb  /home/potato/grafene/pomme/artifacts/kernel/dtbs/t8012-j160.dtb
8d90a30c9d7f0671b77b71711fa35ce71d53a95255d99b81f9bcdd9f1aaef4a4  /home/potato/grafene/pomme/artifacts/kernel/dtbs/t8012-j174.dtb
09d54a05bcd13c0412292c46de1a09e52f05e8c0fe94857316bb698eea96f132  /home/potato/grafene/pomme/artifacts/kernel/dtbs/t8012-j185.dtb
0b4a525e5790770bc7c63f39ab652c254d4c6c9c6dd41f76b385cadb1a30b2cc  /home/potato/grafene/pomme/artifacts/kernel/dtbs/t8012-j185f.dtb
a47a918a01c5ffcbd853935f65f5aa930e1b13083b05e30447e9ee5eed0534b2  /home/potato/grafene/pomme/artifacts/kernel/dtbs/t8012-j213.dtb
84c2e71da4640d846e25f8039d172312c2756db3882c39fbc330bf4540efffd5  /home/potato/grafene/pomme/artifacts/kernel/dtbs/t8012-j214k.dtb
77b351ebcd99ee0b41d969422094756c7fc1d19b62afaa53edad84c09e8bcc5a  /home/potato/grafene/pomme/artifacts/kernel/dtbs/t8012-j215.dtb
c5b18d32f8ca2baa6c27f1b3024328f39cdf7cb7c7964a830c9e5b9b74b77a19  /home/potato/grafene/pomme/artifacts/kernel/dtbs/t8012-j223.dtb
ba2e6b86511c82f39ab120702fc4697df6a70179a7ac15c218bbf690267e42ad  /home/potato/grafene/pomme/artifacts/kernel/dtbs/t8012-j230k.dtb
8ac0c49a52e38cfd481808faa1fcda3196c59571eafa23a345e16be60e5b9f35  /home/potato/grafene/pomme/artifacts/kernel/dtbs/t8012-j680.dtb
29be7e445d5f1276737818a9569f9d9da818c9873942faf3b8a3f3f78909c865  /home/potato/grafene/pomme/artifacts/kernel/dtbs/t8012-j780.dtb
1d2edbcd1d01095d9c4ab71b42f43b6bd56e0b5362d97bd9e9f11db5aced520b  /home/potato/grafene/pomme/artifacts/kernel/dtbs/t8015-d20.dtb
a780d8acfe4c75a0fc852d429ead345958a29150f401535aacddb93bc0f90d90  /home/potato/grafene/pomme/artifacts/kernel/dtbs/t8015-d201.dtb
34c92c8a1c9d5bb3dfecc287dcf355b4517086a9668b05d11abf668c162eb5d8  /home/potato/grafene/pomme/artifacts/kernel/dtbs/t8015-d21.dtb
c79047608c47113b1951ea6c7cd644896c545c1655c86e5bb315b926eb5467e7  /home/potato/grafene/pomme/artifacts/kernel/dtbs/t8015-d211.dtb
418e4e14206f3f572be9fedd0955c944fb02cd3449270890f3f938903776ea7f  /home/potato/grafene/pomme/artifacts/kernel/dtbs/t8015-d22.dtb
aa9a8566b321a5f17a89cc0b5ae15dc9e0077332bbc6bea88d7de781c7329361  /home/potato/grafene/pomme/artifacts/kernel/dtbs/t8015-d221.dtb
bdcc6d002f95832bed2730abd444bcccc10e2737156bfeff8e927b48f2e97b71  /home/potato/grafene/pomme/artifacts/kernel/dtbs/t8103-j274.dtb
12497d976569e1ee1918a65c2552fcf4f486395347afe337dc033c95e96702a9  /home/potato/grafene/pomme/artifacts/kernel/dtbs/t8103-j293.dtb
14bcbf24acf531055a11ad2ac67ed34a8c64e64961a98a106825e5ecf02fc56d  /home/potato/grafene/pomme/artifacts/kernel/dtbs/t8103-j313.dtb
0a59f063407fa5451125b1c80b7d46be1203103968c7cc58518dc5f29f8786d6  /home/potato/grafene/pomme/artifacts/kernel/dtbs/t8103-j456.dtb
16269e33c58b8b1cf650c9351d9b46fab7bb7572bab945fefb37bacc7f6627c2  /home/potato/grafene/pomme/artifacts/kernel/dtbs/t8103-j457.dtb
f3230412d111adff4519d7fba90158916abc2f201ccc67fe99ce56e18fd2a288  /home/potato/grafene/pomme/artifacts/kernel/dtbs/t8112-j413.dtb
d9cac72c0ac35a17de0a10c326221f61a60adc67ed25baee47ec1d33b3e75f6c  /home/potato/grafene/pomme/artifacts/kernel/dtbs/t8112-j415.dtb
74ca2b47ce5853f88d50c53e4f4b5ddb9e25e08eb4b8910c6434d26d1481bdc6  /home/potato/grafene/pomme/artifacts/kernel/dtbs/t8112-j473.dtb
e80ac371c51c0a57442aff0fc9ea19644125d7bbcab17291ed05f3237a9a5acc  /home/potato/grafene/pomme/artifacts/kernel/dtbs/t8112-j493.dtb
[kernel-build] artifact sizes:
-rw-rw-r-- 1 potato potato 20220416 Sep 29 18:05 /home/potato/grafene/pomme/artifacts/kernel/Image
-rw-rw-r-- 1 potato potato  6308391 Sep 29 18:05 /home/potato/grafene/pomme/artifacts/kernel/modules.tar.gz
3237665	/home/potato/grafene/pomme/artifacts/kernel/dtbs
[kernel-build] DONE stage=kernel release=7.0.12-gdfa4d4208131-dirty wall=227s

[kernel-build] --- post-build addendum (appended 2026-09-29 18:09 +0300) ---
[kernel-build] The modules.tar.gz produced by the run above (sha256 6c7cb743d7a28560cadba71156c170022c52c9d0c17f1407365d34259a25dfbb, 6308391 bytes)
[kernel-build] was deleted by a CONCURRENT images-stage session (see /tmp/images-modules-test.log, "9.9.9-pomme-test" fixture) at ~18:07.
[kernel-build] Regenerated at 18:09 from the identical modules-staging tree (out/modules-staging/lib/modules/7.0.12-gdfa4d4208131-dirty, 353 modules)
[kernel-build] with deterministic tar flags (--sort=name --owner=0 --group=0 --numeric-owner --mtime=@1781232000; flags now also in build.sh):
[kernel-build] modules.tar.gz sha256 3ca2fb6a3f7140f0f0101ccf109b8bfed936bb98e9bfd2436effdeda14d626c6, 6305795 bytes.
[kernel-build] Image (a04d2a3fe2138a58c2b933e3c4f5d4d47d6a4a91a1aac240323533e45453be0a) and dtbs/ were untouched by the other session and still match the hashes above.
