
═══ pomme local CI — stages: gaster pongoos kernel images — 2026-09-29T16:33:08Z ═══
ci-local: VERSION 0.1.0

═══ stage: gaster ═══
ci-local: building gaster: make gaster (log: evidence/builds/gaster_<ts>.log)
[gaster-build] stage=gaster version=2095825+pomme1 upstream=https://github.com/palera1n/gaster@2095825 (2023-01-21)
[gaster-build] canonical build log: evidence/builds/gaster_2095825+pomme1_20260929.log
[gaster-build] pin check OK: evidence/upstream-pins/gaster.json agrees with script pin 2095825
[gaster-build] host compiler: gcc (Ubuntu 13.3.0-6ubuntu2~24.04.1) 13.3.0
[gaster-build] libusb-1.0: 1.0.27
[gaster-build] openssl headers: OK (libcrypto present; OpenSSL 3.6.2 7 Apr 2026 (Library: OpenSSL 3.6.2 7 Apr 2026))
[gaster-build] reusing upstream clone at /home/potato/grafene/pomme/upstream/gaster (reset to pin below)
[gaster-build] upstream checkout clean at pin 20958256a4706b6396e2d9ee9ca742618459980b (2023-01-21)
[gaster-build] no patches in patches/gaster/ — building pristine upstream
[gaster-build] building make libusb (host gcc, VERSION=2095825+pomme1)
make[1]: Entering directory '/home/potato/grafene/pomme/upstream/gaster'
xxd -iC payload_A9.bin payload_A9.h
xxd -iC payload_notA9.bin payload_notA9.h
xxd -iC payload_notA9_armv7.bin payload_notA9_armv7.h
xxd -iC payload_handle_checkm8_request.bin payload_handle_checkm8_request.h
xxd -iC payload_handle_checkm8_request_armv7.bin payload_handle_checkm8_request_armv7.h
gcc -Wall -Wextra -Wpedantic -DHAVE_LIBUSB gaster.c lzfse.c -o gaster -lusb-1.0 -lcrypto -pthread -ldl -Os -DVERSION=\"2095825+pomme1\"
rm -f payload_A9.h payload_notA9.h payload_notA9_armv7.h payload_handle_checkm8_request.h payload_handle_checkm8_request_armv7.h
make[1]: Leaving directory '/home/potato/grafene/pomme/upstream/gaster'
[gaster-build] build OK: /home/potato/grafene/pomme/upstream/gaster/gaster
/home/potato/grafene/pomme/upstream/gaster/gaster: ELF 64-bit LSB pie executable, x86-64, version 1 (SYSV), dynamically linked, interpreter /lib64/ld-linux-x86-64.so.2, BuildID[sha1]=eb8dd2f2a24b01e0a5874aef64544ace696fe94b, for GNU/Linux 3.2.0, not stripped
[gaster-build] installed artifacts/gaster/gaster sha256=6802003bd51ba9cb9e73fbebaac759198a09c99732b1ee2b486d03af28603e66 (47032 bytes)
[gaster-build] smoke test 1/2: no-argument invocation (usage path, expected rc=1)
usb_timeout: 5
Version: 2095825+pomme1
Usage: env /home/potato/grafene/pomme/artifacts/gaster/gaster options
env:
USB_TIMEOUT - USB timeout in ms
options:
reset - Reset DFU state
pwn - Put the device in pwned DFU mode
reset - Reset dfu usb
decrypt src dst - Decrypt file using GID0 AES key
decrypt_kbag kbag - Decrypt KBAG using GID0 AES key
[gaster-build] smoke test 1 PASSED (rc=1, version + usage printed)
[gaster-build] smoke test 2/2: 'pwn' with no device (libusb init + DFU poll loop, expected rc=124 via timeout)
usb_timeout: 5
[libusb] Waiting for the USB handle with VID: 0x5AC, PID: 0x1227
[gaster-build] smoke test 2 PASSED (libusb initialized, device poll loop entered, no crash)
[gaster-build] runtime linkage of installed artifact:
[gaster-build]   	linux-vdso.so.1 (0x00007c69e3f88000)
[gaster-build]   	libusb-1.0.so.0 => /lib/x86_64-linux-gnu/libusb-1.0.so.0 (0x00007c69e3f38000)
[gaster-build]   	libcrypto.so.3 => /lib/x86_64-linux-gnu/libcrypto.so.3 (0x00007c69e3a00000)
[gaster-build]   	libc.so.6 => /lib/x86_64-linux-gnu/libc.so.6 (0x00007c69e3600000)
[gaster-build]   	libudev.so.1 => /lib/x86_64-linux-gnu/libudev.so.1 (0x00007c69e39cd000)
[gaster-build]   	/lib64/ld-linux-x86-64.so.2 (0x00007c69e3f8a000)
[gaster-build]   	libcap.so.2 => /lib/x86_64-linux-gnu/libcap.so.2 (0x00007c69e3f2b000)
[gaster-build] smoke_test_result: PASS (usage path rc=1; libusb DFU-wait path rc=124 under timeout, VID 0x5AC PID 0x1227)
[gaster-build] determinism gate 1/3: fresh upstream clone at a different absolute path: /tmp/gaster-det/det-Ls1hczRfAk1t/gaster
[gaster-build] no patches in patches/gaster/ — building pristine upstream
[gaster-build] determinism gate 2/3: same recipe (make libusb CC=gcc VERSION=2095825+pomme1)
make[1]: Entering directory '/tmp/gaster-det/det-Ls1hczRfAk1t/gaster'
xxd -iC payload_A9.bin payload_A9.h
xxd -iC payload_notA9.bin payload_notA9.h
xxd -iC payload_notA9_armv7.bin payload_notA9_armv7.h
xxd -iC payload_handle_checkm8_request.bin payload_handle_checkm8_request.h
xxd -iC payload_handle_checkm8_request_armv7.bin payload_handle_checkm8_request_armv7.h
gcc -Wall -Wextra -Wpedantic -DHAVE_LIBUSB gaster.c lzfse.c -o gaster -lusb-1.0 -lcrypto -pthread -ldl -Os -DVERSION=\"2095825+pomme1\"
rm -f payload_A9.h payload_notA9.h payload_notA9_armv7.h payload_handle_checkm8_request.h payload_handle_checkm8_request_armv7.h
make[1]: Leaving directory '/tmp/gaster-det/det-Ls1hczRfAk1t/gaster'
[gaster-build] determinism gate 3/3 PASSED: builds at two different absolute paths produced byte-identical artifacts
[gaster-build] determinism result: match=true A=6802003bd51b… B=6802003bd51b… (B left in place at /tmp/gaster-det/det-Ls1hczRfAk1t for inspection)
[gaster-build] provenance: artifacts/gaster/gaster sha256=6802003bd51ba9cb9e73fbebaac759198a09c99732b1ee2b486d03af28603e66 (47032 bytes)
[gaster-build] generated provenance: artifacts/gaster/provenance.json sha256=ed37ac03a8e256e84d050ea1c9209524c6b5bd03751192d9f2ccda86894e8644 (2427 bytes)
[gaster-build] done
ci-local: PASS: gaster: build completed
ci-local: PASS: gaster: success marker found in evidence/builds/gaster_20260929_193308.log (pattern: smoke_test_result: PASS)

═══ stage: pongoos ═══
ci-local: building pongoos: make pongoos (log: evidence/builds/pongoos_<ts>.log)
[pongoos-build] clang: Ubuntu clang version 18.1.3 (1ubuntu1)
[pongoos-build] LLVM version enforcement OK: clang=18 libLTO=/usr/lib/llvm-18/lib/libLTO.so.18.1 llvm-ar=/usr/lib/llvm-18/bin/llvm-ar
[pongoos-build] upstream clone present at /home/potato/grafene/pomme/upstream/pongoOS-palera1n
[pongoos-build] upstream HEAD verified: e98323f8a09abd80fc4cbcd74dee023b91a1ec22
[pongoos-build] newlib submodule verified: f9ea5054de8fb51dff6f6d3c2e7cdd4aa89744b8
[pongoos-build] no patches in /home/potato/grafene/pomme/patches/pongoos (none currently)
[pongoos-build] deb cached + verified: /home/potato/toolchains/checkra1n-cctools/debs/ld64_530-2_amd64.deb
[pongoos-build] deb cached + verified: /home/potato/toolchains/checkra1n-cctools/debs/cctools-strip_949.0.1-2_amd64.deb
[pongoos-build] shimmed llvm-ar/llvm-ranlib from llvm-18 prefix (/usr/lib/llvm-18/bin)
[pongoos-build] libLTO wiring: soname shim /home/potato/toolchains/checkra1n-cctools/lto/libLTO.so -> /usr/lib/llvm-18/lib/libLTO.so.18.1 (+ path link for source-built ld64)
[pongoos-build] PATH head: /usr/bin | ld64: /home/potato/toolchains/checkra1n-cctools/root/usr/bin/ld64 | strip: /home/potato/toolchains/checkra1n-cctools/shim/strip
[pongoos-build] running make (PONGO_VERSION string embeds git rev; expect 2.6.3-e98323f8)
make[1]: Entering directory '/home/potato/grafene/pomme/upstream/pongoOS-palera1n'
make -C newlib all
make[2]: Entering directory '/home/potato/grafene/pomme/upstream/pongoOS-palera1n/newlib'
make -C build all
make[3]: Entering directory '/home/potato/grafene/pomme/upstream/pongoOS-palera1n/newlib/build'
make "AR_FLAGS=rc" "CC_FOR_BUILD=gcc" "CFLAGS=--target=arm64-apple-ios12.0 -std=gnu17 -Wall -Os -flto -moutline -ffreestanding -nostdlibinc -fno-blocks -U__nonnull -D_LDBL_EQ_DBL -DABORT_PROVIDED -DGETREENT_PROVIDED -DREENTRANT_SYSCALLS_PROVIDED -D__DYNAMIC_REENT__  " "CCASFLAGS=--target=arm64-apple-ios12.0 -std=gnu17 -Wall -Os -flto -moutline -ffreestanding -nostdlibinc -fno-blocks -U__nonnull -D_LDBL_EQ_DBL -DABORT_PROVIDED -DGETREENT_PROVIDED -DREENTRANT_SYSCALLS_PROVIDED -D__DYNAMIC_REENT__  " "CFLAGS_FOR_BUILD=" "CFLAGS_FOR_TARGET=" "INSTALL=/usr/bin/install -c" "LDFLAGS=" "LIBCFLAGS=" "LIBCFLAGS_FOR_TARGET=" "MAKE=make" "MAKEINFO=/bin/bash /home/potato/grafene/pomme/upstream/pongoOS-palera1n/newlib/src/missing --run makeinfo " "PICFLAG=" "PICFLAG_FOR_TARGET=" "SHELL=/bin/bash" "EXPECT=`if test -f ./../expect/expect; then echo ./../expect/expect; else echo expect; fi`" "RUNTEST=`if test -f ../src/newlib/../dejagnu/runtest; then echo ../src/newlib/../dejagnu/runtest; else echo runtest; fi`" "RUNTESTFLAGS=" "exec_prefix=/home/potato/grafene/pomme/upstream/pongoOS-palera1n/newlib" "infodir=/home/potato/grafene/pomme/upstream/pongoOS-palera1n/newlib/share/info" "libdir=/home/potato/grafene/pomme/upstream/pongoOS-palera1n/newlib/lib" "prefix=/home/potato/grafene/pomme/upstream/pongoOS-palera1n/newlib" "tooldir=/home/potato/grafene/pomme/upstream/pongoOS-palera1n/newlib/aarch64-none-darwin" "top_toollibdir=/home/potato/grafene/pomme/upstream/pongoOS-palera1n/newlib/aarch64-none-darwin/lib" "AR=llvm-ar" "AS=as" "CC=clang -I/home/potato/grafene/pomme/upstream/pongoOS-palera1n/newlib/build/targ-include -I/home/potato/grafene/pomme/upstream/pongoOS-palera1n/newlib/src/newlib/libc/include" "LD=" "LIBCFLAGS=" "NM=" "PICFLAG=" "RANLIB=llvm-ranlib" "DESTDIR=" all-recursive
make[4]: Entering directory '/home/potato/grafene/pomme/upstream/pongoOS-palera1n/newlib/build'
true "AR_FLAGS=rc" "CC_FOR_BUILD=gcc" "CFLAGS=--target=arm64-apple-ios12.0 -std=gnu17 -Wall -Os -flto -moutline -ffreestanding -nostdlibinc -fno-blocks -U__nonnull -D_LDBL_EQ_DBL -DABORT_PROVIDED -DGETREENT_PROVIDED -DREENTRANT_SYSCALLS_PROVIDED -D__DYNAMIC_REENT__  " "CCASFLAGS=--target=arm64-apple-ios12.0 -std=gnu17 -Wall -Os -flto -moutline -ffreestanding -nostdlibinc -fno-blocks -U__nonnull -D_LDBL_EQ_DBL -DABORT_PROVIDED -DGETREENT_PROVIDED -DREENTRANT_SYSCALLS_PROVIDED -D__DYNAMIC_REENT__  " "CFLAGS_FOR_BUILD=" "CFLAGS_FOR_TARGET=" "INSTALL=/usr/bin/install -c" "LDFLAGS=" "LIBCFLAGS=" "LIBCFLAGS_FOR_TARGET=" "MAKE=make" "MAKEINFO=/bin/bash /home/potato/grafene/pomme/upstream/pongoOS-palera1n/newlib/src/missing --run makeinfo  " "PICFLAG=" "PICFLAG_FOR_TARGET=" "SHELL=/bin/bash" "EXPECT=expect" "RUNTEST=runtest" "RUNTESTFLAGS=" "exec_prefix=/home/potato/grafene/pomme/upstream/pongoOS-palera1n/newlib" "infodir=/home/potato/grafene/pomme/upstream/pongoOS-palera1n/newlib/share/info" "libdir=/home/potato/grafene/pomme/upstream/pongoOS-palera1n/newlib/lib" "prefix=/home/potato/grafene/pomme/upstream/pongoOS-palera1n/newlib" "tooldir=/home/potato/grafene/pomme/upstream/pongoOS-palera1n/newlib/aarch64-none-darwin" "top_toollibdir=/home/potato/grafene/pomme/upstream/pongoOS-palera1n/newlib/aarch64-none-darwin/lib" "AR=llvm-ar" "AS=as" "CC=clang -I/home/potato/grafene/pomme/upstream/pongoOS-palera1n/newlib/build/targ-include -I/home/potato/grafene/pomme/upstream/pongoOS-palera1n/newlib/src/newlib/libc/include" "LD=" "LIBCFLAGS=" "NM=" "PICFLAG=" "RANLIB=llvm-ranlib" "DESTDIR=" DO=all multi-do # make
Making all in libc
make[5]: Entering directory '/home/potato/grafene/pomme/upstream/pongoOS-palera1n/newlib/build/libc'
Making all in argz
make[6]: Entering directory '/home/potato/grafene/pomme/upstream/pongoOS-palera1n/newlib/build/libc/argz'
make[6]: Nothing to be done for 'all'.
make[6]: Leaving directory '/home/potato/grafene/pomme/upstream/pongoOS-palera1n/newlib/build/libc/argz'
Making all in stdlib
make[6]: Entering directory '/home/potato/grafene/pomme/upstream/pongoOS-palera1n/newlib/build/libc/stdlib'
make[6]: Nothing to be done for 'all'.
make[6]: Leaving directory '/home/potato/grafene/pomme/upstream/pongoOS-palera1n/newlib/build/libc/stdlib'
Making all in ctype
make[6]: Entering directory '/home/potato/grafene/pomme/upstream/pongoOS-palera1n/newlib/build/libc/ctype'
make[6]: Nothing to be done for 'all'.
make[6]: Leaving directory '/home/potato/grafene/pomme/upstream/pongoOS-palera1n/newlib/build/libc/ctype'
Making all in search
make[6]: Entering directory '/home/potato/grafene/pomme/upstream/pongoOS-palera1n/newlib/build/libc/search'
make[6]: Nothing to be done for 'all'.
make[6]: Leaving directory '/home/potato/grafene/pomme/upstream/pongoOS-palera1n/newlib/build/libc/search'
Making all in stdio
make[6]: Entering directory '/home/potato/grafene/pomme/upstream/pongoOS-palera1n/newlib/build/libc/stdio'
make[6]: Nothing to be done for 'all'.
make[6]: Leaving directory '/home/potato/grafene/pomme/upstream/pongoOS-palera1n/newlib/build/libc/stdio'
Making all in string
make[6]: Entering directory '/home/potato/grafene/pomme/upstream/pongoOS-palera1n/newlib/build/libc/string'
make[6]: Nothing to be done for 'all'.
make[6]: Leaving directory '/home/potato/grafene/pomme/upstream/pongoOS-palera1n/newlib/build/libc/string'
Making all in signal
make[6]: Entering directory '/home/potato/grafene/pomme/upstream/pongoOS-palera1n/newlib/build/libc/signal'
make[6]: Nothing to be done for 'all'.
make[6]: Leaving directory '/home/potato/grafene/pomme/upstream/pongoOS-palera1n/newlib/build/libc/signal'
Making all in time
make[6]: Entering directory '/home/potato/grafene/pomme/upstream/pongoOS-palera1n/newlib/build/libc/time'
make[6]: Nothing to be done for 'all'.
make[6]: Leaving directory '/home/potato/grafene/pomme/upstream/pongoOS-palera1n/newlib/build/libc/time'
Making all in locale
make[6]: Entering directory '/home/potato/grafene/pomme/upstream/pongoOS-palera1n/newlib/build/libc/locale'
make[6]: Nothing to be done for 'all'.
make[6]: Leaving directory '/home/potato/grafene/pomme/upstream/pongoOS-palera1n/newlib/build/libc/locale'
Making all in sys
make[6]: Entering directory '/home/potato/grafene/pomme/upstream/pongoOS-palera1n/newlib/build/libc/sys'
Making all in .
make[7]: Entering directory '/home/potato/grafene/pomme/upstream/pongoOS-palera1n/newlib/build/libc/sys'
make[7]: Nothing to be done for 'all-am'.
make[7]: Leaving directory '/home/potato/grafene/pomme/upstream/pongoOS-palera1n/newlib/build/libc/sys'
make[6]: Leaving directory '/home/potato/grafene/pomme/upstream/pongoOS-palera1n/newlib/build/libc/sys'
Making all in reent
make[6]: Entering directory '/home/potato/grafene/pomme/upstream/pongoOS-palera1n/newlib/build/libc/reent'
make[6]: Nothing to be done for 'all'.
make[6]: Leaving directory '/home/potato/grafene/pomme/upstream/pongoOS-palera1n/newlib/build/libc/reent'
Making all in errno
make[6]: Entering directory '/home/potato/grafene/pomme/upstream/pongoOS-palera1n/newlib/build/libc/errno'
make[6]: Nothing to be done for 'all'.
make[6]: Leaving directory '/home/potato/grafene/pomme/upstream/pongoOS-palera1n/newlib/build/libc/errno'
Making all in misc
make[6]: Entering directory '/home/potato/grafene/pomme/upstream/pongoOS-palera1n/newlib/build/libc/misc'
make[6]: Nothing to be done for 'all'.
make[6]: Leaving directory '/home/potato/grafene/pomme/upstream/pongoOS-palera1n/newlib/build/libc/misc'
Making all in machine
make[6]: Entering directory '/home/potato/grafene/pomme/upstream/pongoOS-palera1n/newlib/build/libc/machine'
Making all in aarch64
make[7]: Entering directory '/home/potato/grafene/pomme/upstream/pongoOS-palera1n/newlib/build/libc/machine/aarch64'
make[7]: Nothing to be done for 'all'.
make[7]: Leaving directory '/home/potato/grafene/pomme/upstream/pongoOS-palera1n/newlib/build/libc/machine/aarch64'
Making all in .
make[7]: Entering directory '/home/potato/grafene/pomme/upstream/pongoOS-palera1n/newlib/build/libc/machine'
make[7]: Nothing to be done for 'all-am'.
make[7]: Leaving directory '/home/potato/grafene/pomme/upstream/pongoOS-palera1n/newlib/build/libc/machine'
make[6]: Leaving directory '/home/potato/grafene/pomme/upstream/pongoOS-palera1n/newlib/build/libc/machine'
Making all in syscalls
make[6]: Entering directory '/home/potato/grafene/pomme/upstream/pongoOS-palera1n/newlib/build/libc/syscalls'
make[6]: Nothing to be done for 'all'.
make[6]: Leaving directory '/home/potato/grafene/pomme/upstream/pongoOS-palera1n/newlib/build/libc/syscalls'
Making all in ssp
make[6]: Entering directory '/home/potato/grafene/pomme/upstream/pongoOS-palera1n/newlib/build/libc/ssp'
make[6]: Nothing to be done for 'all'.
make[6]: Leaving directory '/home/potato/grafene/pomme/upstream/pongoOS-palera1n/newlib/build/libc/ssp'
Making all in .
make[6]: Entering directory '/home/potato/grafene/pomme/upstream/pongoOS-palera1n/newlib/build/libc'
make[6]: Nothing to be done for 'all-am'.
make[6]: Leaving directory '/home/potato/grafene/pomme/upstream/pongoOS-palera1n/newlib/build/libc'
make[5]: Leaving directory '/home/potato/grafene/pomme/upstream/pongoOS-palera1n/newlib/build/libc'
Making all in libm
make[5]: Entering directory '/home/potato/grafene/pomme/upstream/pongoOS-palera1n/newlib/build/libm'
Making all in math
make[6]: Entering directory '/home/potato/grafene/pomme/upstream/pongoOS-palera1n/newlib/build/libm/math'
make[6]: Nothing to be done for 'all'.
make[6]: Leaving directory '/home/potato/grafene/pomme/upstream/pongoOS-palera1n/newlib/build/libm/math'
Making all in common
make[6]: Entering directory '/home/potato/grafene/pomme/upstream/pongoOS-palera1n/newlib/build/libm/common'
make[6]: Nothing to be done for 'all'.
make[6]: Leaving directory '/home/potato/grafene/pomme/upstream/pongoOS-palera1n/newlib/build/libm/common'
Making all in complex
make[6]: Entering directory '/home/potato/grafene/pomme/upstream/pongoOS-palera1n/newlib/build/libm/complex'
make[6]: Nothing to be done for 'all'.
make[6]: Leaving directory '/home/potato/grafene/pomme/upstream/pongoOS-palera1n/newlib/build/libm/complex'
Making all in fenv
make[6]: Entering directory '/home/potato/grafene/pomme/upstream/pongoOS-palera1n/newlib/build/libm/fenv'
make[6]: Nothing to be done for 'all'.
make[6]: Leaving directory '/home/potato/grafene/pomme/upstream/pongoOS-palera1n/newlib/build/libm/fenv'
Making all in machine
make[6]: Entering directory '/home/potato/grafene/pomme/upstream/pongoOS-palera1n/newlib/build/libm/machine'
Making all in aarch64
make[7]: Entering directory '/home/potato/grafene/pomme/upstream/pongoOS-palera1n/newlib/build/libm/machine/aarch64'
make[7]: Nothing to be done for 'all'.
make[7]: Leaving directory '/home/potato/grafene/pomme/upstream/pongoOS-palera1n/newlib/build/libm/machine/aarch64'
Making all in .
make[7]: Entering directory '/home/potato/grafene/pomme/upstream/pongoOS-palera1n/newlib/build/libm/machine'
make[7]: Nothing to be done for 'all-am'.
make[7]: Leaving directory '/home/potato/grafene/pomme/upstream/pongoOS-palera1n/newlib/build/libm/machine'
make[6]: Leaving directory '/home/potato/grafene/pomme/upstream/pongoOS-palera1n/newlib/build/libm/machine'
make[6]: Entering directory '/home/potato/grafene/pomme/upstream/pongoOS-palera1n/newlib/build/libm'
make[6]: Nothing to be done for 'all-am'.
make[6]: Leaving directory '/home/potato/grafene/pomme/upstream/pongoOS-palera1n/newlib/build/libm'
make[5]: Leaving directory '/home/potato/grafene/pomme/upstream/pongoOS-palera1n/newlib/build/libm'
Making all in doc
make[5]: Entering directory '/home/potato/grafene/pomme/upstream/pongoOS-palera1n/newlib/build/doc'
make[5]: Nothing to be done for 'all'.
make[5]: Leaving directory '/home/potato/grafene/pomme/upstream/pongoOS-palera1n/newlib/build/doc'
Making all in .
make[5]: Entering directory '/home/potato/grafene/pomme/upstream/pongoOS-palera1n/newlib/build'
make[5]: Leaving directory '/home/potato/grafene/pomme/upstream/pongoOS-palera1n/newlib/build'
make[4]: Leaving directory '/home/potato/grafene/pomme/upstream/pongoOS-palera1n/newlib/build'
make[3]: Leaving directory '/home/potato/grafene/pomme/upstream/pongoOS-palera1n/newlib/build'
make[2]: Leaving directory '/home/potato/grafene/pomme/upstream/pongoOS-palera1n/newlib'
make[1]: Leaving directory '/home/potato/grafene/pomme/upstream/pongoOS-palera1n'
[pongoos-build] artifacts installed to /home/potato/grafene/pomme/artifacts/pongoos
22eec6e4ae31d44d67ff776c3ae78d917932f6c8b8a8cdd385041509707413c6  Pongo.bin
dc07683622c85553e37ad8eacc3b3fb23427870763786259c41dcf71b7975566  Pongo.macho
ac51d00ea85dc3865c62349abff721bff5f57507b915ecfd4561d8afc7a03b79  checkra1n-kpf-pongo.macho
[pongoos-build] data  <= Pongo.bin (238096 bytes)
[pongoos-build] Mach-O 64-bit arm64 preload executable, flags:<NOUNDEFS>  <= Pongo.macho (339384 bytes)
[pongoos-build] Mach-O 64-bit arm64 kext bundle, flags:<NOUNDEFS|DYLDLINK|TWOLEVEL>  <= checkra1n-kpf-pongo.macho (127828 bytes)
[pongoos-build] OK
ci-local: PASS: pongoos: build completed
ci-local: PASS: pongoos: success marker found in evidence/builds/pongoos_20260929_193315.log (pattern: \[pongoos-build\] OK)

═══ stage: kernel ═══
ci-local: building kernel: make kernel (log: evidence/builds/kernel_<ts>.log)
[kernel-build] host: Linux 7.1.5-76070105-generic, 12 cores
[kernel-build] cross gcc: aarch64-buildroot-linux-gnu-gcc.br_real (toolchains.bootlin.com 2026.08-1) 15.3.0
[kernel-build] checking upstream tree /home/potato/grafene/pomme/upstream/linux-hoolock
[kernel-build] upstream present; verifying pin
[kernel-build] upstream verified: dfa4d42081312dd34ec33ee8d23174309f683188 (2026-06-12 12:28:16 +0800)
[kernel-build] patch already applied, skipping: 0001-backlight-apple_pmic_bl-add-default-case-to-get_brightness.patch
[kernel-build] config in: /home/potato/grafene/pomme/tooling/kernel/config-postmarketos-apple-16k.aarch64
[kernel-build] config-in sha256: fe673f45a21b1ba0b3b57ff4c0d1537f513c86be1f64750ab719b919d1cd1333
[kernel-build] olddefconfig (settles any new symbols against the pinned config)
make[1]: Entering directory '/home/potato/grafene/pomme/upstream/linux-hoolock'
make[2]: Entering directory '/home/potato/grafene/pomme/upstream/linux-hoolock/out'
  GEN     Makefile
#
# configuration written to .config
#
make[2]: Leaving directory '/home/potato/grafene/pomme/upstream/linux-hoolock/out'
make[1]: Leaving directory '/home/potato/grafene/pomme/upstream/linux-hoolock'
[kernel-build] settled config -> /home/potato/grafene/pomme/tooling/kernel/config-settled.aarch64 (sha256: 922cd70de047576bd1b2d12982e9d0750134c415d2921d5a1afa0f592a6a0de6)
[kernel-build] toolchain as seen by kconfig: CC=15.3.0 (CC_IS_GCC=y)
[kernel-build] note: CONFIG_RUST dropped by olddefconfig (no rustc/bindgen for the GCC toolchain; no boot-critical driver needs it)
[kernel-build] CONFIG_ARM64_16K_PAGES=y confirmed in settled config
[kernel-build] building Image + dtbs with -j8 (this is the long part; expect several GB of RAM use)
make[1]: Entering directory '/home/potato/grafene/pomme/upstream/linux-hoolock'
make[2]: Entering directory '/home/potato/grafene/pomme/upstream/linux-hoolock/out'
  SYNC    include/config/auto.conf.cmd
  GEN     Makefile
  GEN     Makefile
  CALL    ../scripts/checksyscalls.sh
make[2]: Leaving directory '/home/potato/grafene/pomme/upstream/linux-hoolock/out'
make[1]: Leaving directory '/home/potato/grafene/pomme/upstream/linux-hoolock'
[kernel-build] kernel release: 7.0.12-gdfa4d4208131-dirty
[kernel-build] installing dtbs (full set to staging, apple/ subset shipped)
make[1]: Entering directory '/home/potato/grafene/pomme/upstream/linux-hoolock'
make[2]: Entering directory '/home/potato/grafene/pomme/upstream/linux-hoolock/out'
  INSTALL /home/potato/grafene/pomme/upstream/linux-hoolock/out/dtbs-install/apple/s5l8960x-j71.dtb
  INSTALL /home/potato/grafene/pomme/upstream/linux-hoolock/out/dtbs-install/apple/s5l8960x-j73.dtb
  INSTALL /home/potato/grafene/pomme/upstream/linux-hoolock/out/dtbs-install/apple/s5l8960x-j85m.dtb
  INSTALL /home/potato/grafene/pomme/upstream/linux-hoolock/out/dtbs-install/apple/s5l8960x-j86m.dtb
  INSTALL /home/potato/grafene/pomme/upstream/linux-hoolock/out/dtbs-install/apple/s5l8960x-j87m.dtb
  INSTALL /home/potato/grafene/pomme/upstream/linux-hoolock/out/dtbs-install/apple/s5l8960x-n53.dtb
  INSTALL /home/potato/grafene/pomme/upstream/linux-hoolock/out/dtbs-install/apple/s5l8960x-j72.dtb
  INSTALL /home/potato/grafene/pomme/upstream/linux-hoolock/out/dtbs-install/apple/s5l8960x-j85.dtb
  INSTALL /home/potato/grafene/pomme/upstream/linux-hoolock/out/dtbs-install/apple/s5l8960x-j86.dtb
  INSTALL /home/potato/grafene/pomme/upstream/linux-hoolock/out/dtbs-install/apple/s5l8960x-j87.dtb
  INSTALL /home/potato/grafene/pomme/upstream/linux-hoolock/out/dtbs-install/apple/s5l8960x-n51.dtb
  INSTALL /home/potato/grafene/pomme/upstream/linux-hoolock/out/dtbs-install/apple/t7000-j42d.dtb
  INSTALL /home/potato/grafene/pomme/upstream/linux-hoolock/out/dtbs-install/apple/t7000-j96.dtb
  INSTALL /home/potato/grafene/pomme/upstream/linux-hoolock/out/dtbs-install/apple/t7000-j97.dtb
  INSTALL /home/potato/grafene/pomme/upstream/linux-hoolock/out/dtbs-install/apple/t7000-n102.dtb
  INSTALL /home/potato/grafene/pomme/upstream/linux-hoolock/out/dtbs-install/apple/t7000-n56.dtb
  INSTALL /home/potato/grafene/pomme/upstream/linux-hoolock/out/dtbs-install/apple/t7000-n61.dtb
  INSTALL /home/potato/grafene/pomme/upstream/linux-hoolock/out/dtbs-install/apple/t7001-j81.dtb
  INSTALL /home/potato/grafene/pomme/upstream/linux-hoolock/out/dtbs-install/apple/t7001-j82.dtb
  INSTALL /home/potato/grafene/pomme/upstream/linux-hoolock/out/dtbs-install/apple/s8000-j71s.dtb
  INSTALL /home/potato/grafene/pomme/upstream/linux-hoolock/out/dtbs-install/apple/s8000-j72s.dtb
  INSTALL /home/potato/grafene/pomme/upstream/linux-hoolock/out/dtbs-install/apple/s8000-n66.dtb
  INSTALL /home/potato/grafene/pomme/upstream/linux-hoolock/out/dtbs-install/apple/s8000-n69u.dtb
  INSTALL /home/potato/grafene/pomme/upstream/linux-hoolock/out/dtbs-install/apple/s8000-n71.dtb
  INSTALL /home/potato/grafene/pomme/upstream/linux-hoolock/out/dtbs-install/apple/s8003-j71t.dtb
  INSTALL /home/potato/grafene/pomme/upstream/linux-hoolock/out/dtbs-install/apple/s8003-j72t.dtb
  INSTALL /home/potato/grafene/pomme/upstream/linux-hoolock/out/dtbs-install/apple/s8003-n66m.dtb
  INSTALL /home/potato/grafene/pomme/upstream/linux-hoolock/out/dtbs-install/apple/s8003-n69.dtb
  INSTALL /home/potato/grafene/pomme/upstream/linux-hoolock/out/dtbs-install/apple/s8003-n71m.dtb
  INSTALL /home/potato/grafene/pomme/upstream/linux-hoolock/out/dtbs-install/apple/s8001-j127.dtb
  INSTALL /home/potato/grafene/pomme/upstream/linux-hoolock/out/dtbs-install/apple/s8001-j128.dtb
  INSTALL /home/potato/grafene/pomme/upstream/linux-hoolock/out/dtbs-install/apple/s8001-j98a.dtb
  INSTALL /home/potato/grafene/pomme/upstream/linux-hoolock/out/dtbs-install/apple/s8001-j99a.dtb
  INSTALL /home/potato/grafene/pomme/upstream/linux-hoolock/out/dtbs-install/apple/t8010-d101.dtb
  INSTALL /home/potato/grafene/pomme/upstream/linux-hoolock/out/dtbs-install/apple/t8010-d10.dtb
  INSTALL /home/potato/grafene/pomme/upstream/linux-hoolock/out/dtbs-install/apple/t8010-d111.dtb
  INSTALL /home/potato/grafene/pomme/upstream/linux-hoolock/out/dtbs-install/apple/t8010-d11.dtb
  INSTALL /home/potato/grafene/pomme/upstream/linux-hoolock/out/dtbs-install/apple/t8010-j171.dtb
  INSTALL /home/potato/grafene/pomme/upstream/linux-hoolock/out/dtbs-install/apple/t8010-j172.dtb
  INSTALL /home/potato/grafene/pomme/upstream/linux-hoolock/out/dtbs-install/apple/t8010-j71b.dtb
  INSTALL /home/potato/grafene/pomme/upstream/linux-hoolock/out/dtbs-install/apple/t8010-j72b.dtb
  INSTALL /home/potato/grafene/pomme/upstream/linux-hoolock/out/dtbs-install/apple/t8010-n112.dtb
  INSTALL /home/potato/grafene/pomme/upstream/linux-hoolock/out/dtbs-install/apple/t8011-j105a.dtb
  INSTALL /home/potato/grafene/pomme/upstream/linux-hoolock/out/dtbs-install/apple/t8011-j120.dtb
  INSTALL /home/potato/grafene/pomme/upstream/linux-hoolock/out/dtbs-install/apple/t8011-j121.dtb
  INSTALL /home/potato/grafene/pomme/upstream/linux-hoolock/out/dtbs-install/apple/t8011-j207.dtb
  INSTALL /home/potato/grafene/pomme/upstream/linux-hoolock/out/dtbs-install/apple/t8011-j208.dtb
  INSTALL /home/potato/grafene/pomme/upstream/linux-hoolock/out/dtbs-install/apple/t8012-j132.dtb
  INSTALL /home/potato/grafene/pomme/upstream/linux-hoolock/out/dtbs-install/apple/t8012-j137.dtb
  INSTALL /home/potato/grafene/pomme/upstream/linux-hoolock/out/dtbs-install/apple/t8012-j140a.dtb
  INSTALL /home/potato/grafene/pomme/upstream/linux-hoolock/out/dtbs-install/apple/t8012-j140k.dtb
  INSTALL /home/potato/grafene/pomme/upstream/linux-hoolock/out/dtbs-install/apple/t8012-j152f.dtb
  INSTALL /home/potato/grafene/pomme/upstream/linux-hoolock/out/dtbs-install/apple/t8012-j160.dtb
  INSTALL /home/potato/grafene/pomme/upstream/linux-hoolock/out/dtbs-install/apple/t8012-j174.dtb
  INSTALL /home/potato/grafene/pomme/upstream/linux-hoolock/out/dtbs-install/apple/t8012-j185.dtb
  INSTALL /home/potato/grafene/pomme/upstream/linux-hoolock/out/dtbs-install/apple/t8012-j185f.dtb
  INSTALL /home/potato/grafene/pomme/upstream/linux-hoolock/out/dtbs-install/apple/t8012-j213.dtb
  INSTALL /home/potato/grafene/pomme/upstream/linux-hoolock/out/dtbs-install/apple/t8012-j215.dtb
  INSTALL /home/potato/grafene/pomme/upstream/linux-hoolock/out/dtbs-install/apple/t8012-j223.dtb
  INSTALL /home/potato/grafene/pomme/upstream/linux-hoolock/out/dtbs-install/apple/t8012-j230k.dtb
  INSTALL /home/potato/grafene/pomme/upstream/linux-hoolock/out/dtbs-install/apple/t8012-j214k.dtb
  INSTALL /home/potato/grafene/pomme/upstream/linux-hoolock/out/dtbs-install/apple/t8012-j680.dtb
  INSTALL /home/potato/grafene/pomme/upstream/linux-hoolock/out/dtbs-install/apple/t8012-j780.dtb
  INSTALL /home/potato/grafene/pomme/upstream/linux-hoolock/out/dtbs-install/apple/t8015-d201.dtb
  INSTALL /home/potato/grafene/pomme/upstream/linux-hoolock/out/dtbs-install/apple/t8015-d20.dtb
  INSTALL /home/potato/grafene/pomme/upstream/linux-hoolock/out/dtbs-install/apple/t8015-d211.dtb
  INSTALL /home/potato/grafene/pomme/upstream/linux-hoolock/out/dtbs-install/apple/t8015-d21.dtb
  INSTALL /home/potato/grafene/pomme/upstream/linux-hoolock/out/dtbs-install/apple/t8015-d221.dtb
  INSTALL /home/potato/grafene/pomme/upstream/linux-hoolock/out/dtbs-install/apple/t8015-d22.dtb
  INSTALL /home/potato/grafene/pomme/upstream/linux-hoolock/out/dtbs-install/apple/t8103-j274.dtb
  INSTALL /home/potato/grafene/pomme/upstream/linux-hoolock/out/dtbs-install/apple/t8103-j293.dtb
  INSTALL /home/potato/grafene/pomme/upstream/linux-hoolock/out/dtbs-install/apple/t8103-j313.dtb
  INSTALL /home/potato/grafene/pomme/upstream/linux-hoolock/out/dtbs-install/apple/t8103-j456.dtb
  INSTALL /home/potato/grafene/pomme/upstream/linux-hoolock/out/dtbs-install/apple/t8103-j457.dtb
  INSTALL /home/potato/grafene/pomme/upstream/linux-hoolock/out/dtbs-install/apple/t6000-j314s.dtb
  INSTALL /home/potato/grafene/pomme/upstream/linux-hoolock/out/dtbs-install/apple/t6001-j314c.dtb
  INSTALL /home/potato/grafene/pomme/upstream/linux-hoolock/out/dtbs-install/apple/t6000-j316s.dtb
  INSTALL /home/potato/grafene/pomme/upstream/linux-hoolock/out/dtbs-install/apple/t6001-j316c.dtb
  INSTALL /home/potato/grafene/pomme/upstream/linux-hoolock/out/dtbs-install/apple/t6001-j375c.dtb
  INSTALL /home/potato/grafene/pomme/upstream/linux-hoolock/out/dtbs-install/apple/t6002-j375d.dtb
  INSTALL /home/potato/grafene/pomme/upstream/linux-hoolock/out/dtbs-install/apple/t6022-j180d.dtb
  INSTALL /home/potato/grafene/pomme/upstream/linux-hoolock/out/dtbs-install/apple/t6020-j414s.dtb
  INSTALL /home/potato/grafene/pomme/upstream/linux-hoolock/out/dtbs-install/apple/t6021-j414c.dtb
  INSTALL /home/potato/grafene/pomme/upstream/linux-hoolock/out/dtbs-install/apple/t6020-j416s.dtb
  INSTALL /home/potato/grafene/pomme/upstream/linux-hoolock/out/dtbs-install/apple/t6021-j416c.dtb
  INSTALL /home/potato/grafene/pomme/upstream/linux-hoolock/out/dtbs-install/apple/t6020-j474s.dtb
  INSTALL /home/potato/grafene/pomme/upstream/linux-hoolock/out/dtbs-install/apple/t6021-j475c.dtb
  INSTALL /home/potato/grafene/pomme/upstream/linux-hoolock/out/dtbs-install/apple/t6022-j475d.dtb
  INSTALL /home/potato/grafene/pomme/upstream/linux-hoolock/out/dtbs-install/apple/t8112-j413.dtb
  INSTALL /home/potato/grafene/pomme/upstream/linux-hoolock/out/dtbs-install/apple/t8112-j415.dtb
  INSTALL /home/potato/grafene/pomme/upstream/linux-hoolock/out/dtbs-install/apple/t8112-j473.dtb
  INSTALL /home/potato/grafene/pomme/upstream/linux-hoolock/out/dtbs-install/apple/t8112-j493.dtb
make[2]: Leaving directory '/home/potato/grafene/pomme/upstream/linux-hoolock/out'
make[1]: Leaving directory '/home/potato/grafene/pomme/upstream/linux-hoolock'
[kernel-build] apple DTBs installed: 92
[kernel-build] installing modules (stripped) to staging with INSTALL_MOD_PATH
make[1]: Entering directory '/home/potato/grafene/pomme/upstream/linux-hoolock'
make[2]: Entering directory '/home/potato/grafene/pomme/upstream/linux-hoolock/out'
  SYMLINK /home/potato/grafene/pomme/upstream/linux-hoolock/out/modules-staging/lib/modules/7.0.12-gdfa4d4208131-dirty/build
  INSTALL /home/potato/grafene/pomme/upstream/linux-hoolock/out/modules-staging/lib/modules/7.0.12-gdfa4d4208131-dirty/modules.order
  INSTALL /home/potato/grafene/pomme/upstream/linux-hoolock/out/modules-staging/lib/modules/7.0.12-gdfa4d4208131-dirty/modules.builtin
  INSTALL /home/potato/grafene/pomme/upstream/linux-hoolock/out/modules-staging/lib/modules/7.0.12-gdfa4d4208131-dirty/modules.builtin.modinfo
  INSTALL /home/potato/grafene/pomme/upstream/linux-hoolock/out/modules-staging/lib/modules/7.0.12-gdfa4d4208131-dirty/kernel/fs/nfs_common/nfs_acl.ko
  INSTALL /home/potato/grafene/pomme/upstream/linux-hoolock/out/modules-staging/lib/modules/7.0.12-gdfa4d4208131-dirty/kernel/fs/nfs_common/grace.ko
  INSTALL /home/potato/grafene/pomme/upstream/linux-hoolock/out/modules-staging/lib/modules/7.0.12-gdfa4d4208131-dirty/kernel/fs/nls/nls_ucs2_utils.ko
  INSTALL /home/potato/grafene/pomme/upstream/linux-hoolock/out/modules-staging/lib/modules/7.0.12-gdfa4d4208131-dirty/kernel/fs/binfmt_misc.ko
  INSTALL /home/potato/grafene/pomme/upstream/linux-hoolock/out/modules-staging/lib/modules/7.0.12-gdfa4d4208131-dirty/kernel/fs/netfs/netfs.ko
  INSTALL /home/potato/grafene/pomme/upstream/linux-hoolock/out/modules-staging/lib/modules/7.0.12-gdfa4d4208131-dirty/kernel/fs/squashfs/squashfs.ko
  INSTALL /home/potato/grafene/pomme/upstream/linux-hoolock/out/modules-staging/lib/modules/7.0.12-gdfa4d4208131-dirty/kernel/fs/exfat/exfat.ko
  INSTALL /home/potato/grafene/pomme/upstream/linux-hoolock/out/modules-staging/lib/modules/7.0.12-gdfa4d4208131-dirty/kernel/fs/nfs/nfs.ko
  STRIP   /home/potato/grafene/pomme/upstream/linux-hoolock/out/modules-staging/lib/modules/7.0.12-gdfa4d4208131-dirty/kernel/fs/nfs_common/nfs_acl.ko
  STRIP   /home/potato/grafene/pomme/upstream/linux-hoolock/out/modules-staging/lib/modules/7.0.12-gdfa4d4208131-dirty/kernel/fs/nls/nls_ucs2_utils.ko
  STRIP   /home/potato/grafene/pomme/upstream/linux-hoolock/out/modules-staging/lib/modules/7.0.12-gdfa4d4208131-dirty/kernel/fs/nfs_common/grace.ko
  STRIP   /home/potato/grafene/pomme/upstream/linux-hoolock/out/modules-staging/lib/modules/7.0.12-gdfa4d4208131-dirty/kernel/fs/binfmt_misc.ko
  INSTALL /home/potato/grafene/pomme/upstream/linux-hoolock/out/modules-staging/lib/modules/7.0.12-gdfa4d4208131-dirty/kernel/fs/nfs/nfsv3.ko
  INSTALL /home/potato/grafene/pomme/upstream/linux-hoolock/out/modules-staging/lib/modules/7.0.12-gdfa4d4208131-dirty/kernel/fs/nfs/nfsv4.ko
  INSTALL /home/potato/grafene/pomme/upstream/linux-hoolock/out/modules-staging/lib/modules/7.0.12-gdfa4d4208131-dirty/kernel/fs/nfs/filelayout/nfs_layout_nfsv41_files.ko
  INSTALL /home/potato/grafene/pomme/upstream/linux-hoolock/out/modules-staging/lib/modules/7.0.12-gdfa4d4208131-dirty/kernel/fs/nfs/blocklayout/blocklayoutdriver.ko
  STRIP   /home/potato/grafene/pomme/upstream/linux-hoolock/out/modules-staging/lib/modules/7.0.12-gdfa4d4208131-dirty/kernel/fs/exfat/exfat.ko
  STRIP   /home/potato/grafene/pomme/upstream/linux-hoolock/out/modules-staging/lib/modules/7.0.12-gdfa4d4208131-dirty/kernel/fs/squashfs/squashfs.ko
  INSTALL /home/potato/grafene/pomme/upstream/linux-hoolock/out/modules-staging/lib/modules/7.0.12-gdfa4d4208131-dirty/kernel/fs/nfs/flexfilelayout/nfs_layout_flexfiles.ko
  INSTALL /home/potato/grafene/pomme/upstream/linux-hoolock/out/modules-staging/lib/modules/7.0.12-gdfa4d4208131-dirty/kernel/fs/nfsd/nfsd.ko
  STRIP   /home/potato/grafene/pomme/upstream/linux-hoolock/out/modules-staging/lib/modules/7.0.12-gdfa4d4208131-dirty/kernel/fs/nfs/filelayout/nfs_layout_nfsv41_files.ko
  STRIP   /home/potato/grafene/pomme/upstream/linux-hoolock/out/modules-staging/lib/modules/7.0.12-gdfa4d4208131-dirty/kernel/fs/nfs/nfsv3.ko
  INSTALL /home/potato/grafene/pomme/upstream/linux-hoolock/out/modules-staging/lib/modules/7.0.12-gdfa4d4208131-dirty/kernel/fs/lockd/lockd.ko
  INSTALL /home/potato/grafene/pomme/upstream/linux-hoolock/out/modules-staging/lib/modules/7.0.12-gdfa4d4208131-dirty/kernel/fs/smb/common/cifs_md4.ko
  STRIP   /home/potato/grafene/pomme/upstream/linux-hoolock/out/modules-staging/lib/modules/7.0.12-gdfa4d4208131-dirty/kernel/fs/netfs/netfs.ko
  INSTALL /home/potato/grafene/pomme/upstream/linux-hoolock/out/modules-staging/lib/modules/7.0.12-gdfa4d4208131-dirty/kernel/fs/smb/client/cifs.ko
  STRIP   /home/potato/grafene/pomme/upstream/linux-hoolock/out/modules-staging/lib/modules/7.0.12-gdfa4d4208131-dirty/kernel/fs/smb/common/cifs_md4.ko
  STRIP   /home/potato/grafene/pomme/upstream/linux-hoolock/out/modules-staging/lib/modules/7.0.12-gdfa4d4208131-dirty/kernel/fs/nfs/nfs.ko
  INSTALL /home/potato/grafene/pomme/upstream/linux-hoolock/out/modules-staging/lib/modules/7.0.12-gdfa4d4208131-dirty/kernel/fs/ntfs3/ntfs3.ko
  STRIP   /home/potato/grafene/pomme/upstream/linux-hoolock/out/modules-staging/lib/modules/7.0.12-gdfa4d4208131-dirty/kernel/fs/nfs/blocklayout/blocklayoutdriver.ko
  INSTALL /home/potato/grafene/pomme/upstream/linux-hoolock/out/modules-staging/lib/modules/7.0.12-gdfa4d4208131-dirty/kernel/fs/fuse/fuse.ko
  INSTALL /home/potato/grafene/pomme/upstream/linux-hoolock/out/modules-staging/lib/modules/7.0.12-gdfa4d4208131-dirty/kernel/fs/overlayfs/overlay.ko
  STRIP   /home/potato/grafene/pomme/upstream/linux-hoolock/out/modules-staging/lib/modules/7.0.12-gdfa4d4208131-dirty/kernel/fs/nfs/flexfilelayout/nfs_layout_flexfiles.ko
  STRIP   /home/potato/grafene/pomme/upstream/linux-hoolock/out/modules-staging/lib/modules/7.0.12-gdfa4d4208131-dirty/kernel/fs/lockd/lockd.ko
  INSTALL /home/potato/grafene/pomme/upstream/linux-hoolock/out/modules-staging/lib/modules/7.0.12-gdfa4d4208131-dirty/kernel/fs/udf/udf.ko
  INSTALL /home/potato/grafene/pomme/upstream/linux-hoolock/out/modules-staging/lib/modules/7.0.12-gdfa4d4208131-dirty/kernel/fs/xfs/xfs.ko
  STRIP   /home/potato/grafene/pomme/upstream/linux-hoolock/out/modules-staging/lib/modules/7.0.12-gdfa4d4208131-dirty/kernel/fs/ntfs3/ntfs3.ko
  INSTALL /home/potato/grafene/pomme/upstream/linux-hoolock/out/modules-staging/lib/modules/7.0.12-gdfa4d4208131-dirty/kernel/fs/cachefiles/cachefiles.ko
  STRIP   /home/potato/grafene/pomme/upstream/linux-hoolock/out/modules-staging/lib/modules/7.0.12-gdfa4d4208131-dirty/kernel/fs/nfs/nfsv4.ko
  STRIP   /home/potato/grafene/pomme/upstream/linux-hoolock/out/modules-staging/lib/modules/7.0.12-gdfa4d4208131-dirty/kernel/fs/overlayfs/overlay.ko
  STRIP   /home/potato/grafene/pomme/upstream/linux-hoolock/out/modules-staging/lib/modules/7.0.12-gdfa4d4208131-dirty/kernel/fs/fuse/fuse.ko
  STRIP   /home/potato/grafene/pomme/upstream/linux-hoolock/out/modules-staging/lib/modules/7.0.12-gdfa4d4208131-dirty/kernel/fs/nfsd/nfsd.ko
  STRIP   /home/potato/grafene/pomme/upstream/linux-hoolock/out/modules-staging/lib/modules/7.0.12-gdfa4d4208131-dirty/kernel/fs/udf/udf.ko
  INSTALL /home/potato/grafene/pomme/upstream/linux-hoolock/out/modules-staging/lib/modules/7.0.12-gdfa4d4208131-dirty/kernel/fs/efivarfs/efivarfs.ko
  INSTALL /home/potato/grafene/pomme/upstream/linux-hoolock/out/modules-staging/lib/modules/7.0.12-gdfa4d4208131-dirty/kernel/fs/erofs/erofs.ko
  INSTALL /home/potato/grafene/pomme/upstream/linux-hoolock/out/modules-staging/lib/modules/7.0.12-gdfa4d4208131-dirty/kernel/crypto/asymmetric_keys/pkcs8_key_parser.ko
  INSTALL /home/potato/grafene/pomme/upstream/linux-hoolock/out/modules-staging/lib/modules/7.0.12-gdfa4d4208131-dirty/kernel/crypto/cmac.ko
  INSTALL /home/potato/grafene/pomme/upstream/linux-hoolock/out/modules-staging/lib/modules/7.0.12-gdfa4d4208131-dirty/kernel/crypto/md4.ko
  STRIP   /home/potato/grafene/pomme/upstream/linux-hoolock/out/modules-staging/lib/modules/7.0.12-gdfa4d4208131-dirty/kernel/crypto/cmac.ko
  STRIP   /home/potato/grafene/pomme/upstream/linux-hoolock/out/modules-staging/lib/modules/7.0.12-gdfa4d4208131-dirty/kernel/crypto/asymmetric_keys/pkcs8_key_parser.ko
  INSTALL /home/potato/grafene/pomme/upstream/linux-hoolock/out/modules-staging/lib/modules/7.0.12-gdfa4d4208131-dirty/kernel/crypto/des_generic.ko
  INSTALL /home/potato/grafene/pomme/upstream/linux-hoolock/out/modules-staging/lib/modules/7.0.12-gdfa4d4208131-dirty/kernel/crypto/camellia_generic.ko
  STRIP   /home/potato/grafene/pomme/upstream/linux-hoolock/out/modules-staging/lib/modules/7.0.12-gdfa4d4208131-dirty/kernel/fs/cachefiles/cachefiles.ko
  STRIP   /home/potato/grafene/pomme/upstream/linux-hoolock/out/modules-staging/lib/modules/7.0.12-gdfa4d4208131-dirty/kernel/fs/efivarfs/efivarfs.ko
  INSTALL /home/potato/grafene/pomme/upstream/linux-hoolock/out/modules-staging/lib/modules/7.0.12-gdfa4d4208131-dirty/kernel/crypto/algif_hash.ko
  STRIP   /home/potato/grafene/pomme/upstream/linux-hoolock/out/modules-staging/lib/modules/7.0.12-gdfa4d4208131-dirty/kernel/crypto/md4.ko
  INSTALL /home/potato/grafene/pomme/upstream/linux-hoolock/out/modules-staging/lib/modules/7.0.12-gdfa4d4208131-dirty/kernel/crypto/algif_skcipher.ko
  STRIP   /home/potato/grafene/pomme/upstream/linux-hoolock/out/modules-staging/lib/modules/7.0.12-gdfa4d4208131-dirty/kernel/fs/smb/client/cifs.ko
  STRIP   /home/potato/grafene/pomme/upstream/linux-hoolock/out/modules-staging/lib/modules/7.0.12-gdfa4d4208131-dirty/kernel/crypto/des_generic.ko
  STRIP   /home/potato/grafene/pomme/upstream/linux-hoolock/out/modules-staging/lib/modules/7.0.12-gdfa4d4208131-dirty/kernel/crypto/camellia_generic.ko
  INSTALL /home/potato/grafene/pomme/upstream/linux-hoolock/out/modules-staging/lib/modules/7.0.12-gdfa4d4208131-dirty/kernel/crypto/async_tx/async_tx.ko
  STRIP   /home/potato/grafene/pomme/upstream/linux-hoolock/out/modules-staging/lib/modules/7.0.12-gdfa4d4208131-dirty/kernel/fs/erofs/erofs.ko
  INSTALL /home/potato/grafene/pomme/upstream/linux-hoolock/out/modules-staging/lib/modules/7.0.12-gdfa4d4208131-dirty/kernel/crypto/async_tx/async_xor.ko
  STRIP   /home/potato/grafene/pomme/upstream/linux-hoolock/out/modules-staging/lib/modules/7.0.12-gdfa4d4208131-dirty/kernel/crypto/algif_skcipher.ko
  INSTALL /home/potato/grafene/pomme/upstream/linux-hoolock/out/modules-staging/lib/modules/7.0.12-gdfa4d4208131-dirty/kernel/block/bsg.ko
  INSTALL /home/potato/grafene/pomme/upstream/linux-hoolock/out/modules-staging/lib/modules/7.0.12-gdfa4d4208131-dirty/kernel/lib/crc/crc-itu-t.ko
  INSTALL /home/potato/grafene/pomme/upstream/linux-hoolock/out/modules-staging/lib/modules/7.0.12-gdfa4d4208131-dirty/kernel/lib/crypto/libarc4.ko
  STRIP   /home/potato/grafene/pomme/upstream/linux-hoolock/out/modules-staging/lib/modules/7.0.12-gdfa4d4208131-dirty/kernel/crypto/algif_hash.ko
  INSTALL /home/potato/grafene/pomme/upstream/linux-hoolock/out/modules-staging/lib/modules/7.0.12-gdfa4d4208131-dirty/kernel/lib/crypto/libchacha20poly1305.ko
  INSTALL /home/potato/grafene/pomme/upstream/linux-hoolock/out/modules-staging/lib/modules/7.0.12-gdfa4d4208131-dirty/kernel/lib/crypto/libcurve25519.ko
  STRIP   /home/potato/grafene/pomme/upstream/linux-hoolock/out/modules-staging/lib/modules/7.0.12-gdfa4d4208131-dirty/kernel/crypto/async_tx/async_tx.ko
  INSTALL /home/potato/grafene/pomme/upstream/linux-hoolock/out/modules-staging/lib/modules/7.0.12-gdfa4d4208131-dirty/kernel/lib/crypto/libdes.ko
  STRIP   /home/potato/grafene/pomme/upstream/linux-hoolock/out/modules-staging/lib/modules/7.0.12-gdfa4d4208131-dirty/kernel/block/bsg.ko
  STRIP   /home/potato/grafene/pomme/upstream/linux-hoolock/out/modules-staging/lib/modules/7.0.12-gdfa4d4208131-dirty/kernel/crypto/async_tx/async_xor.ko
  STRIP   /home/potato/grafene/pomme/upstream/linux-hoolock/out/modules-staging/lib/modules/7.0.12-gdfa4d4208131-dirty/kernel/lib/crc/crc-itu-t.ko
  STRIP   /home/potato/grafene/pomme/upstream/linux-hoolock/out/modules-staging/lib/modules/7.0.12-gdfa4d4208131-dirty/kernel/lib/crypto/libarc4.ko
  INSTALL /home/potato/grafene/pomme/upstream/linux-hoolock/out/modules-staging/lib/modules/7.0.12-gdfa4d4208131-dirty/kernel/lib/crypto/libpoly1305.ko
  INSTALL /home/potato/grafene/pomme/upstream/linux-hoolock/out/modules-staging/lib/modules/7.0.12-gdfa4d4208131-dirty/kernel/drivers/leds/trigger/ledtrig-timer.ko
  INSTALL /home/potato/grafene/pomme/upstream/linux-hoolock/out/modules-staging/lib/modules/7.0.12-gdfa4d4208131-dirty/kernel/drivers/leds/trigger/ledtrig-pattern.ko
  INSTALL /home/potato/grafene/pomme/upstream/linux-hoolock/out/modules-staging/lib/modules/7.0.12-gdfa4d4208131-dirty/kernel/drivers/leds/led-class.ko
  STRIP   /home/potato/grafene/pomme/upstream/linux-hoolock/out/modules-staging/lib/modules/7.0.12-gdfa4d4208131-dirty/kernel/lib/crypto/libchacha20poly1305.ko
  INSTALL /home/potato/grafene/pomme/upstream/linux-hoolock/out/modules-staging/lib/modules/7.0.12-gdfa4d4208131-dirty/kernel/drivers/leds/led-class-multicolor.ko
  STRIP   /home/potato/grafene/pomme/upstream/linux-hoolock/out/modules-staging/lib/modules/7.0.12-gdfa4d4208131-dirty/kernel/lib/crypto/libdes.ko
  STRIP   /home/potato/grafene/pomme/upstream/linux-hoolock/out/modules-staging/lib/modules/7.0.12-gdfa4d4208131-dirty/kernel/lib/crypto/libcurve25519.ko
  INSTALL /home/potato/grafene/pomme/upstream/linux-hoolock/out/modules-staging/lib/modules/7.0.12-gdfa4d4208131-dirty/kernel/drivers/video/backlight/lcd.ko
  STRIP   /home/potato/grafene/pomme/upstream/linux-hoolock/out/modules-staging/lib/modules/7.0.12-gdfa4d4208131-dirty/kernel/drivers/leds/trigger/ledtrig-pattern.ko
  INSTALL /home/potato/grafene/pomme/upstream/linux-hoolock/out/modules-staging/lib/modules/7.0.12-gdfa4d4208131-dirty/kernel/drivers/tty/ttynull.ko
  STRIP   /home/potato/grafene/pomme/upstream/linux-hoolock/out/modules-staging/lib/modules/7.0.12-gdfa4d4208131-dirty/kernel/lib/crypto/libpoly1305.ko
  STRIP   /home/potato/grafene/pomme/upstream/linux-hoolock/out/modules-staging/lib/modules/7.0.12-gdfa4d4208131-dirty/kernel/drivers/leds/trigger/ledtrig-timer.ko
  STRIP   /home/potato/grafene/pomme/upstream/linux-hoolock/out/modules-staging/lib/modules/7.0.12-gdfa4d4208131-dirty/kernel/drivers/leds/led-class.ko
  STRIP   /home/potato/grafene/pomme/upstream/linux-hoolock/out/modules-staging/lib/modules/7.0.12-gdfa4d4208131-dirty/kernel/drivers/leds/led-class-multicolor.ko
  INSTALL /home/potato/grafene/pomme/upstream/linux-hoolock/out/modules-staging/lib/modules/7.0.12-gdfa4d4208131-dirty/kernel/drivers/char/hw_random/virtio-rng.ko
  STRIP   /home/potato/grafene/pomme/upstream/linux-hoolock/out/modules-staging/lib/modules/7.0.12-gdfa4d4208131-dirty/kernel/drivers/video/backlight/lcd.ko
  INSTALL /home/potato/grafene/pomme/upstream/linux-hoolock/out/modules-staging/lib/modules/7.0.12-gdfa4d4208131-dirty/kernel/drivers/gpu/drm/udl/udl.ko
  INSTALL /home/potato/grafene/pomme/upstream/linux-hoolock/out/modules-staging/lib/modules/7.0.12-gdfa4d4208131-dirty/kernel/drivers/block/nbd.ko
  STRIP   /home/potato/grafene/pomme/upstream/linux-hoolock/out/modules-staging/lib/modules/7.0.12-gdfa4d4208131-dirty/kernel/drivers/tty/ttynull.ko
  INSTALL /home/potato/grafene/pomme/upstream/linux-hoolock/out/modules-staging/lib/modules/7.0.12-gdfa4d4208131-dirty/kernel/drivers/block/ublk_drv.ko
  INSTALL /home/potato/grafene/pomme/upstream/linux-hoolock/out/modules-staging/lib/modules/7.0.12-gdfa4d4208131-dirty/kernel/drivers/misc/enclosure.ko
  INSTALL /home/potato/grafene/pomme/upstream/linux-hoolock/out/modules-staging/lib/modules/7.0.12-gdfa4d4208131-dirty/kernel/drivers/misc/hmc6352.ko
  INSTALL /home/potato/grafene/pomme/upstream/linux-hoolock/out/modules-staging/lib/modules/7.0.12-gdfa4d4208131-dirty/kernel/drivers/misc/ntsync.ko
  STRIP   /home/potato/grafene/pomme/upstream/linux-hoolock/out/modules-staging/lib/modules/7.0.12-gdfa4d4208131-dirty/kernel/drivers/char/hw_random/virtio-rng.ko
  INSTALL /home/potato/grafene/pomme/upstream/linux-hoolock/out/modules-staging/lib/modules/7.0.12-gdfa4d4208131-dirty/kernel/drivers/misc/hi6421v600-irq.ko
  STRIP   /home/potato/grafene/pomme/upstream/linux-hoolock/out/modules-staging/lib/modules/7.0.12-gdfa4d4208131-dirty/kernel/drivers/misc/enclosure.ko
  STRIP   /home/potato/grafene/pomme/upstream/linux-hoolock/out/modules-staging/lib/modules/7.0.12-gdfa4d4208131-dirty/kernel/drivers/misc/hmc6352.ko
  STRIP   /home/potato/grafene/pomme/upstream/linux-hoolock/out/modules-staging/lib/modules/7.0.12-gdfa4d4208131-dirty/kernel/drivers/block/ublk_drv.ko
  INSTALL /home/potato/grafene/pomme/upstream/linux-hoolock/out/modules-staging/lib/modules/7.0.12-gdfa4d4208131-dirty/kernel/drivers/scsi/scsi_mod.ko
  INSTALL /home/potato/grafene/pomme/upstream/linux-hoolock/out/modules-staging/lib/modules/7.0.12-gdfa4d4208131-dirty/kernel/drivers/scsi/scsi_common.ko
  STRIP   /home/potato/grafene/pomme/upstream/linux-hoolock/out/modules-staging/lib/modules/7.0.12-gdfa4d4208131-dirty/kernel/drivers/misc/ntsync.ko
  STRIP   /home/potato/grafene/pomme/upstream/linux-hoolock/out/modules-staging/lib/modules/7.0.12-gdfa4d4208131-dirty/kernel/drivers/misc/hi6421v600-irq.ko
  INSTALL /home/potato/grafene/pomme/upstream/linux-hoolock/out/modules-staging/lib/modules/7.0.12-gdfa4d4208131-dirty/kernel/drivers/net/phy/mdio-bus.ko
  STRIP   /home/potato/grafene/pomme/upstream/linux-hoolock/out/modules-staging/lib/modules/7.0.12-gdfa4d4208131-dirty/kernel/drivers/gpu/drm/udl/udl.ko
  STRIP   /home/potato/grafene/pomme/upstream/linux-hoolock/out/modules-staging/lib/modules/7.0.12-gdfa4d4208131-dirty/kernel/drivers/block/nbd.ko
  STRIP   /home/potato/grafene/pomme/upstream/linux-hoolock/out/modules-staging/lib/modules/7.0.12-gdfa4d4208131-dirty/kernel/fs/xfs/xfs.ko
  STRIP   /home/potato/grafene/pomme/upstream/linux-hoolock/out/modules-staging/lib/modules/7.0.12-gdfa4d4208131-dirty/kernel/drivers/scsi/scsi_common.ko
  INSTALL /home/potato/grafene/pomme/upstream/linux-hoolock/out/modules-staging/lib/modules/7.0.12-gdfa4d4208131-dirty/kernel/drivers/net/phy/phylink.ko
  INSTALL /home/potato/grafene/pomme/upstream/linux-hoolock/out/modules-staging/lib/modules/7.0.12-gdfa4d4208131-dirty/kernel/drivers/net/phy/libphy.ko
  INSTALL /home/potato/grafene/pomme/upstream/linux-hoolock/out/modules-staging/lib/modules/7.0.12-gdfa4d4208131-dirty/kernel/drivers/net/phy/mdio_devres.ko
  INSTALL /home/potato/grafene/pomme/upstream/linux-hoolock/out/modules-staging/lib/modules/7.0.12-gdfa4d4208131-dirty/kernel/drivers/net/phy/ax88796b.ko
  INSTALL /home/potato/grafene/pomme/upstream/linux-hoolock/out/modules-staging/lib/modules/7.0.12-gdfa4d4208131-dirty/kernel/drivers/net/phy/fixed_phy.ko
  STRIP   /home/potato/grafene/pomme/upstream/linux-hoolock/out/modules-staging/lib/modules/7.0.12-gdfa4d4208131-dirty/kernel/drivers/net/phy/mdio-bus.ko
  STRIP   /home/potato/grafene/pomme/upstream/linux-hoolock/out/modules-staging/lib/modules/7.0.12-gdfa4d4208131-dirty/kernel/drivers/net/phy/phylink.ko
  STRIP   /home/potato/grafene/pomme/upstream/linux-hoolock/out/modules-staging/lib/modules/7.0.12-gdfa4d4208131-dirty/kernel/drivers/net/phy/ax88796b.ko
  STRIP   /home/potato/grafene/pomme/upstream/linux-hoolock/out/modules-staging/lib/modules/7.0.12-gdfa4d4208131-dirty/kernel/drivers/net/phy/mdio_devres.ko
  STRIP   /home/potato/grafene/pomme/upstream/linux-hoolock/out/modules-staging/lib/modules/7.0.12-gdfa4d4208131-dirty/kernel/drivers/net/phy/fixed_phy.ko
  STRIP   /home/potato/grafene/pomme/upstream/linux-hoolock/out/modules-staging/lib/modules/7.0.12-gdfa4d4208131-dirty/kernel/drivers/scsi/scsi_mod.ko
  INSTALL /home/potato/grafene/pomme/upstream/linux-hoolock/out/modules-staging/lib/modules/7.0.12-gdfa4d4208131-dirty/kernel/drivers/net/mdio/fwnode_mdio.ko
  INSTALL /home/potato/grafene/pomme/upstream/linux-hoolock/out/modules-staging/lib/modules/7.0.12-gdfa4d4208131-dirty/kernel/drivers/net/mdio/of_mdio.ko
  INSTALL /home/potato/grafene/pomme/upstream/linux-hoolock/out/modules-staging/lib/modules/7.0.12-gdfa4d4208131-dirty/kernel/drivers/net/ipvlan/ipvlan.ko
  INSTALL /home/potato/grafene/pomme/upstream/linux-hoolock/out/modules-staging/lib/modules/7.0.12-gdfa4d4208131-dirty/kernel/drivers/net/dummy.ko
  INSTALL /home/potato/grafene/pomme/upstream/linux-hoolock/out/modules-staging/lib/modules/7.0.12-gdfa4d4208131-dirty/kernel/drivers/net/wireguard/wireguard.ko
  STRIP   /home/potato/grafene/pomme/upstream/linux-hoolock/out/modules-staging/lib/modules/7.0.12-gdfa4d4208131-dirty/kernel/drivers/net/phy/libphy.ko
  INSTALL /home/potato/grafene/pomme/upstream/linux-hoolock/out/modules-staging/lib/modules/7.0.12-gdfa4d4208131-dirty/kernel/drivers/net/macvlan.ko
  STRIP   /home/potato/grafene/pomme/upstream/linux-hoolock/out/modules-staging/lib/modules/7.0.12-gdfa4d4208131-dirty/kernel/drivers/net/mdio/fwnode_mdio.ko
  STRIP   /home/potato/grafene/pomme/upstream/linux-hoolock/out/modules-staging/lib/modules/7.0.12-gdfa4d4208131-dirty/kernel/drivers/net/mdio/of_mdio.ko
  STRIP   /home/potato/grafene/pomme/upstream/linux-hoolock/out/modules-staging/lib/modules/7.0.12-gdfa4d4208131-dirty/kernel/drivers/net/dummy.ko
  INSTALL /home/potato/grafene/pomme/upstream/linux-hoolock/out/modules-staging/lib/modules/7.0.12-gdfa4d4208131-dirty/kernel/drivers/net/mii.ko
  INSTALL /home/potato/grafene/pomme/upstream/linux-hoolock/out/modules-staging/lib/modules/7.0.12-gdfa4d4208131-dirty/kernel/drivers/net/tun.ko
  INSTALL /home/potato/grafene/pomme/upstream/linux-hoolock/out/modules-staging/lib/modules/7.0.12-gdfa4d4208131-dirty/kernel/drivers/net/veth.ko
  INSTALL /home/potato/grafene/pomme/upstream/linux-hoolock/out/modules-staging/lib/modules/7.0.12-gdfa4d4208131-dirty/kernel/drivers/net/vxlan/vxlan.ko
  INSTALL /home/potato/grafene/pomme/upstream/linux-hoolock/out/modules-staging/lib/modules/7.0.12-gdfa4d4208131-dirty/kernel/drivers/net/usb/r8152.ko
  STRIP   /home/potato/grafene/pomme/upstream/linux-hoolock/out/modules-staging/lib/modules/7.0.12-gdfa4d4208131-dirty/kernel/drivers/net/ipvlan/ipvlan.ko
  INSTALL /home/potato/grafene/pomme/upstream/linux-hoolock/out/modules-staging/lib/modules/7.0.12-gdfa4d4208131-dirty/kernel/drivers/net/usb/asix.ko
  STRIP   /home/potato/grafene/pomme/upstream/linux-hoolock/out/modules-staging/lib/modules/7.0.12-gdfa4d4208131-dirty/kernel/drivers/net/macvlan.ko
  INSTALL /home/potato/grafene/pomme/upstream/linux-hoolock/out/modules-staging/lib/modules/7.0.12-gdfa4d4208131-dirty/kernel/drivers/net/usb/ax88179_178a.ko
  STRIP   /home/potato/grafene/pomme/upstream/linux-hoolock/out/modules-staging/lib/modules/7.0.12-gdfa4d4208131-dirty/kernel/drivers/net/mii.ko
  INSTALL /home/potato/grafene/pomme/upstream/linux-hoolock/out/modules-staging/lib/modules/7.0.12-gdfa4d4208131-dirty/kernel/drivers/net/usb/cdc_ether.ko
  STRIP   /home/potato/grafene/pomme/upstream/linux-hoolock/out/modules-staging/lib/modules/7.0.12-gdfa4d4208131-dirty/kernel/drivers/net/veth.ko
  STRIP   /home/potato/grafene/pomme/upstream/linux-hoolock/out/modules-staging/lib/modules/7.0.12-gdfa4d4208131-dirty/kernel/drivers/net/usb/ax88179_178a.ko
  INSTALL /home/potato/grafene/pomme/upstream/linux-hoolock/out/modules-staging/lib/modules/7.0.12-gdfa4d4208131-dirty/kernel/drivers/net/usb/net1080.ko
  STRIP   /home/potato/grafene/pomme/upstream/linux-hoolock/out/modules-staging/lib/modules/7.0.12-gdfa4d4208131-dirty/kernel/drivers/net/usb/r8152.ko
  STRIP   /home/potato/grafene/pomme/upstream/linux-hoolock/out/modules-staging/lib/modules/7.0.12-gdfa4d4208131-dirty/kernel/drivers/net/wireguard/wireguard.ko
  INSTALL /home/potato/grafene/pomme/upstream/linux-hoolock/out/modules-staging/lib/modules/7.0.12-gdfa4d4208131-dirty/kernel/drivers/net/usb/rndis_host.ko
  STRIP   /home/potato/grafene/pomme/upstream/linux-hoolock/out/modules-staging/lib/modules/7.0.12-gdfa4d4208131-dirty/kernel/drivers/net/tun.ko
  STRIP   /home/potato/grafene/pomme/upstream/linux-hoolock/out/modules-staging/lib/modules/7.0.12-gdfa4d4208131-dirty/kernel/drivers/net/usb/cdc_ether.ko
  INSTALL /home/potato/grafene/pomme/upstream/linux-hoolock/out/modules-staging/lib/modules/7.0.12-gdfa4d4208131-dirty/kernel/drivers/net/usb/cdc_subset.ko
  INSTALL /home/potato/grafene/pomme/upstream/linux-hoolock/out/modules-staging/lib/modules/7.0.12-gdfa4d4208131-dirty/kernel/drivers/net/usb/zaurus.ko
  INSTALL /home/potato/grafene/pomme/upstream/linux-hoolock/out/modules-staging/lib/modules/7.0.12-gdfa4d4208131-dirty/kernel/drivers/net/usb/usbnet.ko
  INSTALL /home/potato/grafene/pomme/upstream/linux-hoolock/out/modules-staging/lib/modules/7.0.12-gdfa4d4208131-dirty/kernel/drivers/net/usb/cdc_ncm.ko
  STRIP   /home/potato/grafene/pomme/upstream/linux-hoolock/out/modules-staging/lib/modules/7.0.12-gdfa4d4208131-dirty/kernel/drivers/net/usb/asix.ko
  STRIP   /home/potato/grafene/pomme/upstream/linux-hoolock/out/modules-staging/lib/modules/7.0.12-gdfa4d4208131-dirty/kernel/drivers/net/vxlan/vxlan.ko
  INSTALL /home/potato/grafene/pomme/upstream/linux-hoolock/out/modules-staging/lib/modules/7.0.12-gdfa4d4208131-dirty/kernel/drivers/net/usb/r8153_ecm.ko
  INSTALL /home/potato/grafene/pomme/upstream/linux-hoolock/out/modules-staging/lib/modules/7.0.12-gdfa4d4208131-dirty/kernel/drivers/usb/storage/uas.ko
  STRIP   /home/potato/grafene/pomme/upstream/linux-hoolock/out/modules-staging/lib/modules/7.0.12-gdfa4d4208131-dirty/kernel/drivers/net/usb/net1080.ko
  STRIP   /home/potato/grafene/pomme/upstream/linux-hoolock/out/modules-staging/lib/modules/7.0.12-gdfa4d4208131-dirty/kernel/drivers/net/usb/zaurus.ko
  STRIP   /home/potato/grafene/pomme/upstream/linux-hoolock/out/modules-staging/lib/modules/7.0.12-gdfa4d4208131-dirty/kernel/drivers/net/usb/rndis_host.ko
  STRIP   /home/potato/grafene/pomme/upstream/linux-hoolock/out/modules-staging/lib/modules/7.0.12-gdfa4d4208131-dirty/kernel/drivers/net/usb/cdc_subset.ko
  INSTALL /home/potato/grafene/pomme/upstream/linux-hoolock/out/modules-staging/lib/modules/7.0.12-gdfa4d4208131-dirty/kernel/drivers/usb/storage/usb-storage.ko
  STRIP   /home/potato/grafene/pomme/upstream/linux-hoolock/out/modules-staging/lib/modules/7.0.12-gdfa4d4208131-dirty/kernel/drivers/net/usb/usbnet.ko
  INSTALL /home/potato/grafene/pomme/upstream/linux-hoolock/out/modules-staging/lib/modules/7.0.12-gdfa4d4208131-dirty/kernel/drivers/usb/gadget/function/usb_f_serial.ko
  INSTALL /home/potato/grafene/pomme/upstream/linux-hoolock/out/modules-staging/lib/modules/7.0.12-gdfa4d4208131-dirty/kernel/drivers/usb/gadget/function/usb_f_ncm.ko
  STRIP   /home/potato/grafene/pomme/upstream/linux-hoolock/out/modules-staging/lib/modules/7.0.12-gdfa4d4208131-dirty/kernel/drivers/net/usb/cdc_ncm.ko
  STRIP   /home/potato/grafene/pomme/upstream/linux-hoolock/out/modules-staging/lib/modules/7.0.12-gdfa4d4208131-dirty/kernel/drivers/net/usb/r8153_ecm.ko
  STRIP   /home/potato/grafene/pomme/upstream/linux-hoolock/out/modules-staging/lib/modules/7.0.12-gdfa4d4208131-dirty/kernel/drivers/usb/storage/uas.ko
  INSTALL /home/potato/grafene/pomme/upstream/linux-hoolock/out/modules-staging/lib/modules/7.0.12-gdfa4d4208131-dirty/kernel/drivers/usb/gadget/function/usb_f_eem.ko
  INSTALL /home/potato/grafene/pomme/upstream/linux-hoolock/out/modules-staging/lib/modules/7.0.12-gdfa4d4208131-dirty/kernel/drivers/usb/gadget/function/usb_f_rndis.ko
  INSTALL /home/potato/grafene/pomme/upstream/linux-hoolock/out/modules-staging/lib/modules/7.0.12-gdfa4d4208131-dirty/kernel/drivers/usb/gadget/function/usb_f_fs.ko
  INSTALL /home/potato/grafene/pomme/upstream/linux-hoolock/out/modules-staging/lib/modules/7.0.12-gdfa4d4208131-dirty/kernel/drivers/usb/class/usblp.ko
  INSTALL /home/potato/grafene/pomme/upstream/linux-hoolock/out/modules-staging/lib/modules/7.0.12-gdfa4d4208131-dirty/kernel/drivers/usb/serial/usbserial.ko
  STRIP   /home/potato/grafene/pomme/upstream/linux-hoolock/out/modules-staging/lib/modules/7.0.12-gdfa4d4208131-dirty/kernel/drivers/usb/gadget/function/usb_f_ncm.ko
  STRIP   /home/potato/grafene/pomme/upstream/linux-hoolock/out/modules-staging/lib/modules/7.0.12-gdfa4d4208131-dirty/kernel/drivers/usb/gadget/function/usb_f_eem.ko
  STRIP   /home/potato/grafene/pomme/upstream/linux-hoolock/out/modules-staging/lib/modules/7.0.12-gdfa4d4208131-dirty/kernel/drivers/usb/gadget/function/usb_f_serial.ko
  STRIP   /home/potato/grafene/pomme/upstream/linux-hoolock/out/modules-staging/lib/modules/7.0.12-gdfa4d4208131-dirty/kernel/drivers/usb/class/usblp.ko
  STRIP   /home/potato/grafene/pomme/upstream/linux-hoolock/out/modules-staging/lib/modules/7.0.12-gdfa4d4208131-dirty/kernel/drivers/usb/gadget/function/usb_f_fs.ko
  STRIP   /home/potato/grafene/pomme/upstream/linux-hoolock/out/modules-staging/lib/modules/7.0.12-gdfa4d4208131-dirty/kernel/drivers/usb/gadget/function/usb_f_rndis.ko
  INSTALL /home/potato/grafene/pomme/upstream/linux-hoolock/out/modules-staging/lib/modules/7.0.12-gdfa4d4208131-dirty/kernel/drivers/usb/serial/cp210x.ko
  INSTALL /home/potato/grafene/pomme/upstream/linux-hoolock/out/modules-staging/lib/modules/7.0.12-gdfa4d4208131-dirty/kernel/drivers/usb/serial/usb-serial-simple.ko
  INSTALL /home/potato/grafene/pomme/upstream/linux-hoolock/out/modules-staging/lib/modules/7.0.12-gdfa4d4208131-dirty/kernel/drivers/input/joystick/xpad.ko
  INSTALL /home/potato/grafene/pomme/upstream/linux-hoolock/out/modules-staging/lib/modules/7.0.12-gdfa4d4208131-dirty/kernel/drivers/input/ff-memless.ko
  INSTALL /home/potato/grafene/pomme/upstream/linux-hoolock/out/modules-staging/lib/modules/7.0.12-gdfa4d4208131-dirty/kernel/drivers/input/vivaldi-fmap.ko
  STRIP   /home/potato/grafene/pomme/upstream/linux-hoolock/out/modules-staging/lib/modules/7.0.12-gdfa4d4208131-dirty/kernel/drivers/usb/storage/usb-storage.ko
  INSTALL /home/potato/grafene/pomme/upstream/linux-hoolock/out/modules-staging/lib/modules/7.0.12-gdfa4d4208131-dirty/kernel/drivers/input/input-leds.ko
  STRIP   /home/potato/grafene/pomme/upstream/linux-hoolock/out/modules-staging/lib/modules/7.0.12-gdfa4d4208131-dirty/kernel/drivers/usb/serial/usbserial.ko
  STRIP   /home/potato/grafene/pomme/upstream/linux-hoolock/out/modules-staging/lib/modules/7.0.12-gdfa4d4208131-dirty/kernel/drivers/usb/serial/cp210x.ko
  STRIP   /home/potato/grafene/pomme/upstream/linux-hoolock/out/modules-staging/lib/modules/7.0.12-gdfa4d4208131-dirty/kernel/drivers/usb/serial/usb-serial-simple.ko
  INSTALL /home/potato/grafene/pomme/upstream/linux-hoolock/out/modules-staging/lib/modules/7.0.12-gdfa4d4208131-dirty/kernel/drivers/input/evdev.ko
  STRIP   /home/potato/grafene/pomme/upstream/linux-hoolock/out/modules-staging/lib/modules/7.0.12-gdfa4d4208131-dirty/kernel/drivers/input/joystick/xpad.ko
  INSTALL /home/potato/grafene/pomme/upstream/linux-hoolock/out/modules-staging/lib/modules/7.0.12-gdfa4d4208131-dirty/kernel/drivers/input/rmi4/rmi_core.ko
  STRIP   /home/potato/grafene/pomme/upstream/linux-hoolock/out/modules-staging/lib/modules/7.0.12-gdfa4d4208131-dirty/kernel/drivers/input/vivaldi-fmap.ko
  STRIP   /home/potato/grafene/pomme/upstream/linux-hoolock/out/modules-staging/lib/modules/7.0.12-gdfa4d4208131-dirty/kernel/drivers/input/input-leds.ko
  STRIP   /home/potato/grafene/pomme/upstream/linux-hoolock/out/modules-staging/lib/modules/7.0.12-gdfa4d4208131-dirty/kernel/drivers/input/ff-memless.ko
  INSTALL /home/potato/grafene/pomme/upstream/linux-hoolock/out/modules-staging/lib/modules/7.0.12-gdfa4d4208131-dirty/kernel/drivers/md/dm-bufio.ko
  INSTALL /home/potato/grafene/pomme/upstream/linux-hoolock/out/modules-staging/lib/modules/7.0.12-gdfa4d4208131-dirty/kernel/drivers/md/dm-bio-prison.ko
  STRIP   /home/potato/grafene/pomme/upstream/linux-hoolock/out/modules-staging/lib/modules/7.0.12-gdfa4d4208131-dirty/kernel/drivers/input/evdev.ko
  INSTALL /home/potato/grafene/pomme/upstream/linux-hoolock/out/modules-staging/lib/modules/7.0.12-gdfa4d4208131-dirty/kernel/drivers/md/persistent-data/dm-persistent-data.ko
  INSTALL /home/potato/grafene/pomme/upstream/linux-hoolock/out/modules-staging/lib/modules/7.0.12-gdfa4d4208131-dirty/kernel/drivers/md/dm-thin-pool.ko
  INSTALL /home/potato/grafene/pomme/upstream/linux-hoolock/out/modules-staging/lib/modules/7.0.12-gdfa4d4208131-dirty/kernel/drivers/md/dm-verity.ko
  INSTALL /home/potato/grafene/pomme/upstream/linux-hoolock/out/modules-staging/lib/modules/7.0.12-gdfa4d4208131-dirty/kernel/drivers/md/dm-integrity.ko
  INSTALL /home/potato/grafene/pomme/upstream/linux-hoolock/out/modules-staging/lib/modules/7.0.12-gdfa4d4208131-dirty/kernel/drivers/accessibility/speakup/speakup_acntsa.ko
  STRIP   /home/potato/grafene/pomme/upstream/linux-hoolock/out/modules-staging/lib/modules/7.0.12-gdfa4d4208131-dirty/kernel/drivers/input/rmi4/rmi_core.ko
  STRIP   /home/potato/grafene/pomme/upstream/linux-hoolock/out/modules-staging/lib/modules/7.0.12-gdfa4d4208131-dirty/kernel/drivers/md/dm-bio-prison.ko
  STRIP   /home/potato/grafene/pomme/upstream/linux-hoolock/out/modules-staging/lib/modules/7.0.12-gdfa4d4208131-dirty/kernel/drivers/md/dm-bufio.ko
  STRIP   /home/potato/grafene/pomme/upstream/linux-hoolock/out/modules-staging/lib/modules/7.0.12-gdfa4d4208131-dirty/kernel/drivers/md/dm-verity.ko
  INSTALL /home/potato/grafene/pomme/upstream/linux-hoolock/out/modules-staging/lib/modules/7.0.12-gdfa4d4208131-dirty/kernel/drivers/accessibility/speakup/speakup_apollo.ko
  INSTALL /home/potato/grafene/pomme/upstream/linux-hoolock/out/modules-staging/lib/modules/7.0.12-gdfa4d4208131-dirty/kernel/drivers/accessibility/speakup/speakup_audptr.ko
  STRIP   /home/potato/grafene/pomme/upstream/linux-hoolock/out/modules-staging/lib/modules/7.0.12-gdfa4d4208131-dirty/kernel/drivers/accessibility/speakup/speakup_acntsa.ko
  INSTALL /home/potato/grafene/pomme/upstream/linux-hoolock/out/modules-staging/lib/modules/7.0.12-gdfa4d4208131-dirty/kernel/drivers/accessibility/speakup/speakup_bns.ko
  STRIP   /home/potato/grafene/pomme/upstream/linux-hoolock/out/modules-staging/lib/modules/7.0.12-gdfa4d4208131-dirty/kernel/drivers/md/persistent-data/dm-persistent-data.ko
  INSTALL /home/potato/grafene/pomme/upstream/linux-hoolock/out/modules-staging/lib/modules/7.0.12-gdfa4d4208131-dirty/kernel/drivers/accessibility/speakup/speakup_dectlk.ko
  STRIP   /home/potato/grafene/pomme/upstream/linux-hoolock/out/modules-staging/lib/modules/7.0.12-gdfa4d4208131-dirty/kernel/drivers/md/dm-integrity.ko
  INSTALL /home/potato/grafene/pomme/upstream/linux-hoolock/out/modules-staging/lib/modules/7.0.12-gdfa4d4208131-dirty/kernel/drivers/accessibility/speakup/speakup_decext.ko
  STRIP   /home/potato/grafene/pomme/upstream/linux-hoolock/out/modules-staging/lib/modules/7.0.12-gdfa4d4208131-dirty/kernel/drivers/md/dm-thin-pool.ko
  STRIP   /home/potato/grafene/pomme/upstream/linux-hoolock/out/modules-staging/lib/modules/7.0.12-gdfa4d4208131-dirty/kernel/drivers/accessibility/speakup/speakup_audptr.ko
  STRIP   /home/potato/grafene/pomme/upstream/linux-hoolock/out/modules-staging/lib/modules/7.0.12-gdfa4d4208131-dirty/kernel/drivers/accessibility/speakup/speakup_bns.ko
  STRIP   /home/potato/grafene/pomme/upstream/linux-hoolock/out/modules-staging/lib/modules/7.0.12-gdfa4d4208131-dirty/kernel/drivers/accessibility/speakup/speakup_apollo.ko
  INSTALL /home/potato/grafene/pomme/upstream/linux-hoolock/out/modules-staging/lib/modules/7.0.12-gdfa4d4208131-dirty/kernel/drivers/accessibility/speakup/speakup_ltlk.ko
  INSTALL /home/potato/grafene/pomme/upstream/linux-hoolock/out/modules-staging/lib/modules/7.0.12-gdfa4d4208131-dirty/kernel/drivers/accessibility/speakup/speakup_soft.ko
  INSTALL /home/potato/grafene/pomme/upstream/linux-hoolock/out/modules-staging/lib/modules/7.0.12-gdfa4d4208131-dirty/kernel/drivers/accessibility/speakup/speakup_spkout.ko
  INSTALL /home/potato/grafene/pomme/upstream/linux-hoolock/out/modules-staging/lib/modules/7.0.12-gdfa4d4208131-dirty/kernel/drivers/accessibility/speakup/speakup_txprt.ko
  INSTALL /home/potato/grafene/pomme/upstream/linux-hoolock/out/modules-staging/lib/modules/7.0.12-gdfa4d4208131-dirty/kernel/drivers/accessibility/speakup/speakup.ko
  INSTALL /home/potato/grafene/pomme/upstream/linux-hoolock/out/modules-staging/lib/modules/7.0.12-gdfa4d4208131-dirty/kernel/drivers/hid/uhid.ko
  STRIP   /home/potato/grafene/pomme/upstream/linux-hoolock/out/modules-staging/lib/modules/7.0.12-gdfa4d4208131-dirty/kernel/drivers/accessibility/speakup/speakup_dectlk.ko
  STRIP   /home/potato/grafene/pomme/upstream/linux-hoolock/out/modules-staging/lib/modules/7.0.12-gdfa4d4208131-dirty/kernel/drivers/accessibility/speakup/speakup_decext.ko
  INSTALL /home/potato/grafene/pomme/upstream/linux-hoolock/out/modules-staging/lib/modules/7.0.12-gdfa4d4208131-dirty/kernel/drivers/hid/hid-generic.ko
  INSTALL /home/potato/grafene/pomme/upstream/linux-hoolock/out/modules-staging/lib/modules/7.0.12-gdfa4d4208131-dirty/kernel/drivers/hid/hid-a4tech.ko
  STRIP   /home/potato/grafene/pomme/upstream/linux-hoolock/out/modules-staging/lib/modules/7.0.12-gdfa4d4208131-dirty/kernel/drivers/accessibility/speakup/speakup_soft.ko
  STRIP   /home/potato/grafene/pomme/upstream/linux-hoolock/out/modules-staging/lib/modules/7.0.12-gdfa4d4208131-dirty/kernel/drivers/accessibility/speakup/speakup_spkout.ko
  INSTALL /home/potato/grafene/pomme/upstream/linux-hoolock/out/modules-staging/lib/modules/7.0.12-gdfa4d4208131-dirty/kernel/drivers/hid/hid-accutouch.ko
  INSTALL /home/potato/grafene/pomme/upstream/linux-hoolock/out/modules-staging/lib/modules/7.0.12-gdfa4d4208131-dirty/kernel/drivers/hid/hid-alps.ko
  STRIP   /home/potato/grafene/pomme/upstream/linux-hoolock/out/modules-staging/lib/modules/7.0.12-gdfa4d4208131-dirty/kernel/drivers/accessibility/speakup/speakup_ltlk.ko
  STRIP   /home/potato/grafene/pomme/upstream/linux-hoolock/out/modules-staging/lib/modules/7.0.12-gdfa4d4208131-dirty/kernel/drivers/hid/hid-generic.ko
  STRIP   /home/potato/grafene/pomme/upstream/linux-hoolock/out/modules-staging/lib/modules/7.0.12-gdfa4d4208131-dirty/kernel/drivers/hid/hid-a4tech.ko
  STRIP   /home/potato/grafene/pomme/upstream/linux-hoolock/out/modules-staging/lib/modules/7.0.12-gdfa4d4208131-dirty/kernel/drivers/hid/uhid.ko
  STRIP   /home/potato/grafene/pomme/upstream/linux-hoolock/out/modules-staging/lib/modules/7.0.12-gdfa4d4208131-dirty/kernel/drivers/accessibility/speakup/speakup_txprt.ko
  INSTALL /home/potato/grafene/pomme/upstream/linux-hoolock/out/modules-staging/lib/modules/7.0.12-gdfa4d4208131-dirty/kernel/drivers/hid/hid-axff.ko
  INSTALL /home/potato/grafene/pomme/upstream/linux-hoolock/out/modules-staging/lib/modules/7.0.12-gdfa4d4208131-dirty/kernel/drivers/hid/hid-apple.ko
  INSTALL /home/potato/grafene/pomme/upstream/linux-hoolock/out/modules-staging/lib/modules/7.0.12-gdfa4d4208131-dirty/kernel/drivers/hid/hid-appleir.ko
  INSTALL /home/potato/grafene/pomme/upstream/linux-hoolock/out/modules-staging/lib/modules/7.0.12-gdfa4d4208131-dirty/kernel/drivers/hid/hid-creative-sb0540.ko
  INSTALL /home/potato/grafene/pomme/upstream/linux-hoolock/out/modules-staging/lib/modules/7.0.12-gdfa4d4208131-dirty/kernel/drivers/hid/hid-aureal.ko
  STRIP   /home/potato/grafene/pomme/upstream/linux-hoolock/out/modules-staging/lib/modules/7.0.12-gdfa4d4208131-dirty/kernel/drivers/hid/hid-accutouch.ko
  STRIP   /home/potato/grafene/pomme/upstream/linux-hoolock/out/modules-staging/lib/modules/7.0.12-gdfa4d4208131-dirty/kernel/drivers/hid/hid-alps.ko
  INSTALL /home/potato/grafene/pomme/upstream/linux-hoolock/out/modules-staging/lib/modules/7.0.12-gdfa4d4208131-dirty/kernel/drivers/hid/hid-belkin.ko
  INSTALL /home/potato/grafene/pomme/upstream/linux-hoolock/out/modules-staging/lib/modules/7.0.12-gdfa4d4208131-dirty/kernel/drivers/hid/hid-betopff.ko
  STRIP   /home/potato/grafene/pomme/upstream/linux-hoolock/out/modules-staging/lib/modules/7.0.12-gdfa4d4208131-dirty/kernel/drivers/hid/hid-axff.ko
  STRIP   /home/potato/grafene/pomme/upstream/linux-hoolock/out/modules-staging/lib/modules/7.0.12-gdfa4d4208131-dirty/kernel/drivers/hid/hid-apple.ko
  INSTALL /home/potato/grafene/pomme/upstream/linux-hoolock/out/modules-staging/lib/modules/7.0.12-gdfa4d4208131-dirty/kernel/drivers/hid/hid-bigbenff.ko
  STRIP   /home/potato/grafene/pomme/upstream/linux-hoolock/out/modules-staging/lib/modules/7.0.12-gdfa4d4208131-dirty/kernel/drivers/hid/hid-creative-sb0540.ko
  INSTALL /home/potato/grafene/pomme/upstream/linux-hoolock/out/modules-staging/lib/modules/7.0.12-gdfa4d4208131-dirty/kernel/drivers/hid/hid-cherry.ko
  STRIP   /home/potato/grafene/pomme/upstream/linux-hoolock/out/modules-staging/lib/modules/7.0.12-gdfa4d4208131-dirty/kernel/drivers/hid/hid-appleir.ko
  STRIP   /home/potato/grafene/pomme/upstream/linux-hoolock/out/modules-staging/lib/modules/7.0.12-gdfa4d4208131-dirty/kernel/drivers/hid/hid-aureal.ko
  STRIP   /home/potato/grafene/pomme/upstream/linux-hoolock/out/modules-staging/lib/modules/7.0.12-gdfa4d4208131-dirty/kernel/drivers/accessibility/speakup/speakup.ko
  INSTALL /home/potato/grafene/pomme/upstream/linux-hoolock/out/modules-staging/lib/modules/7.0.12-gdfa4d4208131-dirty/kernel/drivers/hid/hid-chicony.ko
  INSTALL /home/potato/grafene/pomme/upstream/linux-hoolock/out/modules-staging/lib/modules/7.0.12-gdfa4d4208131-dirty/kernel/drivers/hid/hid-cmedia.ko
  STRIP   /home/potato/grafene/pomme/upstream/linux-hoolock/out/modules-staging/lib/modules/7.0.12-gdfa4d4208131-dirty/kernel/drivers/hid/hid-belkin.ko
  INSTALL /home/potato/grafene/pomme/upstream/linux-hoolock/out/modules-staging/lib/modules/7.0.12-gdfa4d4208131-dirty/kernel/drivers/hid/hid-corsair.ko
  STRIP   /home/potato/grafene/pomme/upstream/linux-hoolock/out/modules-staging/lib/modules/7.0.12-gdfa4d4208131-dirty/kernel/drivers/hid/hid-betopff.ko
  INSTALL /home/potato/grafene/pomme/upstream/linux-hoolock/out/modules-staging/lib/modules/7.0.12-gdfa4d4208131-dirty/kernel/drivers/hid/hid-corsair-void.ko
  INSTALL /home/potato/grafene/pomme/upstream/linux-hoolock/out/modules-staging/lib/modules/7.0.12-gdfa4d4208131-dirty/kernel/drivers/hid/hid-cougar.ko
  STRIP   /home/potato/grafene/pomme/upstream/linux-hoolock/out/modules-staging/lib/modules/7.0.12-gdfa4d4208131-dirty/kernel/drivers/hid/hid-bigbenff.ko
  INSTALL /home/potato/grafene/pomme/upstream/linux-hoolock/out/modules-staging/lib/modules/7.0.12-gdfa4d4208131-dirty/kernel/drivers/hid/hid-cp2112.ko
  STRIP   /home/potato/grafene/pomme/upstream/linux-hoolock/out/modules-staging/lib/modules/7.0.12-gdfa4d4208131-dirty/kernel/drivers/hid/hid-cherry.ko
  STRIP   /home/potato/grafene/pomme/upstream/linux-hoolock/out/modules-staging/lib/modules/7.0.12-gdfa4d4208131-dirty/kernel/drivers/hid/hid-chicony.ko
  STRIP   /home/potato/grafene/pomme/upstream/linux-hoolock/out/modules-staging/lib/modules/7.0.12-gdfa4d4208131-dirty/kernel/drivers/hid/hid-cmedia.ko
  INSTALL /home/potato/grafene/pomme/upstream/linux-hoolock/out/modules-staging/lib/modules/7.0.12-gdfa4d4208131-dirty/kernel/drivers/hid/hid-cypress.ko
  INSTALL /home/potato/grafene/pomme/upstream/linux-hoolock/out/modules-staging/lib/modules/7.0.12-gdfa4d4208131-dirty/kernel/drivers/hid/hid-dr.ko
  STRIP   /home/potato/grafene/pomme/upstream/linux-hoolock/out/modules-staging/lib/modules/7.0.12-gdfa4d4208131-dirty/kernel/drivers/hid/hid-corsair-void.ko
  STRIP   /home/potato/grafene/pomme/upstream/linux-hoolock/out/modules-staging/lib/modules/7.0.12-gdfa4d4208131-dirty/kernel/drivers/hid/hid-corsair.ko
  INSTALL /home/potato/grafene/pomme/upstream/linux-hoolock/out/modules-staging/lib/modules/7.0.12-gdfa4d4208131-dirty/kernel/drivers/hid/hid-emsff.ko
  INSTALL /home/potato/grafene/pomme/upstream/linux-hoolock/out/modules-staging/lib/modules/7.0.12-gdfa4d4208131-dirty/kernel/drivers/hid/hid-elan.ko
  STRIP   /home/potato/grafene/pomme/upstream/linux-hoolock/out/modules-staging/lib/modules/7.0.12-gdfa4d4208131-dirty/kernel/drivers/hid/hid-cp2112.ko
  STRIP   /home/potato/grafene/pomme/upstream/linux-hoolock/out/modules-staging/lib/modules/7.0.12-gdfa4d4208131-dirty/kernel/drivers/hid/hid-cougar.ko
  STRIP   /home/potato/grafene/pomme/upstream/linux-hoolock/out/modules-staging/lib/modules/7.0.12-gdfa4d4208131-dirty/kernel/drivers/hid/hid-cypress.ko
  INSTALL /home/potato/grafene/pomme/upstream/linux-hoolock/out/modules-staging/lib/modules/7.0.12-gdfa4d4208131-dirty/kernel/drivers/hid/hid-elecom.ko
  INSTALL /home/potato/grafene/pomme/upstream/linux-hoolock/out/modules-staging/lib/modules/7.0.12-gdfa4d4208131-dirty/kernel/drivers/hid/hid-elo.ko
  STRIP   /home/potato/grafene/pomme/upstream/linux-hoolock/out/modules-staging/lib/modules/7.0.12-gdfa4d4208131-dirty/kernel/drivers/hid/hid-dr.ko
  STRIP   /home/potato/grafene/pomme/upstream/linux-hoolock/out/modules-staging/lib/modules/7.0.12-gdfa4d4208131-dirty/kernel/drivers/hid/hid-emsff.ko
  INSTALL /home/potato/grafene/pomme/upstream/linux-hoolock/out/modules-staging/lib/modules/7.0.12-gdfa4d4208131-dirty/kernel/drivers/hid/hid-evision.ko
  INSTALL /home/potato/grafene/pomme/upstream/linux-hoolock/out/modules-staging/lib/modules/7.0.12-gdfa4d4208131-dirty/kernel/drivers/hid/hid-ezkey.ko
  STRIP   /home/potato/grafene/pomme/upstream/linux-hoolock/out/modules-staging/lib/modules/7.0.12-gdfa4d4208131-dirty/kernel/drivers/hid/hid-elan.ko
  INSTALL /home/potato/grafene/pomme/upstream/linux-hoolock/out/modules-staging/lib/modules/7.0.12-gdfa4d4208131-dirty/kernel/drivers/hid/hid-ft260.ko
  STRIP   /home/potato/grafene/pomme/upstream/linux-hoolock/out/modules-staging/lib/modules/7.0.12-gdfa4d4208131-dirty/kernel/drivers/hid/hid-elecom.ko
  STRIP   /home/potato/grafene/pomme/upstream/linux-hoolock/out/modules-staging/lib/modules/7.0.12-gdfa4d4208131-dirty/kernel/drivers/hid/hid-elo.ko
  INSTALL /home/potato/grafene/pomme/upstream/linux-hoolock/out/modules-staging/lib/modules/7.0.12-gdfa4d4208131-dirty/kernel/drivers/hid/hid-gembird.ko
  INSTALL /home/potato/grafene/pomme/upstream/linux-hoolock/out/modules-staging/lib/modules/7.0.12-gdfa4d4208131-dirty/kernel/drivers/hid/hid-gfrm.ko
  INSTALL /home/potato/grafene/pomme/upstream/linux-hoolock/out/modules-staging/lib/modules/7.0.12-gdfa4d4208131-dirty/kernel/drivers/hid/hid-glorious.ko
  STRIP   /home/potato/grafene/pomme/upstream/linux-hoolock/out/modules-staging/lib/modules/7.0.12-gdfa4d4208131-dirty/kernel/drivers/hid/hid-evision.ko
  STRIP   /home/potato/grafene/pomme/upstream/linux-hoolock/out/modules-staging/lib/modules/7.0.12-gdfa4d4208131-dirty/kernel/drivers/hid/hid-ezkey.ko
  INSTALL /home/potato/grafene/pomme/upstream/linux-hoolock/out/modules-staging/lib/modules/7.0.12-gdfa4d4208131-dirty/kernel/drivers/hid/hid-vivaldi-common.ko
  INSTALL /home/potato/grafene/pomme/upstream/linux-hoolock/out/modules-staging/lib/modules/7.0.12-gdfa4d4208131-dirty/kernel/drivers/hid/hid-goodix-spi.ko
  STRIP   /home/potato/grafene/pomme/upstream/linux-hoolock/out/modules-staging/lib/modules/7.0.12-gdfa4d4208131-dirty/kernel/drivers/hid/hid-ft260.ko
  INSTALL /home/potato/grafene/pomme/upstream/linux-hoolock/out/modules-staging/lib/modules/7.0.12-gdfa4d4208131-dirty/kernel/drivers/hid/hid-google-stadiaff.ko
  STRIP   /home/potato/grafene/pomme/upstream/linux-hoolock/out/modules-staging/lib/modules/7.0.12-gdfa4d4208131-dirty/kernel/drivers/hid/hid-gembird.ko
  INSTALL /home/potato/grafene/pomme/upstream/linux-hoolock/out/modules-staging/lib/modules/7.0.12-gdfa4d4208131-dirty/kernel/drivers/hid/hid-vivaldi.ko
  STRIP   /home/potato/grafene/pomme/upstream/linux-hoolock/out/modules-staging/lib/modules/7.0.12-gdfa4d4208131-dirty/kernel/drivers/hid/hid-gfrm.ko
  STRIP   /home/potato/grafene/pomme/upstream/linux-hoolock/out/modules-staging/lib/modules/7.0.12-gdfa4d4208131-dirty/kernel/drivers/hid/hid-glorious.ko
  INSTALL /home/potato/grafene/pomme/upstream/linux-hoolock/out/modules-staging/lib/modules/7.0.12-gdfa4d4208131-dirty/kernel/drivers/hid/hid-gt683r.ko
  STRIP   /home/potato/grafene/pomme/upstream/linux-hoolock/out/modules-staging/lib/modules/7.0.12-gdfa4d4208131-dirty/kernel/drivers/hid/hid-vivaldi-common.ko
  INSTALL /home/potato/grafene/pomme/upstream/linux-hoolock/out/modules-staging/lib/modules/7.0.12-gdfa4d4208131-dirty/kernel/drivers/hid/hid-gyration.ko
  STRIP   /home/potato/grafene/pomme/upstream/linux-hoolock/out/modules-staging/lib/modules/7.0.12-gdfa4d4208131-dirty/kernel/drivers/hid/hid-goodix-spi.ko
  INSTALL /home/potato/grafene/pomme/upstream/linux-hoolock/out/modules-staging/lib/modules/7.0.12-gdfa4d4208131-dirty/kernel/drivers/hid/hid-holtek-kbd.ko
  STRIP   /home/potato/grafene/pomme/upstream/linux-hoolock/out/modules-staging/lib/modules/7.0.12-gdfa4d4208131-dirty/kernel/drivers/hid/hid-google-stadiaff.ko
  INSTALL /home/potato/grafene/pomme/upstream/linux-hoolock/out/modules-staging/lib/modules/7.0.12-gdfa4d4208131-dirty/kernel/drivers/hid/hid-holtek-mouse.ko
  INSTALL /home/potato/grafene/pomme/upstream/linux-hoolock/out/modules-staging/lib/modules/7.0.12-gdfa4d4208131-dirty/kernel/drivers/hid/hid-holtekff.ko
  STRIP   /home/potato/grafene/pomme/upstream/linux-hoolock/out/modules-staging/lib/modules/7.0.12-gdfa4d4208131-dirty/kernel/drivers/hid/hid-vivaldi.ko
  INSTALL /home/potato/grafene/pomme/upstream/linux-hoolock/out/modules-staging/lib/modules/7.0.12-gdfa4d4208131-dirty/kernel/drivers/hid/hid-icade.ko
  STRIP   /home/potato/grafene/pomme/upstream/linux-hoolock/out/modules-staging/lib/modules/7.0.12-gdfa4d4208131-dirty/kernel/drivers/hid/hid-gyration.ko
  STRIP   /home/potato/grafene/pomme/upstream/linux-hoolock/out/modules-staging/lib/modules/7.0.12-gdfa4d4208131-dirty/kernel/drivers/hid/hid-gt683r.ko
  INSTALL /home/potato/grafene/pomme/upstream/linux-hoolock/out/modules-staging/lib/modules/7.0.12-gdfa4d4208131-dirty/kernel/drivers/hid/hid-ite.ko
  STRIP   /home/potato/grafene/pomme/upstream/linux-hoolock/out/modules-staging/lib/modules/7.0.12-gdfa4d4208131-dirty/kernel/drivers/hid/hid-holtek-kbd.ko
  INSTALL /home/potato/grafene/pomme/upstream/linux-hoolock/out/modules-staging/lib/modules/7.0.12-gdfa4d4208131-dirty/kernel/drivers/hid/hid-jabra.ko
  STRIP   /home/potato/grafene/pomme/upstream/linux-hoolock/out/modules-staging/lib/modules/7.0.12-gdfa4d4208131-dirty/kernel/drivers/hid/hid-holtek-mouse.ko
  INSTALL /home/potato/grafene/pomme/upstream/linux-hoolock/out/modules-staging/lib/modules/7.0.12-gdfa4d4208131-dirty/kernel/drivers/hid/hid-kensington.ko
  INSTALL /home/potato/grafene/pomme/upstream/linux-hoolock/out/modules-staging/lib/modules/7.0.12-gdfa4d4208131-dirty/kernel/drivers/hid/hid-keytouch.ko
  STRIP   /home/potato/grafene/pomme/upstream/linux-hoolock/out/modules-staging/lib/modules/7.0.12-gdfa4d4208131-dirty/kernel/drivers/hid/hid-holtekff.ko
  STRIP   /home/potato/grafene/pomme/upstream/linux-hoolock/out/modules-staging/lib/modules/7.0.12-gdfa4d4208131-dirty/kernel/drivers/hid/hid-icade.ko
  INSTALL /home/potato/grafene/pomme/upstream/linux-hoolock/out/modules-staging/lib/modules/7.0.12-gdfa4d4208131-dirty/kernel/drivers/hid/hid-kye.ko
  STRIP   /home/potato/grafene/pomme/upstream/linux-hoolock/out/modules-staging/lib/modules/7.0.12-gdfa4d4208131-dirty/kernel/drivers/hid/hid-ite.ko
  INSTALL /home/potato/grafene/pomme/upstream/linux-hoolock/out/modules-staging/lib/modules/7.0.12-gdfa4d4208131-dirty/kernel/drivers/hid/hid-lcpower.ko
  INSTALL /home/potato/grafene/pomme/upstream/linux-hoolock/out/modules-staging/lib/modules/7.0.12-gdfa4d4208131-dirty/kernel/drivers/hid/hid-letsketch.ko
  STRIP   /home/potato/grafene/pomme/upstream/linux-hoolock/out/modules-staging/lib/modules/7.0.12-gdfa4d4208131-dirty/kernel/drivers/hid/hid-jabra.ko
  STRIP   /home/potato/grafene/pomme/upstream/linux-hoolock/out/modules-staging/lib/modules/7.0.12-gdfa4d4208131-dirty/kernel/drivers/hid/hid-kensington.ko
  INSTALL /home/potato/grafene/pomme/upstream/linux-hoolock/out/modules-staging/lib/modules/7.0.12-gdfa4d4208131-dirty/kernel/drivers/hid/hid-logitech.ko
  STRIP   /home/potato/grafene/pomme/upstream/linux-hoolock/out/modules-staging/lib/modules/7.0.12-gdfa4d4208131-dirty/kernel/drivers/hid/hid-keytouch.ko
  INSTALL /home/potato/grafene/pomme/upstream/linux-hoolock/out/modules-staging/lib/modules/7.0.12-gdfa4d4208131-dirty/kernel/drivers/hid/hid-lg-g15.ko
  INSTALL /home/potato/grafene/pomme/upstream/linux-hoolock/out/modules-staging/lib/modules/7.0.12-gdfa4d4208131-dirty/kernel/drivers/hid/hid-logitech-dj.ko
  INSTALL /home/potato/grafene/pomme/upstream/linux-hoolock/out/modules-staging/lib/modules/7.0.12-gdfa4d4208131-dirty/kernel/drivers/hid/hid-logitech-hidpp.ko
  INSTALL /home/potato/grafene/pomme/upstream/linux-hoolock/out/modules-staging/lib/modules/7.0.12-gdfa4d4208131-dirty/kernel/drivers/hid/hid-macally.ko
  STRIP   /home/potato/grafene/pomme/upstream/linux-hoolock/out/modules-staging/lib/modules/7.0.12-gdfa4d4208131-dirty/kernel/drivers/hid/hid-kye.ko
  STRIP   /home/potato/grafene/pomme/upstream/linux-hoolock/out/modules-staging/lib/modules/7.0.12-gdfa4d4208131-dirty/kernel/drivers/hid/hid-lcpower.ko
  INSTALL /home/potato/grafene/pomme/upstream/linux-hoolock/out/modules-staging/lib/modules/7.0.12-gdfa4d4208131-dirty/kernel/drivers/hid/hid-magicmouse.ko
  STRIP   /home/potato/grafene/pomme/upstream/linux-hoolock/out/modules-staging/lib/modules/7.0.12-gdfa4d4208131-dirty/kernel/drivers/hid/hid-letsketch.ko
  INSTALL /home/potato/grafene/pomme/upstream/linux-hoolock/out/modules-staging/lib/modules/7.0.12-gdfa4d4208131-dirty/kernel/drivers/hid/hid-maltron.ko
  STRIP   /home/potato/grafene/pomme/upstream/linux-hoolock/out/modules-staging/lib/modules/7.0.12-gdfa4d4208131-dirty/kernel/drivers/hid/hid-logitech.ko
  STRIP   /home/potato/grafene/pomme/upstream/linux-hoolock/out/modules-staging/lib/modules/7.0.12-gdfa4d4208131-dirty/kernel/drivers/hid/hid-lg-g15.ko
  INSTALL /home/potato/grafene/pomme/upstream/linux-hoolock/out/modules-staging/lib/modules/7.0.12-gdfa4d4208131-dirty/kernel/drivers/hid/hid-mcp2221.ko
  STRIP   /home/potato/grafene/pomme/upstream/linux-hoolock/out/modules-staging/lib/modules/7.0.12-gdfa4d4208131-dirty/kernel/drivers/hid/hid-macally.ko
  STRIP   /home/potato/grafene/pomme/upstream/linux-hoolock/out/modules-staging/lib/modules/7.0.12-gdfa4d4208131-dirty/kernel/drivers/hid/hid-logitech-dj.ko
  INSTALL /home/potato/grafene/pomme/upstream/linux-hoolock/out/modules-staging/lib/modules/7.0.12-gdfa4d4208131-dirty/kernel/drivers/hid/hid-mf.ko
  STRIP   /home/potato/grafene/pomme/upstream/linux-hoolock/out/modules-staging/lib/modules/7.0.12-gdfa4d4208131-dirty/kernel/drivers/hid/hid-logitech-hidpp.ko
  INSTALL /home/potato/grafene/pomme/upstream/linux-hoolock/out/modules-staging/lib/modules/7.0.12-gdfa4d4208131-dirty/kernel/drivers/hid/hid-megaworld.ko
  STRIP   /home/potato/grafene/pomme/upstream/linux-hoolock/out/modules-staging/lib/modules/7.0.12-gdfa4d4208131-dirty/kernel/drivers/hid/hid-maltron.ko
  INSTALL /home/potato/grafene/pomme/upstream/linux-hoolock/out/modules-staging/lib/modules/7.0.12-gdfa4d4208131-dirty/kernel/drivers/hid/hid-microsoft.ko
  STRIP   /home/potato/grafene/pomme/upstream/linux-hoolock/out/modules-staging/lib/modules/7.0.12-gdfa4d4208131-dirty/kernel/drivers/hid/hid-magicmouse.ko
  INSTALL /home/potato/grafene/pomme/upstream/linux-hoolock/out/modules-staging/lib/modules/7.0.12-gdfa4d4208131-dirty/kernel/drivers/hid/hid-monterey.ko
  STRIP   /home/potato/grafene/pomme/upstream/linux-hoolock/out/modules-staging/lib/modules/7.0.12-gdfa4d4208131-dirty/kernel/drivers/hid/hid-mcp2221.ko
  INSTALL /home/potato/grafene/pomme/upstream/linux-hoolock/out/modules-staging/lib/modules/7.0.12-gdfa4d4208131-dirty/kernel/drivers/hid/hid-multitouch.ko
  STRIP   /home/potato/grafene/pomme/upstream/linux-hoolock/out/modules-staging/lib/modules/7.0.12-gdfa4d4208131-dirty/kernel/drivers/hid/hid-mf.ko
  INSTALL /home/potato/grafene/pomme/upstream/linux-hoolock/out/modules-staging/lib/modules/7.0.12-gdfa4d4208131-dirty/kernel/drivers/hid/hid-nintendo.ko
  STRIP   /home/potato/grafene/pomme/upstream/linux-hoolock/out/modules-staging/lib/modules/7.0.12-gdfa4d4208131-dirty/kernel/drivers/hid/hid-megaworld.ko
  INSTALL /home/potato/grafene/pomme/upstream/linux-hoolock/out/modules-staging/lib/modules/7.0.12-gdfa4d4208131-dirty/kernel/drivers/hid/hid-nti.ko
  INSTALL /home/potato/grafene/pomme/upstream/linux-hoolock/out/modules-staging/lib/modules/7.0.12-gdfa4d4208131-dirty/kernel/drivers/hid/hid-ntrig.ko
  STRIP   /home/potato/grafene/pomme/upstream/linux-hoolock/out/modules-staging/lib/modules/7.0.12-gdfa4d4208131-dirty/kernel/drivers/hid/hid-microsoft.ko
  INSTALL /home/potato/grafene/pomme/upstream/linux-hoolock/out/modules-staging/lib/modules/7.0.12-gdfa4d4208131-dirty/kernel/drivers/hid/hid-nvidia-shield.ko
  STRIP   /home/potato/grafene/pomme/upstream/linux-hoolock/out/modules-staging/lib/modules/7.0.12-gdfa4d4208131-dirty/kernel/drivers/hid/hid-monterey.ko
  INSTALL /home/potato/grafene/pomme/upstream/linux-hoolock/out/modules-staging/lib/modules/7.0.12-gdfa4d4208131-dirty/kernel/drivers/hid/hid-ortek.ko
  INSTALL /home/potato/grafene/pomme/upstream/linux-hoolock/out/modules-staging/lib/modules/7.0.12-gdfa4d4208131-dirty/kernel/drivers/hid/hid-prodikeys.ko
  INSTALL /home/potato/grafene/pomme/upstream/linux-hoolock/out/modules-staging/lib/modules/7.0.12-gdfa4d4208131-dirty/kernel/drivers/hid/hid-pl.ko
  STRIP   /home/potato/grafene/pomme/upstream/linux-hoolock/out/modules-staging/lib/modules/7.0.12-gdfa4d4208131-dirty/kernel/drivers/hid/hid-multitouch.ko
  STRIP   /home/potato/grafene/pomme/upstream/linux-hoolock/out/modules-staging/lib/modules/7.0.12-gdfa4d4208131-dirty/kernel/drivers/hid/hid-nti.ko
  STRIP   /home/potato/grafene/pomme/upstream/linux-hoolock/out/modules-staging/lib/modules/7.0.12-gdfa4d4208131-dirty/kernel/drivers/hid/hid-ntrig.ko
  STRIP   /home/potato/grafene/pomme/upstream/linux-hoolock/out/modules-staging/lib/modules/7.0.12-gdfa4d4208131-dirty/kernel/drivers/hid/hid-nintendo.ko
  INSTALL /home/potato/grafene/pomme/upstream/linux-hoolock/out/modules-staging/lib/modules/7.0.12-gdfa4d4208131-dirty/kernel/drivers/hid/hid-penmount.ko
  INSTALL /home/potato/grafene/pomme/upstream/linux-hoolock/out/modules-staging/lib/modules/7.0.12-gdfa4d4208131-dirty/kernel/drivers/hid/hid-petalynx.ko
  STRIP   /home/potato/grafene/pomme/upstream/linux-hoolock/out/modules-staging/lib/modules/7.0.12-gdfa4d4208131-dirty/kernel/drivers/hid/hid-prodikeys.ko
  STRIP   /home/potato/grafene/pomme/upstream/linux-hoolock/out/modules-staging/lib/modules/7.0.12-gdfa4d4208131-dirty/kernel/drivers/hid/hid-nvidia-shield.ko
  STRIP   /home/potato/grafene/pomme/upstream/linux-hoolock/out/modules-staging/lib/modules/7.0.12-gdfa4d4208131-dirty/kernel/drivers/hid/hid-ortek.ko
  INSTALL /home/potato/grafene/pomme/upstream/linux-hoolock/out/modules-staging/lib/modules/7.0.12-gdfa4d4208131-dirty/kernel/drivers/hid/hid-picolcd.ko
  INSTALL /home/potato/grafene/pomme/upstream/linux-hoolock/out/modules-staging/lib/modules/7.0.12-gdfa4d4208131-dirty/kernel/drivers/hid/hid-plantronics.ko
  STRIP   /home/potato/grafene/pomme/upstream/linux-hoolock/out/modules-staging/lib/modules/7.0.12-gdfa4d4208131-dirty/kernel/drivers/hid/hid-pl.ko
  STRIP   /home/potato/grafene/pomme/upstream/linux-hoolock/out/modules-staging/lib/modules/7.0.12-gdfa4d4208131-dirty/kernel/drivers/hid/hid-penmount.ko
  STRIP   /home/potato/grafene/pomme/upstream/linux-hoolock/out/modules-staging/lib/modules/7.0.12-gdfa4d4208131-dirty/kernel/drivers/hid/hid-petalynx.ko
  INSTALL /home/potato/grafene/pomme/upstream/linux-hoolock/out/modules-staging/lib/modules/7.0.12-gdfa4d4208131-dirty/kernel/drivers/hid/hid-playstation.ko
  INSTALL /home/potato/grafene/pomme/upstream/linux-hoolock/out/modules-staging/lib/modules/7.0.12-gdfa4d4208131-dirty/kernel/drivers/hid/hid-primax.ko
  INSTALL /home/potato/grafene/pomme/upstream/linux-hoolock/out/modules-staging/lib/modules/7.0.12-gdfa4d4208131-dirty/kernel/drivers/hid/hid-pxrc.ko
  INSTALL /home/potato/grafene/pomme/upstream/linux-hoolock/out/modules-staging/lib/modules/7.0.12-gdfa4d4208131-dirty/kernel/drivers/hid/hid-razer.ko
  STRIP   /home/potato/grafene/pomme/upstream/linux-hoolock/out/modules-staging/lib/modules/7.0.12-gdfa4d4208131-dirty/kernel/drivers/hid/hid-plantronics.ko
  INSTALL /home/potato/grafene/pomme/upstream/linux-hoolock/out/modules-staging/lib/modules/7.0.12-gdfa4d4208131-dirty/kernel/drivers/hid/hid-retrode.ko
  INSTALL /home/potato/grafene/pomme/upstream/linux-hoolock/out/modules-staging/lib/modules/7.0.12-gdfa4d4208131-dirty/kernel/drivers/hid/hid-roccat.ko
  INSTALL /home/potato/grafene/pomme/upstream/linux-hoolock/out/modules-staging/lib/modules/7.0.12-gdfa4d4208131-dirty/kernel/drivers/hid/hid-roccat-common.ko
  STRIP   /home/potato/grafene/pomme/upstream/linux-hoolock/out/modules-staging/lib/modules/7.0.12-gdfa4d4208131-dirty/kernel/drivers/hid/hid-primax.ko
  STRIP   /home/potato/grafene/pomme/upstream/linux-hoolock/out/modules-staging/lib/modules/7.0.12-gdfa4d4208131-dirty/kernel/drivers/hid/hid-picolcd.ko
  STRIP   /home/potato/grafene/pomme/upstream/linux-hoolock/out/modules-staging/lib/modules/7.0.12-gdfa4d4208131-dirty/kernel/drivers/hid/hid-pxrc.ko
  STRIP   /home/potato/grafene/pomme/upstream/linux-hoolock/out/modules-staging/lib/modules/7.0.12-gdfa4d4208131-dirty/kernel/drivers/hid/hid-playstation.ko
  STRIP   /home/potato/grafene/pomme/upstream/linux-hoolock/out/modules-staging/lib/modules/7.0.12-gdfa4d4208131-dirty/kernel/drivers/hid/hid-razer.ko
  INSTALL /home/potato/grafene/pomme/upstream/linux-hoolock/out/modules-staging/lib/modules/7.0.12-gdfa4d4208131-dirty/kernel/drivers/hid/hid-roccat-arvo.ko
  STRIP   /home/potato/grafene/pomme/upstream/linux-hoolock/out/modules-staging/lib/modules/7.0.12-gdfa4d4208131-dirty/kernel/drivers/hid/hid-roccat.ko
  STRIP   /home/potato/grafene/pomme/upstream/linux-hoolock/out/modules-staging/lib/modules/7.0.12-gdfa4d4208131-dirty/kernel/drivers/hid/hid-retrode.ko
  STRIP   /home/potato/grafene/pomme/upstream/linux-hoolock/out/modules-staging/lib/modules/7.0.12-gdfa4d4208131-dirty/kernel/drivers/hid/hid-roccat-common.ko
  INSTALL /home/potato/grafene/pomme/upstream/linux-hoolock/out/modules-staging/lib/modules/7.0.12-gdfa4d4208131-dirty/kernel/drivers/hid/hid-roccat-isku.ko
  INSTALL /home/potato/grafene/pomme/upstream/linux-hoolock/out/modules-staging/lib/modules/7.0.12-gdfa4d4208131-dirty/kernel/drivers/hid/hid-roccat-kone.ko
  INSTALL /home/potato/grafene/pomme/upstream/linux-hoolock/out/modules-staging/lib/modules/7.0.12-gdfa4d4208131-dirty/kernel/drivers/hid/hid-roccat-koneplus.ko
  INSTALL /home/potato/grafene/pomme/upstream/linux-hoolock/out/modules-staging/lib/modules/7.0.12-gdfa4d4208131-dirty/kernel/drivers/hid/hid-roccat-konepure.ko
  INSTALL /home/potato/grafene/pomme/upstream/linux-hoolock/out/modules-staging/lib/modules/7.0.12-gdfa4d4208131-dirty/kernel/drivers/hid/hid-roccat-kovaplus.ko
  INSTALL /home/potato/grafene/pomme/upstream/linux-hoolock/out/modules-staging/lib/modules/7.0.12-gdfa4d4208131-dirty/kernel/drivers/hid/hid-roccat-lua.ko
  INSTALL /home/potato/grafene/pomme/upstream/linux-hoolock/out/modules-staging/lib/modules/7.0.12-gdfa4d4208131-dirty/kernel/drivers/hid/hid-roccat-pyra.ko
  STRIP   /home/potato/grafene/pomme/upstream/linux-hoolock/out/modules-staging/lib/modules/7.0.12-gdfa4d4208131-dirty/kernel/drivers/hid/hid-roccat-arvo.ko
  INSTALL /home/potato/grafene/pomme/upstream/linux-hoolock/out/modules-staging/lib/modules/7.0.12-gdfa4d4208131-dirty/kernel/drivers/hid/hid-roccat-ryos.ko
  STRIP   /home/potato/grafene/pomme/upstream/linux-hoolock/out/modules-staging/lib/modules/7.0.12-gdfa4d4208131-dirty/kernel/drivers/hid/hid-roccat-isku.ko
  STRIP   /home/potato/grafene/pomme/upstream/linux-hoolock/out/modules-staging/lib/modules/7.0.12-gdfa4d4208131-dirty/kernel/drivers/hid/hid-roccat-kone.ko
  STRIP   /home/potato/grafene/pomme/upstream/linux-hoolock/out/modules-staging/lib/modules/7.0.12-gdfa4d4208131-dirty/kernel/drivers/hid/hid-roccat-konepure.ko
  INSTALL /home/potato/grafene/pomme/upstream/linux-hoolock/out/modules-staging/lib/modules/7.0.12-gdfa4d4208131-dirty/kernel/drivers/hid/hid-roccat-savu.ko
  STRIP   /home/potato/grafene/pomme/upstream/linux-hoolock/out/modules-staging/lib/modules/7.0.12-gdfa4d4208131-dirty/kernel/drivers/hid/hid-roccat-koneplus.ko
  INSTALL /home/potato/grafene/pomme/upstream/linux-hoolock/out/modules-staging/lib/modules/7.0.12-gdfa4d4208131-dirty/kernel/drivers/hid/hid-rmi.ko
  STRIP   /home/potato/grafene/pomme/upstream/linux-hoolock/out/modules-staging/lib/modules/7.0.12-gdfa4d4208131-dirty/kernel/drivers/hid/hid-roccat-kovaplus.ko
  INSTALL /home/potato/grafene/pomme/upstream/linux-hoolock/out/modules-staging/lib/modules/7.0.12-gdfa4d4208131-dirty/kernel/drivers/hid/hid-saitek.ko
  STRIP   /home/potato/grafene/pomme/upstream/linux-hoolock/out/modules-staging/lib/modules/7.0.12-gdfa4d4208131-dirty/kernel/drivers/hid/hid-roccat-pyra.ko
  STRIP   /home/potato/grafene/pomme/upstream/linux-hoolock/out/modules-staging/lib/modules/7.0.12-gdfa4d4208131-dirty/kernel/drivers/hid/hid-roccat-lua.ko
  INSTALL /home/potato/grafene/pomme/upstream/linux-hoolock/out/modules-staging/lib/modules/7.0.12-gdfa4d4208131-dirty/kernel/drivers/hid/hid-samsung.ko
  INSTALL /home/potato/grafene/pomme/upstream/linux-hoolock/out/modules-staging/lib/modules/7.0.12-gdfa4d4208131-dirty/kernel/drivers/hid/hid-semitek.ko
  INSTALL /home/potato/grafene/pomme/upstream/linux-hoolock/out/modules-staging/lib/modules/7.0.12-gdfa4d4208131-dirty/kernel/drivers/hid/hid-sigmamicro.ko
  INSTALL /home/potato/grafene/pomme/upstream/linux-hoolock/out/modules-staging/lib/modules/7.0.12-gdfa4d4208131-dirty/kernel/drivers/hid/hid-sjoy.ko
  STRIP   /home/potato/grafene/pomme/upstream/linux-hoolock/out/modules-staging/lib/modules/7.0.12-gdfa4d4208131-dirty/kernel/drivers/hid/hid-roccat-ryos.ko
  STRIP   /home/potato/grafene/pomme/upstream/linux-hoolock/out/modules-staging/lib/modules/7.0.12-gdfa4d4208131-dirty/kernel/drivers/hid/hid-roccat-savu.ko
  INSTALL /home/potato/grafene/pomme/upstream/linux-hoolock/out/modules-staging/lib/modules/7.0.12-gdfa4d4208131-dirty/kernel/drivers/hid/hid-sony.ko
  INSTALL /home/potato/grafene/pomme/upstream/linux-hoolock/out/modules-staging/lib/modules/7.0.12-gdfa4d4208131-dirty/kernel/drivers/hid/hid-speedlink.ko
  STRIP   /home/potato/grafene/pomme/upstream/linux-hoolock/out/modules-staging/lib/modules/7.0.12-gdfa4d4208131-dirty/kernel/drivers/hid/hid-saitek.ko
  STRIP   /home/potato/grafene/pomme/upstream/linux-hoolock/out/modules-staging/lib/modules/7.0.12-gdfa4d4208131-dirty/kernel/drivers/hid/hid-semitek.ko
  STRIP   /home/potato/grafene/pomme/upstream/linux-hoolock/out/modules-staging/lib/modules/7.0.12-gdfa4d4208131-dirty/kernel/drivers/hid/hid-rmi.ko
  STRIP   /home/potato/grafene/pomme/upstream/linux-hoolock/out/modules-staging/lib/modules/7.0.12-gdfa4d4208131-dirty/kernel/drivers/hid/hid-samsung.ko
  INSTALL /home/potato/grafene/pomme/upstream/linux-hoolock/out/modules-staging/lib/modules/7.0.12-gdfa4d4208131-dirty/kernel/drivers/hid/hid-steam.ko
  INSTALL /home/potato/grafene/pomme/upstream/linux-hoolock/out/modules-staging/lib/modules/7.0.12-gdfa4d4208131-dirty/kernel/drivers/hid/hid-steelseries.ko
  STRIP   /home/potato/grafene/pomme/upstream/linux-hoolock/out/modules-staging/lib/modules/7.0.12-gdfa4d4208131-dirty/kernel/drivers/hid/hid-sigmamicro.ko
  STRIP   /home/potato/grafene/pomme/upstream/linux-hoolock/out/modules-staging/lib/modules/7.0.12-gdfa4d4208131-dirty/kernel/drivers/hid/hid-sjoy.ko
  INSTALL /home/potato/grafene/pomme/upstream/linux-hoolock/out/modules-staging/lib/modules/7.0.12-gdfa4d4208131-dirty/kernel/drivers/hid/hid-sunplus.ko
  STRIP   /home/potato/grafene/pomme/upstream/linux-hoolock/out/modules-staging/lib/modules/7.0.12-gdfa4d4208131-dirty/kernel/drivers/hid/hid-speedlink.ko
  INSTALL /home/potato/grafene/pomme/upstream/linux-hoolock/out/modules-staging/lib/modules/7.0.12-gdfa4d4208131-dirty/kernel/drivers/hid/hid-gaff.ko
  STRIP   /home/potato/grafene/pomme/upstream/linux-hoolock/out/modules-staging/lib/modules/7.0.12-gdfa4d4208131-dirty/kernel/drivers/hid/hid-sony.ko
  STRIP   /home/potato/grafene/pomme/upstream/linux-hoolock/out/modules-staging/lib/modules/7.0.12-gdfa4d4208131-dirty/kernel/drivers/hid/hid-steam.ko
  INSTALL /home/potato/grafene/pomme/upstream/linux-hoolock/out/modules-staging/lib/modules/7.0.12-gdfa4d4208131-dirty/kernel/drivers/hid/hid-tmff.ko
  STRIP   /home/potato/grafene/pomme/upstream/linux-hoolock/out/modules-staging/lib/modules/7.0.12-gdfa4d4208131-dirty/kernel/drivers/hid/hid-steelseries.ko
  INSTALL /home/potato/grafene/pomme/upstream/linux-hoolock/out/modules-staging/lib/modules/7.0.12-gdfa4d4208131-dirty/kernel/drivers/hid/hid-thrustmaster.ko
  INSTALL /home/potato/grafene/pomme/upstream/linux-hoolock/out/modules-staging/lib/modules/7.0.12-gdfa4d4208131-dirty/kernel/drivers/hid/hid-tivo.ko
  STRIP   /home/potato/grafene/pomme/upstream/linux-hoolock/out/modules-staging/lib/modules/7.0.12-gdfa4d4208131-dirty/kernel/drivers/hid/hid-sunplus.ko
  STRIP   /home/potato/grafene/pomme/upstream/linux-hoolock/out/modules-staging/lib/modules/7.0.12-gdfa4d4208131-dirty/kernel/drivers/hid/hid-gaff.ko
  INSTALL /home/potato/grafene/pomme/upstream/linux-hoolock/out/modules-staging/lib/modules/7.0.12-gdfa4d4208131-dirty/kernel/drivers/hid/hid-topseed.ko
  INSTALL /home/potato/grafene/pomme/upstream/linux-hoolock/out/modules-staging/lib/modules/7.0.12-gdfa4d4208131-dirty/kernel/drivers/hid/hid-topre.ko
  STRIP   /home/potato/grafene/pomme/upstream/linux-hoolock/out/modules-staging/lib/modules/7.0.12-gdfa4d4208131-dirty/kernel/drivers/hid/hid-tmff.ko
  INSTALL /home/potato/grafene/pomme/upstream/linux-hoolock/out/modules-staging/lib/modules/7.0.12-gdfa4d4208131-dirty/kernel/drivers/hid/hid-twinhan.ko
  STRIP   /home/potato/grafene/pomme/upstream/linux-hoolock/out/modules-staging/lib/modules/7.0.12-gdfa4d4208131-dirty/kernel/drivers/hid/hid-thrustmaster.ko
  INSTALL /home/potato/grafene/pomme/upstream/linux-hoolock/out/modules-staging/lib/modules/7.0.12-gdfa4d4208131-dirty/kernel/drivers/hid/hid-u2fzero.ko
  STRIP   /home/potato/grafene/pomme/upstream/linux-hoolock/out/modules-staging/lib/modules/7.0.12-gdfa4d4208131-dirty/kernel/drivers/hid/hid-tivo.ko
  INSTALL /home/potato/grafene/pomme/upstream/linux-hoolock/out/modules-staging/lib/modules/7.0.12-gdfa4d4208131-dirty/kernel/drivers/hid/hid-uclogic.ko
  STRIP   /home/potato/grafene/pomme/upstream/linux-hoolock/out/modules-staging/lib/modules/7.0.12-gdfa4d4208131-dirty/kernel/drivers/hid/hid-topseed.ko
  INSTALL /home/potato/grafene/pomme/upstream/linux-hoolock/out/modules-staging/lib/modules/7.0.12-gdfa4d4208131-dirty/kernel/drivers/hid/hid-udraw-ps3.ko
  STRIP   /home/potato/grafene/pomme/upstream/linux-hoolock/out/modules-staging/lib/modules/7.0.12-gdfa4d4208131-dirty/kernel/drivers/hid/hid-topre.ko
  INSTALL /home/potato/grafene/pomme/upstream/linux-hoolock/out/modules-staging/lib/modules/7.0.12-gdfa4d4208131-dirty/kernel/drivers/hid/hid-led.ko
  STRIP   /home/potato/grafene/pomme/upstream/linux-hoolock/out/modules-staging/lib/modules/7.0.12-gdfa4d4208131-dirty/kernel/drivers/hid/hid-twinhan.ko
  INSTALL /home/potato/grafene/pomme/upstream/linux-hoolock/out/modules-staging/lib/modules/7.0.12-gdfa4d4208131-dirty/kernel/drivers/hid/hid-xiaomi.ko
  INSTALL /home/potato/grafene/pomme/upstream/linux-hoolock/out/modules-staging/lib/modules/7.0.12-gdfa4d4208131-dirty/kernel/drivers/hid/hid-xinmo.ko
  STRIP   /home/potato/grafene/pomme/upstream/linux-hoolock/out/modules-staging/lib/modules/7.0.12-gdfa4d4208131-dirty/kernel/drivers/hid/hid-u2fzero.ko
  INSTALL /home/potato/grafene/pomme/upstream/linux-hoolock/out/modules-staging/lib/modules/7.0.12-gdfa4d4208131-dirty/kernel/drivers/hid/hid-zpff.ko
  INSTALL /home/potato/grafene/pomme/upstream/linux-hoolock/out/modules-staging/lib/modules/7.0.12-gdfa4d4208131-dirty/kernel/drivers/hid/hid-zydacron.ko
  INSTALL /home/potato/grafene/pomme/upstream/linux-hoolock/out/modules-staging/lib/modules/7.0.12-gdfa4d4208131-dirty/kernel/drivers/hid/hid-viewsonic.ko
  STRIP   /home/potato/grafene/pomme/upstream/linux-hoolock/out/modules-staging/lib/modules/7.0.12-gdfa4d4208131-dirty/kernel/drivers/hid/hid-uclogic.ko
  STRIP   /home/potato/grafene/pomme/upstream/linux-hoolock/out/modules-staging/lib/modules/7.0.12-gdfa4d4208131-dirty/kernel/drivers/hid/hid-led.ko
  STRIP   /home/potato/grafene/pomme/upstream/linux-hoolock/out/modules-staging/lib/modules/7.0.12-gdfa4d4208131-dirty/kernel/drivers/hid/hid-udraw-ps3.ko
  STRIP   /home/potato/grafene/pomme/upstream/linux-hoolock/out/modules-staging/lib/modules/7.0.12-gdfa4d4208131-dirty/kernel/drivers/hid/hid-xiaomi.ko
  INSTALL /home/potato/grafene/pomme/upstream/linux-hoolock/out/modules-staging/lib/modules/7.0.12-gdfa4d4208131-dirty/kernel/drivers/hid/wacom.ko
  STRIP   /home/potato/grafene/pomme/upstream/linux-hoolock/out/modules-staging/lib/modules/7.0.12-gdfa4d4208131-dirty/kernel/drivers/hid/hid-xinmo.ko
  INSTALL /home/potato/grafene/pomme/upstream/linux-hoolock/out/modules-staging/lib/modules/7.0.12-gdfa4d4208131-dirty/kernel/drivers/hid/hid-waltop.ko
  INSTALL /home/potato/grafene/pomme/upstream/linux-hoolock/out/modules-staging/lib/modules/7.0.12-gdfa4d4208131-dirty/kernel/drivers/hid/hid-wiimote.ko
  STRIP   /home/potato/grafene/pomme/upstream/linux-hoolock/out/modules-staging/lib/modules/7.0.12-gdfa4d4208131-dirty/kernel/drivers/hid/hid-zydacron.ko
  STRIP   /home/potato/grafene/pomme/upstream/linux-hoolock/out/modules-staging/lib/modules/7.0.12-gdfa4d4208131-dirty/kernel/drivers/hid/hid-zpff.ko
  INSTALL /home/potato/grafene/pomme/upstream/linux-hoolock/out/modules-staging/lib/modules/7.0.12-gdfa4d4208131-dirty/kernel/drivers/hid/hid-winwing.ko
  INSTALL /home/potato/grafene/pomme/upstream/linux-hoolock/out/modules-staging/lib/modules/7.0.12-gdfa4d4208131-dirty/kernel/drivers/hid/hid-sensor-hub.ko
  STRIP   /home/potato/grafene/pomme/upstream/linux-hoolock/out/modules-staging/lib/modules/7.0.12-gdfa4d4208131-dirty/kernel/drivers/hid/hid-viewsonic.ko
  INSTALL /home/potato/grafene/pomme/upstream/linux-hoolock/out/modules-staging/lib/modules/7.0.12-gdfa4d4208131-dirty/kernel/drivers/iio/accel/hid-sensor-accel-3d.ko
  INSTALL /home/potato/grafene/pomme/upstream/linux-hoolock/out/modules-staging/lib/modules/7.0.12-gdfa4d4208131-dirty/kernel/drivers/iio/buffer/industrialio-triggered-buffer.ko
  INSTALL /home/potato/grafene/pomme/upstream/linux-hoolock/out/modules-staging/lib/modules/7.0.12-gdfa4d4208131-dirty/kernel/drivers/iio/buffer/kfifo_buf.ko
  STRIP   /home/potato/grafene/pomme/upstream/linux-hoolock/out/modules-staging/lib/modules/7.0.12-gdfa4d4208131-dirty/kernel/drivers/hid/hid-winwing.ko
  STRIP   /home/potato/grafene/pomme/upstream/linux-hoolock/out/modules-staging/lib/modules/7.0.12-gdfa4d4208131-dirty/kernel/drivers/hid/hid-waltop.ko
  INSTALL /home/potato/grafene/pomme/upstream/linux-hoolock/out/modules-staging/lib/modules/7.0.12-gdfa4d4208131-dirty/kernel/drivers/iio/common/hid-sensors/hid-sensor-iio-common.ko
  STRIP   /home/potato/grafene/pomme/upstream/linux-hoolock/out/modules-staging/lib/modules/7.0.12-gdfa4d4208131-dirty/kernel/drivers/hid/hid-sensor-hub.ko
  STRIP   /home/potato/grafene/pomme/upstream/linux-hoolock/out/modules-staging/lib/modules/7.0.12-gdfa4d4208131-dirty/kernel/drivers/iio/accel/hid-sensor-accel-3d.ko
  INSTALL /home/potato/grafene/pomme/upstream/linux-hoolock/out/modules-staging/lib/modules/7.0.12-gdfa4d4208131-dirty/kernel/drivers/iio/common/hid-sensors/hid-sensor-trigger.ko
  STRIP   /home/potato/grafene/pomme/upstream/linux-hoolock/out/modules-staging/lib/modules/7.0.12-gdfa4d4208131-dirty/kernel/drivers/iio/buffer/industrialio-triggered-buffer.ko
  INSTALL /home/potato/grafene/pomme/upstream/linux-hoolock/out/modules-staging/lib/modules/7.0.12-gdfa4d4208131-dirty/kernel/drivers/iio/gyro/hid-sensor-gyro-3d.ko
  STRIP   /home/potato/grafene/pomme/upstream/linux-hoolock/out/modules-staging/lib/modules/7.0.12-gdfa4d4208131-dirty/kernel/drivers/hid/hid-wiimote.ko
  STRIP   /home/potato/grafene/pomme/upstream/linux-hoolock/out/modules-staging/lib/modules/7.0.12-gdfa4d4208131-dirty/kernel/drivers/iio/buffer/kfifo_buf.ko
  INSTALL /home/potato/grafene/pomme/upstream/linux-hoolock/out/modules-staging/lib/modules/7.0.12-gdfa4d4208131-dirty/kernel/drivers/iio/humidity/hid-sensor-humidity.ko
  STRIP   /home/potato/grafene/pomme/upstream/linux-hoolock/out/modules-staging/lib/modules/7.0.12-gdfa4d4208131-dirty/kernel/drivers/hid/wacom.ko
  STRIP   /home/potato/grafene/pomme/upstream/linux-hoolock/out/modules-staging/lib/modules/7.0.12-gdfa4d4208131-dirty/kernel/drivers/iio/common/hid-sensors/hid-sensor-iio-common.ko
  INSTALL /home/potato/grafene/pomme/upstream/linux-hoolock/out/modules-staging/lib/modules/7.0.12-gdfa4d4208131-dirty/kernel/drivers/iio/light/hid-sensor-als.ko
  STRIP   /home/potato/grafene/pomme/upstream/linux-hoolock/out/modules-staging/lib/modules/7.0.12-gdfa4d4208131-dirty/kernel/drivers/iio/common/hid-sensors/hid-sensor-trigger.ko
  INSTALL /home/potato/grafene/pomme/upstream/linux-hoolock/out/modules-staging/lib/modules/7.0.12-gdfa4d4208131-dirty/kernel/drivers/iio/magnetometer/hid-sensor-magn-3d.ko
  INSTALL /home/potato/grafene/pomme/upstream/linux-hoolock/out/modules-staging/lib/modules/7.0.12-gdfa4d4208131-dirty/kernel/drivers/iio/orientation/hid-sensor-incl-3d.ko
  STRIP   /home/potato/grafene/pomme/upstream/linux-hoolock/out/modules-staging/lib/modules/7.0.12-gdfa4d4208131-dirty/kernel/drivers/iio/gyro/hid-sensor-gyro-3d.ko
  INSTALL /home/potato/grafene/pomme/upstream/linux-hoolock/out/modules-staging/lib/modules/7.0.12-gdfa4d4208131-dirty/kernel/drivers/iio/orientation/hid-sensor-rotation.ko
  INSTALL /home/potato/grafene/pomme/upstream/linux-hoolock/out/modules-staging/lib/modules/7.0.12-gdfa4d4208131-dirty/kernel/drivers/iio/position/hid-sensor-custom-intel-hinge.ko
  INSTALL /home/potato/grafene/pomme/upstream/linux-hoolock/out/modules-staging/lib/modules/7.0.12-gdfa4d4208131-dirty/kernel/drivers/iio/temperature/hid-sensor-temperature.ko
  INSTALL /home/potato/grafene/pomme/upstream/linux-hoolock/out/modules-staging/lib/modules/7.0.12-gdfa4d4208131-dirty/kernel/drivers/ata/libata.ko
  STRIP   /home/potato/grafene/pomme/upstream/linux-hoolock/out/modules-staging/lib/modules/7.0.12-gdfa4d4208131-dirty/kernel/drivers/iio/humidity/hid-sensor-humidity.ko
  STRIP   /home/potato/grafene/pomme/upstream/linux-hoolock/out/modules-staging/lib/modules/7.0.12-gdfa4d4208131-dirty/kernel/drivers/iio/orientation/hid-sensor-rotation.ko
  INSTALL /home/potato/grafene/pomme/upstream/linux-hoolock/out/modules-staging/lib/modules/7.0.12-gdfa4d4208131-dirty/kernel/drivers/mtd/parsers/ofpart.ko
  STRIP   /home/potato/grafene/pomme/upstream/linux-hoolock/out/modules-staging/lib/modules/7.0.12-gdfa4d4208131-dirty/kernel/drivers/iio/light/hid-sensor-als.ko
  STRIP   /home/potato/grafene/pomme/upstream/linux-hoolock/out/modules-staging/lib/modules/7.0.12-gdfa4d4208131-dirty/kernel/drivers/iio/position/hid-sensor-custom-intel-hinge.ko
  INSTALL /home/potato/grafene/pomme/upstream/linux-hoolock/out/modules-staging/lib/modules/7.0.12-gdfa4d4208131-dirty/kernel/drivers/mtd/chips/chipreg.ko
  STRIP   /home/potato/grafene/pomme/upstream/linux-hoolock/out/modules-staging/lib/modules/7.0.12-gdfa4d4208131-dirty/kernel/drivers/iio/magnetometer/hid-sensor-magn-3d.ko
  STRIP   /home/potato/grafene/pomme/upstream/linux-hoolock/out/modules-staging/lib/modules/7.0.12-gdfa4d4208131-dirty/kernel/drivers/iio/orientation/hid-sensor-incl-3d.ko
  STRIP   /home/potato/grafene/pomme/upstream/linux-hoolock/out/modules-staging/lib/modules/7.0.12-gdfa4d4208131-dirty/kernel/drivers/iio/temperature/hid-sensor-temperature.ko
  INSTALL /home/potato/grafene/pomme/upstream/linux-hoolock/out/modules-staging/lib/modules/7.0.12-gdfa4d4208131-dirty/kernel/drivers/mtd/devices/phram.ko
  STRIP   /home/potato/grafene/pomme/upstream/linux-hoolock/out/modules-staging/lib/modules/7.0.12-gdfa4d4208131-dirty/kernel/drivers/mtd/parsers/ofpart.ko
  INSTALL /home/potato/grafene/pomme/upstream/linux-hoolock/out/modules-staging/lib/modules/7.0.12-gdfa4d4208131-dirty/kernel/drivers/mtd/mtd.ko
  STRIP   /home/potato/grafene/pomme/upstream/linux-hoolock/out/modules-staging/lib/modules/7.0.12-gdfa4d4208131-dirty/kernel/drivers/mtd/chips/chipreg.ko
  INSTALL /home/potato/grafene/pomme/upstream/linux-hoolock/out/modules-staging/lib/modules/7.0.12-gdfa4d4208131-dirty/kernel/drivers/input/serio/serio.ko
  INSTALL /home/potato/grafene/pomme/upstream/linux-hoolock/out/modules-staging/lib/modules/7.0.12-gdfa4d4208131-dirty/kernel/drivers/input/serio/serport.ko
  INSTALL /home/potato/grafene/pomme/upstream/linux-hoolock/out/modules-staging/lib/modules/7.0.12-gdfa4d4208131-dirty/kernel/sound/soundcore.ko
  INSTALL /home/potato/grafene/pomme/upstream/linux-hoolock/out/modules-staging/lib/modules/7.0.12-gdfa4d4208131-dirty/kernel/sound/core/snd.ko
  INSTALL /home/potato/grafene/pomme/upstream/linux-hoolock/out/modules-staging/lib/modules/7.0.12-gdfa4d4208131-dirty/kernel/sound/core/snd-hwdep.ko
  STRIP   /home/potato/grafene/pomme/upstream/linux-hoolock/out/modules-staging/lib/modules/7.0.12-gdfa4d4208131-dirty/kernel/drivers/mtd/devices/phram.ko
  STRIP   /home/potato/grafene/pomme/upstream/linux-hoolock/out/modules-staging/lib/modules/7.0.12-gdfa4d4208131-dirty/kernel/drivers/ata/libata.ko
  STRIP   /home/potato/grafene/pomme/upstream/linux-hoolock/out/modules-staging/lib/modules/7.0.12-gdfa4d4208131-dirty/kernel/sound/soundcore.ko
  STRIP   /home/potato/grafene/pomme/upstream/linux-hoolock/out/modules-staging/lib/modules/7.0.12-gdfa4d4208131-dirty/kernel/drivers/input/serio/serio.ko
  INSTALL /home/potato/grafene/pomme/upstream/linux-hoolock/out/modules-staging/lib/modules/7.0.12-gdfa4d4208131-dirty/kernel/sound/core/snd-timer.ko
  STRIP   /home/potato/grafene/pomme/upstream/linux-hoolock/out/modules-staging/lib/modules/7.0.12-gdfa4d4208131-dirty/kernel/drivers/input/serio/serport.ko
  STRIP   /home/potato/grafene/pomme/upstream/linux-hoolock/out/modules-staging/lib/modules/7.0.12-gdfa4d4208131-dirty/kernel/sound/core/snd-hwdep.ko
  INSTALL /home/potato/grafene/pomme/upstream/linux-hoolock/out/modules-staging/lib/modules/7.0.12-gdfa4d4208131-dirty/kernel/sound/core/snd-pcm.ko
  INSTALL /home/potato/grafene/pomme/upstream/linux-hoolock/out/modules-staging/lib/modules/7.0.12-gdfa4d4208131-dirty/kernel/sound/core/snd-rawmidi.ko
  INSTALL /home/potato/grafene/pomme/upstream/linux-hoolock/out/modules-staging/lib/modules/7.0.12-gdfa4d4208131-dirty/kernel/sound/core/snd-ump.ko
  INSTALL /home/potato/grafene/pomme/upstream/linux-hoolock/out/modules-staging/lib/modules/7.0.12-gdfa4d4208131-dirty/kernel/sound/usb/snd-usb-audio.ko
  INSTALL /home/potato/grafene/pomme/upstream/linux-hoolock/out/modules-staging/lib/modules/7.0.12-gdfa4d4208131-dirty/kernel/sound/usb/snd-usbmidi-lib.ko
  STRIP   /home/potato/grafene/pomme/upstream/linux-hoolock/out/modules-staging/lib/modules/7.0.12-gdfa4d4208131-dirty/kernel/drivers/mtd/mtd.ko
  STRIP   /home/potato/grafene/pomme/upstream/linux-hoolock/out/modules-staging/lib/modules/7.0.12-gdfa4d4208131-dirty/kernel/sound/core/snd-timer.ko
  INSTALL /home/potato/grafene/pomme/upstream/linux-hoolock/out/modules-staging/lib/modules/7.0.12-gdfa4d4208131-dirty/kernel/net/core/selftests.ko
  INSTALL /home/potato/grafene/pomme/upstream/linux-hoolock/out/modules-staging/lib/modules/7.0.12-gdfa4d4208131-dirty/kernel/net/802/psnap.ko
  STRIP   /home/potato/grafene/pomme/upstream/linux-hoolock/out/modules-staging/lib/modules/7.0.12-gdfa4d4208131-dirty/kernel/sound/core/snd.ko
  INSTALL /home/potato/grafene/pomme/upstream/linux-hoolock/out/modules-staging/lib/modules/7.0.12-gdfa4d4208131-dirty/kernel/net/802/stp.ko
  STRIP   /home/potato/grafene/pomme/upstream/linux-hoolock/out/modules-staging/lib/modules/7.0.12-gdfa4d4208131-dirty/kernel/sound/usb/snd-usbmidi-lib.ko
  STRIP   /home/potato/grafene/pomme/upstream/linux-hoolock/out/modules-staging/lib/modules/7.0.12-gdfa4d4208131-dirty/kernel/sound/core/snd-rawmidi.ko
  STRIP   /home/potato/grafene/pomme/upstream/linux-hoolock/out/modules-staging/lib/modules/7.0.12-gdfa4d4208131-dirty/kernel/sound/core/snd-ump.ko
  STRIP   /home/potato/grafene/pomme/upstream/linux-hoolock/out/modules-staging/lib/modules/7.0.12-gdfa4d4208131-dirty/kernel/net/802/psnap.ko
  INSTALL /home/potato/grafene/pomme/upstream/linux-hoolock/out/modules-staging/lib/modules/7.0.12-gdfa4d4208131-dirty/kernel/net/sched/cls_cgroup.ko
  INSTALL /home/potato/grafene/pomme/upstream/linux-hoolock/out/modules-staging/lib/modules/7.0.12-gdfa4d4208131-dirty/kernel/net/netfilter/nf_conntrack.ko
  INSTALL /home/potato/grafene/pomme/upstream/linux-hoolock/out/modules-staging/lib/modules/7.0.12-gdfa4d4208131-dirty/kernel/net/netfilter/nf_nat.ko
  STRIP   /home/potato/grafene/pomme/upstream/linux-hoolock/out/modules-staging/lib/modules/7.0.12-gdfa4d4208131-dirty/kernel/net/core/selftests.ko
  INSTALL /home/potato/grafene/pomme/upstream/linux-hoolock/out/modules-staging/lib/modules/7.0.12-gdfa4d4208131-dirty/kernel/net/netfilter/nf_synproxy_core.ko
  INSTALL /home/potato/grafene/pomme/upstream/linux-hoolock/out/modules-staging/lib/modules/7.0.12-gdfa4d4208131-dirty/kernel/net/netfilter/nf_conncount.ko
  STRIP   /home/potato/grafene/pomme/upstream/linux-hoolock/out/modules-staging/lib/modules/7.0.12-gdfa4d4208131-dirty/kernel/net/802/stp.ko
  INSTALL /home/potato/grafene/pomme/upstream/linux-hoolock/out/modules-staging/lib/modules/7.0.12-gdfa4d4208131-dirty/kernel/net/netfilter/nf_dup_netdev.ko
  STRIP   /home/potato/grafene/pomme/upstream/linux-hoolock/out/modules-staging/lib/modules/7.0.12-gdfa4d4208131-dirty/kernel/sound/core/snd-pcm.ko
  INSTALL /home/potato/grafene/pomme/upstream/linux-hoolock/out/modules-staging/lib/modules/7.0.12-gdfa4d4208131-dirty/kernel/net/netfilter/nf_tables.ko
  STRIP   /home/potato/grafene/pomme/upstream/linux-hoolock/out/modules-staging/lib/modules/7.0.12-gdfa4d4208131-dirty/kernel/net/netfilter/nf_synproxy_core.ko
  STRIP   /home/potato/grafene/pomme/upstream/linux-hoolock/out/modules-staging/lib/modules/7.0.12-gdfa4d4208131-dirty/kernel/net/netfilter/nf_dup_netdev.ko
  STRIP   /home/potato/grafene/pomme/upstream/linux-hoolock/out/modules-staging/lib/modules/7.0.12-gdfa4d4208131-dirty/kernel/net/netfilter/nf_conncount.ko
  STRIP   /home/potato/grafene/pomme/upstream/linux-hoolock/out/modules-staging/lib/modules/7.0.12-gdfa4d4208131-dirty/kernel/net/sched/cls_cgroup.ko
  INSTALL /home/potato/grafene/pomme/upstream/linux-hoolock/out/modules-staging/lib/modules/7.0.12-gdfa4d4208131-dirty/kernel/net/netfilter/nft_compat.ko
  INSTALL /home/potato/grafene/pomme/upstream/linux-hoolock/out/modules-staging/lib/modules/7.0.12-gdfa4d4208131-dirty/kernel/net/netfilter/nft_connlimit.ko
  STRIP   /home/potato/grafene/pomme/upstream/linux-hoolock/out/modules-staging/lib/modules/7.0.12-gdfa4d4208131-dirty/kernel/sound/usb/snd-usb-audio.ko
  STRIP   /home/potato/grafene/pomme/upstream/linux-hoolock/out/modules-staging/lib/modules/7.0.12-gdfa4d4208131-dirty/kernel/net/netfilter/nf_nat.ko
  INSTALL /home/potato/grafene/pomme/upstream/linux-hoolock/out/modules-staging/lib/modules/7.0.12-gdfa4d4208131-dirty/kernel/net/netfilter/nft_numgen.ko
  INSTALL /home/potato/grafene/pomme/upstream/linux-hoolock/out/modules-staging/lib/modules/7.0.12-gdfa4d4208131-dirty/kernel/net/netfilter/nft_ct.ko
  STRIP   /home/potato/grafene/pomme/upstream/linux-hoolock/out/modules-staging/lib/modules/7.0.12-gdfa4d4208131-dirty/kernel/net/netfilter/nf_conntrack.ko
  STRIP   /home/potato/grafene/pomme/upstream/linux-hoolock/out/modules-staging/lib/modules/7.0.12-gdfa4d4208131-dirty/kernel/net/netfilter/nft_compat.ko
  INSTALL /home/potato/grafene/pomme/upstream/linux-hoolock/out/modules-staging/lib/modules/7.0.12-gdfa4d4208131-dirty/kernel/net/netfilter/nft_limit.ko
  INSTALL /home/potato/grafene/pomme/upstream/linux-hoolock/out/modules-staging/lib/modules/7.0.12-gdfa4d4208131-dirty/kernel/net/netfilter/nft_nat.ko
  STRIP   /home/potato/grafene/pomme/upstream/linux-hoolock/out/modules-staging/lib/modules/7.0.12-gdfa4d4208131-dirty/kernel/net/netfilter/nft_numgen.ko
  STRIP   /home/potato/grafene/pomme/upstream/linux-hoolock/out/modules-staging/lib/modules/7.0.12-gdfa4d4208131-dirty/kernel/net/netfilter/nft_connlimit.ko
  INSTALL /home/potato/grafene/pomme/upstream/linux-hoolock/out/modules-staging/lib/modules/7.0.12-gdfa4d4208131-dirty/kernel/net/netfilter/nft_quota.ko
  INSTALL /home/potato/grafene/pomme/upstream/linux-hoolock/out/modules-staging/lib/modules/7.0.12-gdfa4d4208131-dirty/kernel/net/netfilter/nft_reject.ko
  INSTALL /home/potato/grafene/pomme/upstream/linux-hoolock/out/modules-staging/lib/modules/7.0.12-gdfa4d4208131-dirty/kernel/net/netfilter/nft_reject_inet.ko
  INSTALL /home/potato/grafene/pomme/upstream/linux-hoolock/out/modules-staging/lib/modules/7.0.12-gdfa4d4208131-dirty/kernel/net/netfilter/nft_reject_netdev.ko
  STRIP   /home/potato/grafene/pomme/upstream/linux-hoolock/out/modules-staging/lib/modules/7.0.12-gdfa4d4208131-dirty/kernel/net/netfilter/nft_ct.ko
  INSTALL /home/potato/grafene/pomme/upstream/linux-hoolock/out/modules-staging/lib/modules/7.0.12-gdfa4d4208131-dirty/kernel/net/netfilter/nft_tunnel.ko
  STRIP   /home/potato/grafene/pomme/upstream/linux-hoolock/out/modules-staging/lib/modules/7.0.12-gdfa4d4208131-dirty/kernel/net/netfilter/nft_limit.ko
  INSTALL /home/potato/grafene/pomme/upstream/linux-hoolock/out/modules-staging/lib/modules/7.0.12-gdfa4d4208131-dirty/kernel/net/netfilter/nft_log.ko
  STRIP   /home/potato/grafene/pomme/upstream/linux-hoolock/out/modules-staging/lib/modules/7.0.12-gdfa4d4208131-dirty/kernel/net/netfilter/nft_nat.ko
  STRIP   /home/potato/grafene/pomme/upstream/linux-hoolock/out/modules-staging/lib/modules/7.0.12-gdfa4d4208131-dirty/kernel/net/netfilter/nft_quota.ko
  STRIP   /home/potato/grafene/pomme/upstream/linux-hoolock/out/modules-staging/lib/modules/7.0.12-gdfa4d4208131-dirty/kernel/net/netfilter/nft_reject.ko
  INSTALL /home/potato/grafene/pomme/upstream/linux-hoolock/out/modules-staging/lib/modules/7.0.12-gdfa4d4208131-dirty/kernel/net/netfilter/nft_masq.ko
  INSTALL /home/potato/grafene/pomme/upstream/linux-hoolock/out/modules-staging/lib/modules/7.0.12-gdfa4d4208131-dirty/kernel/net/netfilter/nft_redir.ko
  INSTALL /home/potato/grafene/pomme/upstream/linux-hoolock/out/modules-staging/lib/modules/7.0.12-gdfa4d4208131-dirty/kernel/net/netfilter/nft_hash.ko
  STRIP   /home/potato/grafene/pomme/upstream/linux-hoolock/out/modules-staging/lib/modules/7.0.12-gdfa4d4208131-dirty/kernel/net/netfilter/nf_tables.ko
  STRIP   /home/potato/grafene/pomme/upstream/linux-hoolock/out/modules-staging/lib/modules/7.0.12-gdfa4d4208131-dirty/kernel/net/netfilter/nft_log.ko
  STRIP   /home/potato/grafene/pomme/upstream/linux-hoolock/out/modules-staging/lib/modules/7.0.12-gdfa4d4208131-dirty/kernel/net/netfilter/nft_tunnel.ko
  STRIP   /home/potato/grafene/pomme/upstream/linux-hoolock/out/modules-staging/lib/modules/7.0.12-gdfa4d4208131-dirty/kernel/net/netfilter/nft_reject_inet.ko
  STRIP   /home/potato/grafene/pomme/upstream/linux-hoolock/out/modules-staging/lib/modules/7.0.12-gdfa4d4208131-dirty/kernel/net/netfilter/nft_reject_netdev.ko
  INSTALL /home/potato/grafene/pomme/upstream/linux-hoolock/out/modules-staging/lib/modules/7.0.12-gdfa4d4208131-dirty/kernel/net/netfilter/nft_fib.ko
  STRIP   /home/potato/grafene/pomme/upstream/linux-hoolock/out/modules-staging/lib/modules/7.0.12-gdfa4d4208131-dirty/kernel/net/netfilter/nft_hash.ko
  INSTALL /home/potato/grafene/pomme/upstream/linux-hoolock/out/modules-staging/lib/modules/7.0.12-gdfa4d4208131-dirty/kernel/net/netfilter/nft_socket.ko
  INSTALL /home/potato/grafene/pomme/upstream/linux-hoolock/out/modules-staging/lib/modules/7.0.12-gdfa4d4208131-dirty/kernel/net/netfilter/nft_osf.ko
  STRIP   /home/potato/grafene/pomme/upstream/linux-hoolock/out/modules-staging/lib/modules/7.0.12-gdfa4d4208131-dirty/kernel/net/netfilter/nft_masq.ko
  INSTALL /home/potato/grafene/pomme/upstream/linux-hoolock/out/modules-staging/lib/modules/7.0.12-gdfa4d4208131-dirty/kernel/net/netfilter/nft_tproxy.ko
  STRIP   /home/potato/grafene/pomme/upstream/linux-hoolock/out/modules-staging/lib/modules/7.0.12-gdfa4d4208131-dirty/kernel/net/netfilter/nft_redir.ko
  INSTALL /home/potato/grafene/pomme/upstream/linux-hoolock/out/modules-staging/lib/modules/7.0.12-gdfa4d4208131-dirty/kernel/net/netfilter/nft_synproxy.ko
  INSTALL /home/potato/grafene/pomme/upstream/linux-hoolock/out/modules-staging/lib/modules/7.0.12-gdfa4d4208131-dirty/kernel/net/netfilter/nft_chain_nat.ko
  STRIP   /home/potato/grafene/pomme/upstream/linux-hoolock/out/modules-staging/lib/modules/7.0.12-gdfa4d4208131-dirty/kernel/net/netfilter/nft_fib.ko
  INSTALL /home/potato/grafene/pomme/upstream/linux-hoolock/out/modules-staging/lib/modules/7.0.12-gdfa4d4208131-dirty/kernel/net/netfilter/nft_dup_netdev.ko
  INSTALL /home/potato/grafene/pomme/upstream/linux-hoolock/out/modules-staging/lib/modules/7.0.12-gdfa4d4208131-dirty/kernel/net/netfilter/nft_fwd_netdev.ko
  STRIP   /home/potato/grafene/pomme/upstream/linux-hoolock/out/modules-staging/lib/modules/7.0.12-gdfa4d4208131-dirty/kernel/net/netfilter/nft_socket.ko
  INSTALL /home/potato/grafene/pomme/upstream/linux-hoolock/out/modules-staging/lib/modules/7.0.12-gdfa4d4208131-dirty/kernel/net/netfilter/nf_flow_table.ko
  STRIP   /home/potato/grafene/pomme/upstream/linux-hoolock/out/modules-staging/lib/modules/7.0.12-gdfa4d4208131-dirty/kernel/net/netfilter/nft_osf.ko
  STRIP   /home/potato/grafene/pomme/upstream/linux-hoolock/out/modules-staging/lib/modules/7.0.12-gdfa4d4208131-dirty/kernel/net/netfilter/nft_tproxy.ko
  INSTALL /home/potato/grafene/pomme/upstream/linux-hoolock/out/modules-staging/lib/modules/7.0.12-gdfa4d4208131-dirty/kernel/net/netfilter/x_tables.ko
  INSTALL /home/potato/grafene/pomme/upstream/linux-hoolock/out/modules-staging/lib/modules/7.0.12-gdfa4d4208131-dirty/kernel/net/netfilter/xt_tcpudp.ko
  STRIP   /home/potato/grafene/pomme/upstream/linux-hoolock/out/modules-staging/lib/modules/7.0.12-gdfa4d4208131-dirty/kernel/net/netfilter/nft_chain_nat.ko
  STRIP   /home/potato/grafene/pomme/upstream/linux-hoolock/out/modules-staging/lib/modules/7.0.12-gdfa4d4208131-dirty/kernel/net/netfilter/nft_synproxy.ko
  INSTALL /home/potato/grafene/pomme/upstream/linux-hoolock/out/modules-staging/lib/modules/7.0.12-gdfa4d4208131-dirty/kernel/net/netfilter/xt_mark.ko
  STRIP   /home/potato/grafene/pomme/upstream/linux-hoolock/out/modules-staging/lib/modules/7.0.12-gdfa4d4208131-dirty/kernel/net/netfilter/nft_fwd_netdev.ko
  STRIP   /home/potato/grafene/pomme/upstream/linux-hoolock/out/modules-staging/lib/modules/7.0.12-gdfa4d4208131-dirty/kernel/net/netfilter/nft_dup_netdev.ko
  INSTALL /home/potato/grafene/pomme/upstream/linux-hoolock/out/modules-staging/lib/modules/7.0.12-gdfa4d4208131-dirty/kernel/net/netfilter/xt_nat.ko
  INSTALL /home/potato/grafene/pomme/upstream/linux-hoolock/out/modules-staging/lib/modules/7.0.12-gdfa4d4208131-dirty/kernel/net/netfilter/xt_CHECKSUM.ko
  INSTALL /home/potato/grafene/pomme/upstream/linux-hoolock/out/modules-staging/lib/modules/7.0.12-gdfa4d4208131-dirty/kernel/net/netfilter/xt_LOG.ko
  STRIP   /home/potato/grafene/pomme/upstream/linux-hoolock/out/modules-staging/lib/modules/7.0.12-gdfa4d4208131-dirty/kernel/net/netfilter/xt_tcpudp.ko
  STRIP   /home/potato/grafene/pomme/upstream/linux-hoolock/out/modules-staging/lib/modules/7.0.12-gdfa4d4208131-dirty/kernel/net/netfilter/x_tables.ko
  INSTALL /home/potato/grafene/pomme/upstream/linux-hoolock/out/modules-staging/lib/modules/7.0.12-gdfa4d4208131-dirty/kernel/net/netfilter/xt_REDIRECT.ko
  STRIP   /home/potato/grafene/pomme/upstream/linux-hoolock/out/modules-staging/lib/modules/7.0.12-gdfa4d4208131-dirty/kernel/net/netfilter/xt_mark.ko
  STRIP   /home/potato/grafene/pomme/upstream/linux-hoolock/out/modules-staging/lib/modules/7.0.12-gdfa4d4208131-dirty/kernel/net/netfilter/xt_nat.ko
  INSTALL /home/potato/grafene/pomme/upstream/linux-hoolock/out/modules-staging/lib/modules/7.0.12-gdfa4d4208131-dirty/kernel/net/netfilter/xt_MASQUERADE.ko
  INSTALL /home/potato/grafene/pomme/upstream/linux-hoolock/out/modules-staging/lib/modules/7.0.12-gdfa4d4208131-dirty/kernel/net/netfilter/xt_TCPMSS.ko
  STRIP   /home/potato/grafene/pomme/upstream/linux-hoolock/out/modules-staging/lib/modules/7.0.12-gdfa4d4208131-dirty/kernel/net/netfilter/xt_CHECKSUM.ko
  INSTALL /home/potato/grafene/pomme/upstream/linux-hoolock/out/modules-staging/lib/modules/7.0.12-gdfa4d4208131-dirty/kernel/net/netfilter/xt_addrtype.ko
  INSTALL /home/potato/grafene/pomme/upstream/linux-hoolock/out/modules-staging/lib/modules/7.0.12-gdfa4d4208131-dirty/kernel/net/netfilter/xt_comment.ko
  STRIP   /home/potato/grafene/pomme/upstream/linux-hoolock/out/modules-staging/lib/modules/7.0.12-gdfa4d4208131-dirty/kernel/net/netfilter/xt_LOG.ko
  STRIP   /home/potato/grafene/pomme/upstream/linux-hoolock/out/modules-staging/lib/modules/7.0.12-gdfa4d4208131-dirty/kernel/net/netfilter/xt_REDIRECT.ko
  INSTALL /home/potato/grafene/pomme/upstream/linux-hoolock/out/modules-staging/lib/modules/7.0.12-gdfa4d4208131-dirty/kernel/net/netfilter/xt_conntrack.ko
  STRIP   /home/potato/grafene/pomme/upstream/linux-hoolock/out/modules-staging/lib/modules/7.0.12-gdfa4d4208131-dirty/kernel/net/netfilter/nf_flow_table.ko
  INSTALL /home/potato/grafene/pomme/upstream/linux-hoolock/out/modules-staging/lib/modules/7.0.12-gdfa4d4208131-dirty/kernel/net/netfilter/xt_ipvs.ko
  STRIP   /home/potato/grafene/pomme/upstream/linux-hoolock/out/modules-staging/lib/modules/7.0.12-gdfa4d4208131-dirty/kernel/net/netfilter/xt_TCPMSS.ko
  INSTALL /home/potato/grafene/pomme/upstream/linux-hoolock/out/modules-staging/lib/modules/7.0.12-gdfa4d4208131-dirty/kernel/net/netfilter/xt_multiport.ko
  STRIP   /home/potato/grafene/pomme/upstream/linux-hoolock/out/modules-staging/lib/modules/7.0.12-gdfa4d4208131-dirty/kernel/net/netfilter/xt_MASQUERADE.ko
  INSTALL /home/potato/grafene/pomme/upstream/linux-hoolock/out/modules-staging/lib/modules/7.0.12-gdfa4d4208131-dirty/kernel/net/netfilter/xt_statistic.ko
  INSTALL /home/potato/grafene/pomme/upstream/linux-hoolock/out/modules-staging/lib/modules/7.0.12-gdfa4d4208131-dirty/kernel/net/netfilter/xt_tcpmss.ko
  INSTALL /home/potato/grafene/pomme/upstream/linux-hoolock/out/modules-staging/lib/modules/7.0.12-gdfa4d4208131-dirty/kernel/net/netfilter/ipvs/ip_vs.ko
  STRIP   /home/potato/grafene/pomme/upstream/linux-hoolock/out/modules-staging/lib/modules/7.0.12-gdfa4d4208131-dirty/kernel/net/netfilter/xt_addrtype.ko
  STRIP   /home/potato/grafene/pomme/upstream/linux-hoolock/out/modules-staging/lib/modules/7.0.12-gdfa4d4208131-dirty/kernel/net/netfilter/xt_comment.ko
  STRIP   /home/potato/grafene/pomme/upstream/linux-hoolock/out/modules-staging/lib/modules/7.0.12-gdfa4d4208131-dirty/kernel/net/netfilter/xt_conntrack.ko
  STRIP   /home/potato/grafene/pomme/upstream/linux-hoolock/out/modules-staging/lib/modules/7.0.12-gdfa4d4208131-dirty/kernel/net/netfilter/xt_ipvs.ko
  INSTALL /home/potato/grafene/pomme/upstream/linux-hoolock/out/modules-staging/lib/modules/7.0.12-gdfa4d4208131-dirty/kernel/net/netfilter/ipvs/ip_vs_rr.ko
  STRIP   /home/potato/grafene/pomme/upstream/linux-hoolock/out/modules-staging/lib/modules/7.0.12-gdfa4d4208131-dirty/kernel/net/netfilter/xt_multiport.ko
  INSTALL /home/potato/grafene/pomme/upstream/linux-hoolock/out/modules-staging/lib/modules/7.0.12-gdfa4d4208131-dirty/kernel/net/ipv4/netfilter/nf_defrag_ipv4.ko
  STRIP   /home/potato/grafene/pomme/upstream/linux-hoolock/out/modules-staging/lib/modules/7.0.12-gdfa4d4208131-dirty/kernel/net/netfilter/xt_statistic.ko
  INSTALL /home/potato/grafene/pomme/upstream/linux-hoolock/out/modules-staging/lib/modules/7.0.12-gdfa4d4208131-dirty/kernel/net/ipv4/netfilter/nf_reject_ipv4.ko
  INSTALL /home/potato/grafene/pomme/upstream/linux-hoolock/out/modules-staging/lib/modules/7.0.12-gdfa4d4208131-dirty/kernel/net/ipv4/netfilter/nft_reject_ipv4.ko
  STRIP   /home/potato/grafene/pomme/upstream/linux-hoolock/out/modules-staging/lib/modules/7.0.12-gdfa4d4208131-dirty/kernel/net/netfilter/xt_tcpmss.ko
  INSTALL /home/potato/grafene/pomme/upstream/linux-hoolock/out/modules-staging/lib/modules/7.0.12-gdfa4d4208131-dirty/kernel/net/ipv4/netfilter/nft_fib_ipv4.ko
  INSTALL /home/potato/grafene/pomme/upstream/linux-hoolock/out/modules-staging/lib/modules/7.0.12-gdfa4d4208131-dirty/kernel/net/ipv4/netfilter/ip_tables.ko
  INSTALL /home/potato/grafene/pomme/upstream/linux-hoolock/out/modules-staging/lib/modules/7.0.12-gdfa4d4208131-dirty/kernel/net/ipv4/netfilter/iptable_filter.ko
  STRIP   /home/potato/grafene/pomme/upstream/linux-hoolock/out/modules-staging/lib/modules/7.0.12-gdfa4d4208131-dirty/kernel/net/ipv4/netfilter/nf_defrag_ipv4.ko
  STRIP   /home/potato/grafene/pomme/upstream/linux-hoolock/out/modules-staging/lib/modules/7.0.12-gdfa4d4208131-dirty/kernel/net/netfilter/ipvs/ip_vs_rr.ko
  INSTALL /home/potato/grafene/pomme/upstream/linux-hoolock/out/modules-staging/lib/modules/7.0.12-gdfa4d4208131-dirty/kernel/net/ipv4/netfilter/iptable_mangle.ko
  INSTALL /home/potato/grafene/pomme/upstream/linux-hoolock/out/modules-staging/lib/modules/7.0.12-gdfa4d4208131-dirty/kernel/net/ipv4/netfilter/iptable_nat.ko
  STRIP   /home/potato/grafene/pomme/upstream/linux-hoolock/out/modules-staging/lib/modules/7.0.12-gdfa4d4208131-dirty/kernel/net/ipv4/netfilter/nft_fib_ipv4.ko
  STRIP   /home/potato/grafene/pomme/upstream/linux-hoolock/out/modules-staging/lib/modules/7.0.12-gdfa4d4208131-dirty/kernel/net/ipv4/netfilter/nf_reject_ipv4.ko
  STRIP   /home/potato/grafene/pomme/upstream/linux-hoolock/out/modules-staging/lib/modules/7.0.12-gdfa4d4208131-dirty/kernel/net/ipv4/netfilter/iptable_filter.ko
  INSTALL /home/potato/grafene/pomme/upstream/linux-hoolock/out/modules-staging/lib/modules/7.0.12-gdfa4d4208131-dirty/kernel/net/ipv4/netfilter/iptable_raw.ko
  STRIP   /home/potato/grafene/pomme/upstream/linux-hoolock/out/modules-staging/lib/modules/7.0.12-gdfa4d4208131-dirty/kernel/net/ipv4/netfilter/ip_tables.ko
  STRIP   /home/potato/grafene/pomme/upstream/linux-hoolock/out/modules-staging/lib/modules/7.0.12-gdfa4d4208131-dirty/kernel/net/ipv4/netfilter/nft_reject_ipv4.ko
  INSTALL /home/potato/grafene/pomme/upstream/linux-hoolock/out/modules-staging/lib/modules/7.0.12-gdfa4d4208131-dirty/kernel/net/ipv4/netfilter/ipt_REJECT.ko
  STRIP   /home/potato/grafene/pomme/upstream/linux-hoolock/out/modules-staging/lib/modules/7.0.12-gdfa4d4208131-dirty/kernel/net/ipv4/netfilter/iptable_mangle.ko
  STRIP   /home/potato/grafene/pomme/upstream/linux-hoolock/out/modules-staging/lib/modules/7.0.12-gdfa4d4208131-dirty/kernel/net/ipv4/netfilter/iptable_nat.ko
  INSTALL /home/potato/grafene/pomme/upstream/linux-hoolock/out/modules-staging/lib/modules/7.0.12-gdfa4d4208131-dirty/kernel/net/ipv4/udp_tunnel.ko
  STRIP   /home/potato/grafene/pomme/upstream/linux-hoolock/out/modules-staging/lib/modules/7.0.12-gdfa4d4208131-dirty/kernel/net/netfilter/ipvs/ip_vs.ko
  INSTALL /home/potato/grafene/pomme/upstream/linux-hoolock/out/modules-staging/lib/modules/7.0.12-gdfa4d4208131-dirty/kernel/net/ipv6/netfilter/ip6table_filter.ko
  INSTALL /home/potato/grafene/pomme/upstream/linux-hoolock/out/modules-staging/lib/modules/7.0.12-gdfa4d4208131-dirty/kernel/net/ipv6/netfilter/ip6_tables.ko
  INSTALL /home/potato/grafene/pomme/upstream/linux-hoolock/out/modules-staging/lib/modules/7.0.12-gdfa4d4208131-dirty/kernel/net/ipv6/netfilter/ip6table_mangle.ko
  INSTALL /home/potato/grafene/pomme/upstream/linux-hoolock/out/modules-staging/lib/modules/7.0.12-gdfa4d4208131-dirty/kernel/net/ipv6/netfilter/ip6table_raw.ko
  STRIP   /home/potato/grafene/pomme/upstream/linux-hoolock/out/modules-staging/lib/modules/7.0.12-gdfa4d4208131-dirty/kernel/net/ipv4/netfilter/iptable_raw.ko
  STRIP   /home/potato/grafene/pomme/upstream/linux-hoolock/out/modules-staging/lib/modules/7.0.12-gdfa4d4208131-dirty/kernel/net/ipv4/netfilter/ipt_REJECT.ko
  INSTALL /home/potato/grafene/pomme/upstream/linux-hoolock/out/modules-staging/lib/modules/7.0.12-gdfa4d4208131-dirty/kernel/net/ipv6/netfilter/ip6table_nat.ko
  STRIP   /home/potato/grafene/pomme/upstream/linux-hoolock/out/modules-staging/lib/modules/7.0.12-gdfa4d4208131-dirty/kernel/net/ipv6/netfilter/ip6table_filter.ko
  INSTALL /home/potato/grafene/pomme/upstream/linux-hoolock/out/modules-staging/lib/modules/7.0.12-gdfa4d4208131-dirty/kernel/net/ipv6/netfilter/nf_defrag_ipv6.ko
  INSTALL /home/potato/grafene/pomme/upstream/linux-hoolock/out/modules-staging/lib/modules/7.0.12-gdfa4d4208131-dirty/kernel/net/ipv6/netfilter/nf_reject_ipv6.ko
  INSTALL /home/potato/grafene/pomme/upstream/linux-hoolock/out/modules-staging/lib/modules/7.0.12-gdfa4d4208131-dirty/kernel/net/ipv6/netfilter/nft_reject_ipv6.ko
  STRIP   /home/potato/grafene/pomme/upstream/linux-hoolock/out/modules-staging/lib/modules/7.0.12-gdfa4d4208131-dirty/kernel/net/ipv6/netfilter/ip6table_raw.ko
  STRIP   /home/potato/grafene/pomme/upstream/linux-hoolock/out/modules-staging/lib/modules/7.0.12-gdfa4d4208131-dirty/kernel/net/ipv6/netfilter/ip6table_mangle.ko
  STRIP   /home/potato/grafene/pomme/upstream/linux-hoolock/out/modules-staging/lib/modules/7.0.12-gdfa4d4208131-dirty/kernel/net/ipv6/netfilter/ip6_tables.ko
  INSTALL /home/potato/grafene/pomme/upstream/linux-hoolock/out/modules-staging/lib/modules/7.0.12-gdfa4d4208131-dirty/kernel/net/ipv6/netfilter/nft_fib_ipv6.ko
  INSTALL /home/potato/grafene/pomme/upstream/linux-hoolock/out/modules-staging/lib/modules/7.0.12-gdfa4d4208131-dirty/kernel/net/ipv6/netfilter/ip6t_REJECT.ko
  INSTALL /home/potato/grafene/pomme/upstream/linux-hoolock/out/modules-staging/lib/modules/7.0.12-gdfa4d4208131-dirty/kernel/net/ipv6/ip6_udp_tunnel.ko
  STRIP   /home/potato/grafene/pomme/upstream/linux-hoolock/out/modules-staging/lib/modules/7.0.12-gdfa4d4208131-dirty/kernel/net/ipv6/netfilter/ip6table_nat.ko
  STRIP   /home/potato/grafene/pomme/upstream/linux-hoolock/out/modules-staging/lib/modules/7.0.12-gdfa4d4208131-dirty/kernel/net/ipv4/udp_tunnel.ko
  INSTALL /home/potato/grafene/pomme/upstream/linux-hoolock/out/modules-staging/lib/modules/7.0.12-gdfa4d4208131-dirty/kernel/net/8021q/8021q.ko
  INSTALL /home/potato/grafene/pomme/upstream/linux-hoolock/out/modules-staging/lib/modules/7.0.12-gdfa4d4208131-dirty/kernel/net/llc/llc.ko
  STRIP   /home/potato/grafene/pomme/upstream/linux-hoolock/out/modules-staging/lib/modules/7.0.12-gdfa4d4208131-dirty/kernel/net/ipv6/netfilter/nft_reject_ipv6.ko
  STRIP   /home/potato/grafene/pomme/upstream/linux-hoolock/out/modules-staging/lib/modules/7.0.12-gdfa4d4208131-dirty/kernel/net/ipv6/netfilter/nf_reject_ipv6.ko
  INSTALL /home/potato/grafene/pomme/upstream/linux-hoolock/out/modules-staging/lib/modules/7.0.12-gdfa4d4208131-dirty/kernel/net/bridge/bridge.ko
  STRIP   /home/potato/grafene/pomme/upstream/linux-hoolock/out/modules-staging/lib/modules/7.0.12-gdfa4d4208131-dirty/kernel/net/ipv6/netfilter/nft_fib_ipv6.ko
  INSTALL /home/potato/grafene/pomme/upstream/linux-hoolock/out/modules-staging/lib/modules/7.0.12-gdfa4d4208131-dirty/kernel/net/bridge/br_netfilter.ko
  STRIP   /home/potato/grafene/pomme/upstream/linux-hoolock/out/modules-staging/lib/modules/7.0.12-gdfa4d4208131-dirty/kernel/net/ipv6/netfilter/ip6t_REJECT.ko
  INSTALL /home/potato/grafene/pomme/upstream/linux-hoolock/out/modules-staging/lib/modules/7.0.12-gdfa4d4208131-dirty/kernel/net/bluetooth/bluetooth.ko
  INSTALL /home/potato/grafene/pomme/upstream/linux-hoolock/out/modules-staging/lib/modules/7.0.12-gdfa4d4208131-dirty/kernel/net/bluetooth/hidp/hidp.ko
  STRIP   /home/potato/grafene/pomme/upstream/linux-hoolock/out/modules-staging/lib/modules/7.0.12-gdfa4d4208131-dirty/kernel/net/ipv6/netfilter/nf_defrag_ipv6.ko
  STRIP   /home/potato/grafene/pomme/upstream/linux-hoolock/out/modules-staging/lib/modules/7.0.12-gdfa4d4208131-dirty/kernel/net/ipv6/ip6_udp_tunnel.ko
  INSTALL /home/potato/grafene/pomme/upstream/linux-hoolock/out/modules-staging/lib/modules/7.0.12-gdfa4d4208131-dirty/kernel/net/sunrpc/sunrpc.ko
  INSTALL /home/potato/grafene/pomme/upstream/linux-hoolock/out/modules-staging/lib/modules/7.0.12-gdfa4d4208131-dirty/kernel/net/sunrpc/auth_gss/auth_rpcgss.ko
  STRIP   /home/potato/grafene/pomme/upstream/linux-hoolock/out/modules-staging/lib/modules/7.0.12-gdfa4d4208131-dirty/kernel/net/8021q/8021q.ko
  STRIP   /home/potato/grafene/pomme/upstream/linux-hoolock/out/modules-staging/lib/modules/7.0.12-gdfa4d4208131-dirty/kernel/net/bridge/br_netfilter.ko
  STRIP   /home/potato/grafene/pomme/upstream/linux-hoolock/out/modules-staging/lib/modules/7.0.12-gdfa4d4208131-dirty/kernel/net/llc/llc.ko
  STRIP   /home/potato/grafene/pomme/upstream/linux-hoolock/out/modules-staging/lib/modules/7.0.12-gdfa4d4208131-dirty/kernel/net/bluetooth/hidp/hidp.ko
  INSTALL /home/potato/grafene/pomme/upstream/linux-hoolock/out/modules-staging/lib/modules/7.0.12-gdfa4d4208131-dirty/kernel/net/sunrpc/auth_gss/rpcsec_gss_krb5.ko
  INSTALL /home/potato/grafene/pomme/upstream/linux-hoolock/out/modules-staging/lib/modules/7.0.12-gdfa4d4208131-dirty/kernel/net/rfkill/rfkill.ko
  ZSTD    /home/potato/grafene/pomme/upstream/linux-hoolock/out/modules-staging/lib/modules/7.0.12-gdfa4d4208131-dirty/kernel/fs/nfs_common/nfs_acl.ko.zst
  ZSTD    /home/potato/grafene/pomme/upstream/linux-hoolock/out/modules-staging/lib/modules/7.0.12-gdfa4d4208131-dirty/kernel/fs/nfs_common/grace.ko.zst
  ZSTD    /home/potato/grafene/pomme/upstream/linux-hoolock/out/modules-staging/lib/modules/7.0.12-gdfa4d4208131-dirty/kernel/fs/nls/nls_ucs2_utils.ko.zst
  ZSTD    /home/potato/grafene/pomme/upstream/linux-hoolock/out/modules-staging/lib/modules/7.0.12-gdfa4d4208131-dirty/kernel/fs/binfmt_misc.ko.zst
  ZSTD    /home/potato/grafene/pomme/upstream/linux-hoolock/out/modules-staging/lib/modules/7.0.12-gdfa4d4208131-dirty/kernel/fs/netfs/netfs.ko.zst
  ZSTD    /home/potato/grafene/pomme/upstream/linux-hoolock/out/modules-staging/lib/modules/7.0.12-gdfa4d4208131-dirty/kernel/fs/squashfs/squashfs.ko.zst
  STRIP   /home/potato/grafene/pomme/upstream/linux-hoolock/out/modules-staging/lib/modules/7.0.12-gdfa4d4208131-dirty/kernel/net/sunrpc/auth_gss/auth_rpcgss.ko
  ZSTD    /home/potato/grafene/pomme/upstream/linux-hoolock/out/modules-staging/lib/modules/7.0.12-gdfa4d4208131-dirty/kernel/fs/exfat/exfat.ko.zst
  STRIP   /home/potato/grafene/pomme/upstream/linux-hoolock/out/modules-staging/lib/modules/7.0.12-gdfa4d4208131-dirty/kernel/net/rfkill/rfkill.ko
  ZSTD    /home/potato/grafene/pomme/upstream/linux-hoolock/out/modules-staging/lib/modules/7.0.12-gdfa4d4208131-dirty/kernel/fs/nfs/nfs.ko.zst
  ZSTD    /home/potato/grafene/pomme/upstream/linux-hoolock/out/modules-staging/lib/modules/7.0.12-gdfa4d4208131-dirty/kernel/fs/nfs/nfsv3.ko.zst
  ZSTD    /home/potato/grafene/pomme/upstream/linux-hoolock/out/modules-staging/lib/modules/7.0.12-gdfa4d4208131-dirty/kernel/fs/nfs/nfsv4.ko.zst
  ZSTD    /home/potato/grafene/pomme/upstream/linux-hoolock/out/modules-staging/lib/modules/7.0.12-gdfa4d4208131-dirty/kernel/fs/nfs/filelayout/nfs_layout_nfsv41_files.ko.zst
  STRIP   /home/potato/grafene/pomme/upstream/linux-hoolock/out/modules-staging/lib/modules/7.0.12-gdfa4d4208131-dirty/kernel/net/bridge/bridge.ko
  STRIP   /home/potato/grafene/pomme/upstream/linux-hoolock/out/modules-staging/lib/modules/7.0.12-gdfa4d4208131-dirty/kernel/net/sunrpc/auth_gss/rpcsec_gss_krb5.ko
  ZSTD    /home/potato/grafene/pomme/upstream/linux-hoolock/out/modules-staging/lib/modules/7.0.12-gdfa4d4208131-dirty/kernel/fs/nfs/blocklayout/blocklayoutdriver.ko.zst
  ZSTD    /home/potato/grafene/pomme/upstream/linux-hoolock/out/modules-staging/lib/modules/7.0.12-gdfa4d4208131-dirty/kernel/fs/nfs/flexfilelayout/nfs_layout_flexfiles.ko.zst
  STRIP   /home/potato/grafene/pomme/upstream/linux-hoolock/out/modules-staging/lib/modules/7.0.12-gdfa4d4208131-dirty/kernel/net/bluetooth/bluetooth.ko
  ZSTD    /home/potato/grafene/pomme/upstream/linux-hoolock/out/modules-staging/lib/modules/7.0.12-gdfa4d4208131-dirty/kernel/fs/nfsd/nfsd.ko.zst
  ZSTD    /home/potato/grafene/pomme/upstream/linux-hoolock/out/modules-staging/lib/modules/7.0.12-gdfa4d4208131-dirty/kernel/fs/lockd/lockd.ko.zst
  ZSTD    /home/potato/grafene/pomme/upstream/linux-hoolock/out/modules-staging/lib/modules/7.0.12-gdfa4d4208131-dirty/kernel/fs/smb/common/cifs_md4.ko.zst
  STRIP   /home/potato/grafene/pomme/upstream/linux-hoolock/out/modules-staging/lib/modules/7.0.12-gdfa4d4208131-dirty/kernel/net/sunrpc/sunrpc.ko
  ZSTD    /home/potato/grafene/pomme/upstream/linux-hoolock/out/modules-staging/lib/modules/7.0.12-gdfa4d4208131-dirty/kernel/fs/smb/client/cifs.ko.zst
  ZSTD    /home/potato/grafene/pomme/upstream/linux-hoolock/out/modules-staging/lib/modules/7.0.12-gdfa4d4208131-dirty/kernel/fs/ntfs3/ntfs3.ko.zst
  ZSTD    /home/potato/grafene/pomme/upstream/linux-hoolock/out/modules-staging/lib/modules/7.0.12-gdfa4d4208131-dirty/kernel/fs/fuse/fuse.ko.zst
  ZSTD    /home/potato/grafene/pomme/upstream/linux-hoolock/out/modules-staging/lib/modules/7.0.12-gdfa4d4208131-dirty/kernel/fs/overlayfs/overlay.ko.zst
  ZSTD    /home/potato/grafene/pomme/upstream/linux-hoolock/out/modules-staging/lib/modules/7.0.12-gdfa4d4208131-dirty/kernel/fs/udf/udf.ko.zst
  ZSTD    /home/potato/grafene/pomme/upstream/linux-hoolock/out/modules-staging/lib/modules/7.0.12-gdfa4d4208131-dirty/kernel/fs/xfs/xfs.ko.zst
  ZSTD    /home/potato/grafene/pomme/upstream/linux-hoolock/out/modules-staging/lib/modules/7.0.12-gdfa4d4208131-dirty/kernel/fs/cachefiles/cachefiles.ko.zst
  ZSTD    /home/potato/grafene/pomme/upstream/linux-hoolock/out/modules-staging/lib/modules/7.0.12-gdfa4d4208131-dirty/kernel/fs/efivarfs/efivarfs.ko.zst
  ZSTD    /home/potato/grafene/pomme/upstream/linux-hoolock/out/modules-staging/lib/modules/7.0.12-gdfa4d4208131-dirty/kernel/fs/erofs/erofs.ko.zst
  ZSTD    /home/potato/grafene/pomme/upstream/linux-hoolock/out/modules-staging/lib/modules/7.0.12-gdfa4d4208131-dirty/kernel/crypto/asymmetric_keys/pkcs8_key_parser.ko.zst
  ZSTD    /home/potato/grafene/pomme/upstream/linux-hoolock/out/modules-staging/lib/modules/7.0.12-gdfa4d4208131-dirty/kernel/crypto/cmac.ko.zst
  ZSTD    /home/potato/grafene/pomme/upstream/linux-hoolock/out/modules-staging/lib/modules/7.0.12-gdfa4d4208131-dirty/kernel/crypto/md4.ko.zst
  ZSTD    /home/potato/grafene/pomme/upstream/linux-hoolock/out/modules-staging/lib/modules/7.0.12-gdfa4d4208131-dirty/kernel/crypto/des_generic.ko.zst
  ZSTD    /home/potato/grafene/pomme/upstream/linux-hoolock/out/modules-staging/lib/modules/7.0.12-gdfa4d4208131-dirty/kernel/crypto/camellia_generic.ko.zst
  ZSTD    /home/potato/grafene/pomme/upstream/linux-hoolock/out/modules-staging/lib/modules/7.0.12-gdfa4d4208131-dirty/kernel/crypto/algif_hash.ko.zst
  ZSTD    /home/potato/grafene/pomme/upstream/linux-hoolock/out/modules-staging/lib/modules/7.0.12-gdfa4d4208131-dirty/kernel/crypto/algif_skcipher.ko.zst
  ZSTD    /home/potato/grafene/pomme/upstream/linux-hoolock/out/modules-staging/lib/modules/7.0.12-gdfa4d4208131-dirty/kernel/crypto/async_tx/async_tx.ko.zst
  ZSTD    /home/potato/grafene/pomme/upstream/linux-hoolock/out/modules-staging/lib/modules/7.0.12-gdfa4d4208131-dirty/kernel/crypto/async_tx/async_xor.ko.zst
  ZSTD    /home/potato/grafene/pomme/upstream/linux-hoolock/out/modules-staging/lib/modules/7.0.12-gdfa4d4208131-dirty/kernel/block/bsg.ko.zst
  ZSTD    /home/potato/grafene/pomme/upstream/linux-hoolock/out/modules-staging/lib/modules/7.0.12-gdfa4d4208131-dirty/kernel/lib/crc/crc-itu-t.ko.zst
  ZSTD    /home/potato/grafene/pomme/upstream/linux-hoolock/out/modules-staging/lib/modules/7.0.12-gdfa4d4208131-dirty/kernel/lib/crypto/libarc4.ko.zst
  ZSTD    /home/potato/grafene/pomme/upstream/linux-hoolock/out/modules-staging/lib/modules/7.0.12-gdfa4d4208131-dirty/kernel/lib/crypto/libchacha20poly1305.ko.zst
  ZSTD    /home/potato/grafene/pomme/upstream/linux-hoolock/out/modules-staging/lib/modules/7.0.12-gdfa4d4208131-dirty/kernel/lib/crypto/libcurve25519.ko.zst
  ZSTD    /home/potato/grafene/pomme/upstream/linux-hoolock/out/modules-staging/lib/modules/7.0.12-gdfa4d4208131-dirty/kernel/lib/crypto/libdes.ko.zst
  ZSTD    /home/potato/grafene/pomme/upstream/linux-hoolock/out/modules-staging/lib/modules/7.0.12-gdfa4d4208131-dirty/kernel/lib/crypto/libpoly1305.ko.zst
  ZSTD    /home/potato/grafene/pomme/upstream/linux-hoolock/out/modules-staging/lib/modules/7.0.12-gdfa4d4208131-dirty/kernel/drivers/leds/trigger/ledtrig-timer.ko.zst
  ZSTD    /home/potato/grafene/pomme/upstream/linux-hoolock/out/modules-staging/lib/modules/7.0.12-gdfa4d4208131-dirty/kernel/drivers/leds/trigger/ledtrig-pattern.ko.zst
  ZSTD    /home/potato/grafene/pomme/upstream/linux-hoolock/out/modules-staging/lib/modules/7.0.12-gdfa4d4208131-dirty/kernel/drivers/leds/led-class.ko.zst
  ZSTD    /home/potato/grafene/pomme/upstream/linux-hoolock/out/modules-staging/lib/modules/7.0.12-gdfa4d4208131-dirty/kernel/drivers/leds/led-class-multicolor.ko.zst
  ZSTD    /home/potato/grafene/pomme/upstream/linux-hoolock/out/modules-staging/lib/modules/7.0.12-gdfa4d4208131-dirty/kernel/drivers/video/backlight/lcd.ko.zst
  ZSTD    /home/potato/grafene/pomme/upstream/linux-hoolock/out/modules-staging/lib/modules/7.0.12-gdfa4d4208131-dirty/kernel/drivers/tty/ttynull.ko.zst
  ZSTD    /home/potato/grafene/pomme/upstream/linux-hoolock/out/modules-staging/lib/modules/7.0.12-gdfa4d4208131-dirty/kernel/drivers/char/hw_random/virtio-rng.ko.zst
  ZSTD    /home/potato/grafene/pomme/upstream/linux-hoolock/out/modules-staging/lib/modules/7.0.12-gdfa4d4208131-dirty/kernel/drivers/gpu/drm/udl/udl.ko.zst
  ZSTD    /home/potato/grafene/pomme/upstream/linux-hoolock/out/modules-staging/lib/modules/7.0.12-gdfa4d4208131-dirty/kernel/drivers/block/nbd.ko.zst
  ZSTD    /home/potato/grafene/pomme/upstream/linux-hoolock/out/modules-staging/lib/modules/7.0.12-gdfa4d4208131-dirty/kernel/drivers/block/ublk_drv.ko.zst
  ZSTD    /home/potato/grafene/pomme/upstream/linux-hoolock/out/modules-staging/lib/modules/7.0.12-gdfa4d4208131-dirty/kernel/drivers/misc/enclosure.ko.zst
  ZSTD    /home/potato/grafene/pomme/upstream/linux-hoolock/out/modules-staging/lib/modules/7.0.12-gdfa4d4208131-dirty/kernel/drivers/misc/hmc6352.ko.zst
  ZSTD    /home/potato/grafene/pomme/upstream/linux-hoolock/out/modules-staging/lib/modules/7.0.12-gdfa4d4208131-dirty/kernel/drivers/misc/ntsync.ko.zst
  ZSTD    /home/potato/grafene/pomme/upstream/linux-hoolock/out/modules-staging/lib/modules/7.0.12-gdfa4d4208131-dirty/kernel/drivers/misc/hi6421v600-irq.ko.zst
  ZSTD    /home/potato/grafene/pomme/upstream/linux-hoolock/out/modules-staging/lib/modules/7.0.12-gdfa4d4208131-dirty/kernel/drivers/scsi/scsi_mod.ko.zst
  ZSTD    /home/potato/grafene/pomme/upstream/linux-hoolock/out/modules-staging/lib/modules/7.0.12-gdfa4d4208131-dirty/kernel/drivers/scsi/scsi_common.ko.zst
  ZSTD    /home/potato/grafene/pomme/upstream/linux-hoolock/out/modules-staging/lib/modules/7.0.12-gdfa4d4208131-dirty/kernel/drivers/net/phy/mdio-bus.ko.zst
  ZSTD    /home/potato/grafene/pomme/upstream/linux-hoolock/out/modules-staging/lib/modules/7.0.12-gdfa4d4208131-dirty/kernel/drivers/net/phy/phylink.ko.zst
  ZSTD    /home/potato/grafene/pomme/upstream/linux-hoolock/out/modules-staging/lib/modules/7.0.12-gdfa4d4208131-dirty/kernel/drivers/net/phy/libphy.ko.zst
  ZSTD    /home/potato/grafene/pomme/upstream/linux-hoolock/out/modules-staging/lib/modules/7.0.12-gdfa4d4208131-dirty/kernel/drivers/net/phy/mdio_devres.ko.zst
  ZSTD    /home/potato/grafene/pomme/upstream/linux-hoolock/out/modules-staging/lib/modules/7.0.12-gdfa4d4208131-dirty/kernel/drivers/net/phy/ax88796b.ko.zst
  ZSTD    /home/potato/grafene/pomme/upstream/linux-hoolock/out/modules-staging/lib/modules/7.0.12-gdfa4d4208131-dirty/kernel/drivers/net/phy/fixed_phy.ko.zst
  ZSTD    /home/potato/grafene/pomme/upstream/linux-hoolock/out/modules-staging/lib/modules/7.0.12-gdfa4d4208131-dirty/kernel/drivers/net/mdio/fwnode_mdio.ko.zst
  ZSTD    /home/potato/grafene/pomme/upstream/linux-hoolock/out/modules-staging/lib/modules/7.0.12-gdfa4d4208131-dirty/kernel/drivers/net/mdio/of_mdio.ko.zst
  ZSTD    /home/potato/grafene/pomme/upstream/linux-hoolock/out/modules-staging/lib/modules/7.0.12-gdfa4d4208131-dirty/kernel/drivers/net/ipvlan/ipvlan.ko.zst
  ZSTD    /home/potato/grafene/pomme/upstream/linux-hoolock/out/modules-staging/lib/modules/7.0.12-gdfa4d4208131-dirty/kernel/drivers/net/dummy.ko.zst
  ZSTD    /home/potato/grafene/pomme/upstream/linux-hoolock/out/modules-staging/lib/modules/7.0.12-gdfa4d4208131-dirty/kernel/drivers/net/wireguard/wireguard.ko.zst
  ZSTD    /home/potato/grafene/pomme/upstream/linux-hoolock/out/modules-staging/lib/modules/7.0.12-gdfa4d4208131-dirty/kernel/drivers/net/macvlan.ko.zst
  ZSTD    /home/potato/grafene/pomme/upstream/linux-hoolock/out/modules-staging/lib/modules/7.0.12-gdfa4d4208131-dirty/kernel/drivers/net/mii.ko.zst
  ZSTD    /home/potato/grafene/pomme/upstream/linux-hoolock/out/modules-staging/lib/modules/7.0.12-gdfa4d4208131-dirty/kernel/drivers/net/tun.ko.zst
  ZSTD    /home/potato/grafene/pomme/upstream/linux-hoolock/out/modules-staging/lib/modules/7.0.12-gdfa4d4208131-dirty/kernel/drivers/net/veth.ko.zst
  ZSTD    /home/potato/grafene/pomme/upstream/linux-hoolock/out/modules-staging/lib/modules/7.0.12-gdfa4d4208131-dirty/kernel/drivers/net/vxlan/vxlan.ko.zst
  ZSTD    /home/potato/grafene/pomme/upstream/linux-hoolock/out/modules-staging/lib/modules/7.0.12-gdfa4d4208131-dirty/kernel/drivers/net/usb/r8152.ko.zst
  ZSTD    /home/potato/grafene/pomme/upstream/linux-hoolock/out/modules-staging/lib/modules/7.0.12-gdfa4d4208131-dirty/kernel/drivers/net/usb/asix.ko.zst
  ZSTD    /home/potato/grafene/pomme/upstream/linux-hoolock/out/modules-staging/lib/modules/7.0.12-gdfa4d4208131-dirty/kernel/drivers/net/usb/ax88179_178a.ko.zst
  ZSTD    /home/potato/grafene/pomme/upstream/linux-hoolock/out/modules-staging/lib/modules/7.0.12-gdfa4d4208131-dirty/kernel/drivers/net/usb/cdc_ether.ko.zst
  ZSTD    /home/potato/grafene/pomme/upstream/linux-hoolock/out/modules-staging/lib/modules/7.0.12-gdfa4d4208131-dirty/kernel/drivers/net/usb/net1080.ko.zst
  ZSTD    /home/potato/grafene/pomme/upstream/linux-hoolock/out/modules-staging/lib/modules/7.0.12-gdfa4d4208131-dirty/kernel/drivers/net/usb/rndis_host.ko.zst
  ZSTD    /home/potato/grafene/pomme/upstream/linux-hoolock/out/modules-staging/lib/modules/7.0.12-gdfa4d4208131-dirty/kernel/drivers/net/usb/cdc_subset.ko.zst
  ZSTD    /home/potato/grafene/pomme/upstream/linux-hoolock/out/modules-staging/lib/modules/7.0.12-gdfa4d4208131-dirty/kernel/drivers/net/usb/zaurus.ko.zst
  ZSTD    /home/potato/grafene/pomme/upstream/linux-hoolock/out/modules-staging/lib/modules/7.0.12-gdfa4d4208131-dirty/kernel/drivers/net/usb/usbnet.ko.zst
  ZSTD    /home/potato/grafene/pomme/upstream/linux-hoolock/out/modules-staging/lib/modules/7.0.12-gdfa4d4208131-dirty/kernel/drivers/net/usb/cdc_ncm.ko.zst
  ZSTD    /home/potato/grafene/pomme/upstream/linux-hoolock/out/modules-staging/lib/modules/7.0.12-gdfa4d4208131-dirty/kernel/drivers/net/usb/r8153_ecm.ko.zst
  ZSTD    /home/potato/grafene/pomme/upstream/linux-hoolock/out/modules-staging/lib/modules/7.0.12-gdfa4d4208131-dirty/kernel/drivers/usb/storage/uas.ko.zst
  ZSTD    /home/potato/grafene/pomme/upstream/linux-hoolock/out/modules-staging/lib/modules/7.0.12-gdfa4d4208131-dirty/kernel/drivers/usb/storage/usb-storage.ko.zst
  ZSTD    /home/potato/grafene/pomme/upstream/linux-hoolock/out/modules-staging/lib/modules/7.0.12-gdfa4d4208131-dirty/kernel/drivers/usb/gadget/function/usb_f_serial.ko.zst
  ZSTD    /home/potato/grafene/pomme/upstream/linux-hoolock/out/modules-staging/lib/modules/7.0.12-gdfa4d4208131-dirty/kernel/drivers/usb/gadget/function/usb_f_ncm.ko.zst
  ZSTD    /home/potato/grafene/pomme/upstream/linux-hoolock/out/modules-staging/lib/modules/7.0.12-gdfa4d4208131-dirty/kernel/drivers/usb/gadget/function/usb_f_eem.ko.zst
  ZSTD    /home/potato/grafene/pomme/upstream/linux-hoolock/out/modules-staging/lib/modules/7.0.12-gdfa4d4208131-dirty/kernel/drivers/usb/gadget/function/usb_f_rndis.ko.zst
  ZSTD    /home/potato/grafene/pomme/upstream/linux-hoolock/out/modules-staging/lib/modules/7.0.12-gdfa4d4208131-dirty/kernel/drivers/usb/gadget/function/usb_f_fs.ko.zst
  ZSTD    /home/potato/grafene/pomme/upstream/linux-hoolock/out/modules-staging/lib/modules/7.0.12-gdfa4d4208131-dirty/kernel/drivers/usb/serial/usbserial.ko.zst
  ZSTD    /home/potato/grafene/pomme/upstream/linux-hoolock/out/modules-staging/lib/modules/7.0.12-gdfa4d4208131-dirty/kernel/drivers/usb/class/usblp.ko.zst
  ZSTD    /home/potato/grafene/pomme/upstream/linux-hoolock/out/modules-staging/lib/modules/7.0.12-gdfa4d4208131-dirty/kernel/drivers/usb/serial/cp210x.ko.zst
  ZSTD    /home/potato/grafene/pomme/upstream/linux-hoolock/out/modules-staging/lib/modules/7.0.12-gdfa4d4208131-dirty/kernel/drivers/usb/serial/usb-serial-simple.ko.zst
  ZSTD    /home/potato/grafene/pomme/upstream/linux-hoolock/out/modules-staging/lib/modules/7.0.12-gdfa4d4208131-dirty/kernel/drivers/input/joystick/xpad.ko.zst
  ZSTD    /home/potato/grafene/pomme/upstream/linux-hoolock/out/modules-staging/lib/modules/7.0.12-gdfa4d4208131-dirty/kernel/drivers/input/ff-memless.ko.zst
  ZSTD    /home/potato/grafene/pomme/upstream/linux-hoolock/out/modules-staging/lib/modules/7.0.12-gdfa4d4208131-dirty/kernel/drivers/input/vivaldi-fmap.ko.zst
  ZSTD    /home/potato/grafene/pomme/upstream/linux-hoolock/out/modules-staging/lib/modules/7.0.12-gdfa4d4208131-dirty/kernel/drivers/input/input-leds.ko.zst
  ZSTD    /home/potato/grafene/pomme/upstream/linux-hoolock/out/modules-staging/lib/modules/7.0.12-gdfa4d4208131-dirty/kernel/drivers/input/evdev.ko.zst
  ZSTD    /home/potato/grafene/pomme/upstream/linux-hoolock/out/modules-staging/lib/modules/7.0.12-gdfa4d4208131-dirty/kernel/drivers/input/rmi4/rmi_core.ko.zst
  ZSTD    /home/potato/grafene/pomme/upstream/linux-hoolock/out/modules-staging/lib/modules/7.0.12-gdfa4d4208131-dirty/kernel/drivers/md/dm-bufio.ko.zst
  ZSTD    /home/potato/grafene/pomme/upstream/linux-hoolock/out/modules-staging/lib/modules/7.0.12-gdfa4d4208131-dirty/kernel/drivers/md/dm-bio-prison.ko.zst
  ZSTD    /home/potato/grafene/pomme/upstream/linux-hoolock/out/modules-staging/lib/modules/7.0.12-gdfa4d4208131-dirty/kernel/drivers/md/persistent-data/dm-persistent-data.ko.zst
  ZSTD    /home/potato/grafene/pomme/upstream/linux-hoolock/out/modules-staging/lib/modules/7.0.12-gdfa4d4208131-dirty/kernel/drivers/md/dm-thin-pool.ko.zst
  ZSTD    /home/potato/grafene/pomme/upstream/linux-hoolock/out/modules-staging/lib/modules/7.0.12-gdfa4d4208131-dirty/kernel/drivers/md/dm-verity.ko.zst
  ZSTD    /home/potato/grafene/pomme/upstream/linux-hoolock/out/modules-staging/lib/modules/7.0.12-gdfa4d4208131-dirty/kernel/drivers/md/dm-integrity.ko.zst
  ZSTD    /home/potato/grafene/pomme/upstream/linux-hoolock/out/modules-staging/lib/modules/7.0.12-gdfa4d4208131-dirty/kernel/drivers/accessibility/speakup/speakup_acntsa.ko.zst
  ZSTD    /home/potato/grafene/pomme/upstream/linux-hoolock/out/modules-staging/lib/modules/7.0.12-gdfa4d4208131-dirty/kernel/drivers/accessibility/speakup/speakup_apollo.ko.zst
  ZSTD    /home/potato/grafene/pomme/upstream/linux-hoolock/out/modules-staging/lib/modules/7.0.12-gdfa4d4208131-dirty/kernel/drivers/accessibility/speakup/speakup_audptr.ko.zst
  ZSTD    /home/potato/grafene/pomme/upstream/linux-hoolock/out/modules-staging/lib/modules/7.0.12-gdfa4d4208131-dirty/kernel/drivers/accessibility/speakup/speakup_bns.ko.zst
  ZSTD    /home/potato/grafene/pomme/upstream/linux-hoolock/out/modules-staging/lib/modules/7.0.12-gdfa4d4208131-dirty/kernel/drivers/accessibility/speakup/speakup_dectlk.ko.zst
  ZSTD    /home/potato/grafene/pomme/upstream/linux-hoolock/out/modules-staging/lib/modules/7.0.12-gdfa4d4208131-dirty/kernel/drivers/accessibility/speakup/speakup_decext.ko.zst
  ZSTD    /home/potato/grafene/pomme/upstream/linux-hoolock/out/modules-staging/lib/modules/7.0.12-gdfa4d4208131-dirty/kernel/drivers/accessibility/speakup/speakup_ltlk.ko.zst
  ZSTD    /home/potato/grafene/pomme/upstream/linux-hoolock/out/modules-staging/lib/modules/7.0.12-gdfa4d4208131-dirty/kernel/drivers/accessibility/speakup/speakup_soft.ko.zst
  ZSTD    /home/potato/grafene/pomme/upstream/linux-hoolock/out/modules-staging/lib/modules/7.0.12-gdfa4d4208131-dirty/kernel/drivers/accessibility/speakup/speakup_spkout.ko.zst
  ZSTD    /home/potato/grafene/pomme/upstream/linux-hoolock/out/modules-staging/lib/modules/7.0.12-gdfa4d4208131-dirty/kernel/drivers/accessibility/speakup/speakup_txprt.ko.zst
  ZSTD    /home/potato/grafene/pomme/upstream/linux-hoolock/out/modules-staging/lib/modules/7.0.12-gdfa4d4208131-dirty/kernel/drivers/accessibility/speakup/speakup.ko.zst
  ZSTD    /home/potato/grafene/pomme/upstream/linux-hoolock/out/modules-staging/lib/modules/7.0.12-gdfa4d4208131-dirty/kernel/drivers/hid/uhid.ko.zst
  ZSTD    /home/potato/grafene/pomme/upstream/linux-hoolock/out/modules-staging/lib/modules/7.0.12-gdfa4d4208131-dirty/kernel/drivers/hid/hid-generic.ko.zst
  ZSTD    /home/potato/grafene/pomme/upstream/linux-hoolock/out/modules-staging/lib/modules/7.0.12-gdfa4d4208131-dirty/kernel/drivers/hid/hid-a4tech.ko.zst
  ZSTD    /home/potato/grafene/pomme/upstream/linux-hoolock/out/modules-staging/lib/modules/7.0.12-gdfa4d4208131-dirty/kernel/drivers/hid/hid-accutouch.ko.zst
  ZSTD    /home/potato/grafene/pomme/upstream/linux-hoolock/out/modules-staging/lib/modules/7.0.12-gdfa4d4208131-dirty/kernel/drivers/hid/hid-alps.ko.zst
  ZSTD    /home/potato/grafene/pomme/upstream/linux-hoolock/out/modules-staging/lib/modules/7.0.12-gdfa4d4208131-dirty/kernel/drivers/hid/hid-axff.ko.zst
  ZSTD    /home/potato/grafene/pomme/upstream/linux-hoolock/out/modules-staging/lib/modules/7.0.12-gdfa4d4208131-dirty/kernel/drivers/hid/hid-apple.ko.zst
  ZSTD    /home/potato/grafene/pomme/upstream/linux-hoolock/out/modules-staging/lib/modules/7.0.12-gdfa4d4208131-dirty/kernel/drivers/hid/hid-appleir.ko.zst
  ZSTD    /home/potato/grafene/pomme/upstream/linux-hoolock/out/modules-staging/lib/modules/7.0.12-gdfa4d4208131-dirty/kernel/drivers/hid/hid-creative-sb0540.ko.zst
  ZSTD    /home/potato/grafene/pomme/upstream/linux-hoolock/out/modules-staging/lib/modules/7.0.12-gdfa4d4208131-dirty/kernel/drivers/hid/hid-aureal.ko.zst
  ZSTD    /home/potato/grafene/pomme/upstream/linux-hoolock/out/modules-staging/lib/modules/7.0.12-gdfa4d4208131-dirty/kernel/drivers/hid/hid-belkin.ko.zst
  ZSTD    /home/potato/grafene/pomme/upstream/linux-hoolock/out/modules-staging/lib/modules/7.0.12-gdfa4d4208131-dirty/kernel/drivers/hid/hid-betopff.ko.zst
  ZSTD    /home/potato/grafene/pomme/upstream/linux-hoolock/out/modules-staging/lib/modules/7.0.12-gdfa4d4208131-dirty/kernel/drivers/hid/hid-bigbenff.ko.zst
  ZSTD    /home/potato/grafene/pomme/upstream/linux-hoolock/out/modules-staging/lib/modules/7.0.12-gdfa4d4208131-dirty/kernel/drivers/hid/hid-cherry.ko.zst
  ZSTD    /home/potato/grafene/pomme/upstream/linux-hoolock/out/modules-staging/lib/modules/7.0.12-gdfa4d4208131-dirty/kernel/drivers/hid/hid-chicony.ko.zst
  ZSTD    /home/potato/grafene/pomme/upstream/linux-hoolock/out/modules-staging/lib/modules/7.0.12-gdfa4d4208131-dirty/kernel/drivers/hid/hid-cmedia.ko.zst
  ZSTD    /home/potato/grafene/pomme/upstream/linux-hoolock/out/modules-staging/lib/modules/7.0.12-gdfa4d4208131-dirty/kernel/drivers/hid/hid-corsair.ko.zst
  ZSTD    /home/potato/grafene/pomme/upstream/linux-hoolock/out/modules-staging/lib/modules/7.0.12-gdfa4d4208131-dirty/kernel/drivers/hid/hid-corsair-void.ko.zst
  ZSTD    /home/potato/grafene/pomme/upstream/linux-hoolock/out/modules-staging/lib/modules/7.0.12-gdfa4d4208131-dirty/kernel/drivers/hid/hid-cougar.ko.zst
  ZSTD    /home/potato/grafene/pomme/upstream/linux-hoolock/out/modules-staging/lib/modules/7.0.12-gdfa4d4208131-dirty/kernel/drivers/hid/hid-cp2112.ko.zst
  ZSTD    /home/potato/grafene/pomme/upstream/linux-hoolock/out/modules-staging/lib/modules/7.0.12-gdfa4d4208131-dirty/kernel/drivers/hid/hid-cypress.ko.zst
  ZSTD    /home/potato/grafene/pomme/upstream/linux-hoolock/out/modules-staging/lib/modules/7.0.12-gdfa4d4208131-dirty/kernel/drivers/hid/hid-dr.ko.zst
  ZSTD    /home/potato/grafene/pomme/upstream/linux-hoolock/out/modules-staging/lib/modules/7.0.12-gdfa4d4208131-dirty/kernel/drivers/hid/hid-emsff.ko.zst
  ZSTD    /home/potato/grafene/pomme/upstream/linux-hoolock/out/modules-staging/lib/modules/7.0.12-gdfa4d4208131-dirty/kernel/drivers/hid/hid-elan.ko.zst
  ZSTD    /home/potato/grafene/pomme/upstream/linux-hoolock/out/modules-staging/lib/modules/7.0.12-gdfa4d4208131-dirty/kernel/drivers/hid/hid-elecom.ko.zst
  ZSTD    /home/potato/grafene/pomme/upstream/linux-hoolock/out/modules-staging/lib/modules/7.0.12-gdfa4d4208131-dirty/kernel/drivers/hid/hid-elo.ko.zst
  ZSTD    /home/potato/grafene/pomme/upstream/linux-hoolock/out/modules-staging/lib/modules/7.0.12-gdfa4d4208131-dirty/kernel/drivers/hid/hid-evision.ko.zst
  ZSTD    /home/potato/grafene/pomme/upstream/linux-hoolock/out/modules-staging/lib/modules/7.0.12-gdfa4d4208131-dirty/kernel/drivers/hid/hid-ezkey.ko.zst
  ZSTD    /home/potato/grafene/pomme/upstream/linux-hoolock/out/modules-staging/lib/modules/7.0.12-gdfa4d4208131-dirty/kernel/drivers/hid/hid-ft260.ko.zst
  ZSTD    /home/potato/grafene/pomme/upstream/linux-hoolock/out/modules-staging/lib/modules/7.0.12-gdfa4d4208131-dirty/kernel/drivers/hid/hid-gembird.ko.zst
  ZSTD    /home/potato/grafene/pomme/upstream/linux-hoolock/out/modules-staging/lib/modules/7.0.12-gdfa4d4208131-dirty/kernel/drivers/hid/hid-gfrm.ko.zst
  ZSTD    /home/potato/grafene/pomme/upstream/linux-hoolock/out/modules-staging/lib/modules/7.0.12-gdfa4d4208131-dirty/kernel/drivers/hid/hid-glorious.ko.zst
  ZSTD    /home/potato/grafene/pomme/upstream/linux-hoolock/out/modules-staging/lib/modules/7.0.12-gdfa4d4208131-dirty/kernel/drivers/hid/hid-vivaldi-common.ko.zst
  ZSTD    /home/potato/grafene/pomme/upstream/linux-hoolock/out/modules-staging/lib/modules/7.0.12-gdfa4d4208131-dirty/kernel/drivers/hid/hid-goodix-spi.ko.zst
  ZSTD    /home/potato/grafene/pomme/upstream/linux-hoolock/out/modules-staging/lib/modules/7.0.12-gdfa4d4208131-dirty/kernel/drivers/hid/hid-google-stadiaff.ko.zst
  ZSTD    /home/potato/grafene/pomme/upstream/linux-hoolock/out/modules-staging/lib/modules/7.0.12-gdfa4d4208131-dirty/kernel/drivers/hid/hid-vivaldi.ko.zst
  ZSTD    /home/potato/grafene/pomme/upstream/linux-hoolock/out/modules-staging/lib/modules/7.0.12-gdfa4d4208131-dirty/kernel/drivers/hid/hid-gt683r.ko.zst
  ZSTD    /home/potato/grafene/pomme/upstream/linux-hoolock/out/modules-staging/lib/modules/7.0.12-gdfa4d4208131-dirty/kernel/drivers/hid/hid-gyration.ko.zst
  ZSTD    /home/potato/grafene/pomme/upstream/linux-hoolock/out/modules-staging/lib/modules/7.0.12-gdfa4d4208131-dirty/kernel/drivers/hid/hid-holtek-kbd.ko.zst
  ZSTD    /home/potato/grafene/pomme/upstream/linux-hoolock/out/modules-staging/lib/modules/7.0.12-gdfa4d4208131-dirty/kernel/drivers/hid/hid-holtek-mouse.ko.zst
  ZSTD    /home/potato/grafene/pomme/upstream/linux-hoolock/out/modules-staging/lib/modules/7.0.12-gdfa4d4208131-dirty/kernel/drivers/hid/hid-holtekff.ko.zst
  ZSTD    /home/potato/grafene/pomme/upstream/linux-hoolock/out/modules-staging/lib/modules/7.0.12-gdfa4d4208131-dirty/kernel/drivers/hid/hid-icade.ko.zst
  ZSTD    /home/potato/grafene/pomme/upstream/linux-hoolock/out/modules-staging/lib/modules/7.0.12-gdfa4d4208131-dirty/kernel/drivers/hid/hid-ite.ko.zst
  ZSTD    /home/potato/grafene/pomme/upstream/linux-hoolock/out/modules-staging/lib/modules/7.0.12-gdfa4d4208131-dirty/kernel/drivers/hid/hid-jabra.ko.zst
  ZSTD    /home/potato/grafene/pomme/upstream/linux-hoolock/out/modules-staging/lib/modules/7.0.12-gdfa4d4208131-dirty/kernel/drivers/hid/hid-kensington.ko.zst
  ZSTD    /home/potato/grafene/pomme/upstream/linux-hoolock/out/modules-staging/lib/modules/7.0.12-gdfa4d4208131-dirty/kernel/drivers/hid/hid-keytouch.ko.zst
  ZSTD    /home/potato/grafene/pomme/upstream/linux-hoolock/out/modules-staging/lib/modules/7.0.12-gdfa4d4208131-dirty/kernel/drivers/hid/hid-kye.ko.zst
  ZSTD    /home/potato/grafene/pomme/upstream/linux-hoolock/out/modules-staging/lib/modules/7.0.12-gdfa4d4208131-dirty/kernel/drivers/hid/hid-lcpower.ko.zst
  ZSTD    /home/potato/grafene/pomme/upstream/linux-hoolock/out/modules-staging/lib/modules/7.0.12-gdfa4d4208131-dirty/kernel/drivers/hid/hid-letsketch.ko.zst
  ZSTD    /home/potato/grafene/pomme/upstream/linux-hoolock/out/modules-staging/lib/modules/7.0.12-gdfa4d4208131-dirty/kernel/drivers/hid/hid-logitech.ko.zst
  ZSTD    /home/potato/grafene/pomme/upstream/linux-hoolock/out/modules-staging/lib/modules/7.0.12-gdfa4d4208131-dirty/kernel/drivers/hid/hid-lg-g15.ko.zst
  ZSTD    /home/potato/grafene/pomme/upstream/linux-hoolock/out/modules-staging/lib/modules/7.0.12-gdfa4d4208131-dirty/kernel/drivers/hid/hid-logitech-dj.ko.zst
  ZSTD    /home/potato/grafene/pomme/upstream/linux-hoolock/out/modules-staging/lib/modules/7.0.12-gdfa4d4208131-dirty/kernel/drivers/hid/hid-logitech-hidpp.ko.zst
  ZSTD    /home/potato/grafene/pomme/upstream/linux-hoolock/out/modules-staging/lib/modules/7.0.12-gdfa4d4208131-dirty/kernel/drivers/hid/hid-macally.ko.zst
  ZSTD    /home/potato/grafene/pomme/upstream/linux-hoolock/out/modules-staging/lib/modules/7.0.12-gdfa4d4208131-dirty/kernel/drivers/hid/hid-magicmouse.ko.zst
  ZSTD    /home/potato/grafene/pomme/upstream/linux-hoolock/out/modules-staging/lib/modules/7.0.12-gdfa4d4208131-dirty/kernel/drivers/hid/hid-maltron.ko.zst
  ZSTD    /home/potato/grafene/pomme/upstream/linux-hoolock/out/modules-staging/lib/modules/7.0.12-gdfa4d4208131-dirty/kernel/drivers/hid/hid-mcp2221.ko.zst
  ZSTD    /home/potato/grafene/pomme/upstream/linux-hoolock/out/modules-staging/lib/modules/7.0.12-gdfa4d4208131-dirty/kernel/drivers/hid/hid-mf.ko.zst
  ZSTD    /home/potato/grafene/pomme/upstream/linux-hoolock/out/modules-staging/lib/modules/7.0.12-gdfa4d4208131-dirty/kernel/drivers/hid/hid-megaworld.ko.zst
  ZSTD    /home/potato/grafene/pomme/upstream/linux-hoolock/out/modules-staging/lib/modules/7.0.12-gdfa4d4208131-dirty/kernel/drivers/hid/hid-microsoft.ko.zst
  ZSTD    /home/potato/grafene/pomme/upstream/linux-hoolock/out/modules-staging/lib/modules/7.0.12-gdfa4d4208131-dirty/kernel/drivers/hid/hid-monterey.ko.zst
  ZSTD    /home/potato/grafene/pomme/upstream/linux-hoolock/out/modules-staging/lib/modules/7.0.12-gdfa4d4208131-dirty/kernel/drivers/hid/hid-multitouch.ko.zst
  ZSTD    /home/potato/grafene/pomme/upstream/linux-hoolock/out/modules-staging/lib/modules/7.0.12-gdfa4d4208131-dirty/kernel/drivers/hid/hid-nti.ko.zst
  ZSTD    /home/potato/grafene/pomme/upstream/linux-hoolock/out/modules-staging/lib/modules/7.0.12-gdfa4d4208131-dirty/kernel/drivers/hid/hid-ntrig.ko.zst
  ZSTD    /home/potato/grafene/pomme/upstream/linux-hoolock/out/modules-staging/lib/modules/7.0.12-gdfa4d4208131-dirty/kernel/drivers/hid/hid-nintendo.ko.zst
  ZSTD    /home/potato/grafene/pomme/upstream/linux-hoolock/out/modules-staging/lib/modules/7.0.12-gdfa4d4208131-dirty/kernel/drivers/hid/hid-nvidia-shield.ko.zst
  ZSTD    /home/potato/grafene/pomme/upstream/linux-hoolock/out/modules-staging/lib/modules/7.0.12-gdfa4d4208131-dirty/kernel/drivers/hid/hid-ortek.ko.zst
  ZSTD    /home/potato/grafene/pomme/upstream/linux-hoolock/out/modules-staging/lib/modules/7.0.12-gdfa4d4208131-dirty/kernel/drivers/hid/hid-prodikeys.ko.zst
  ZSTD    /home/potato/grafene/pomme/upstream/linux-hoolock/out/modules-staging/lib/modules/7.0.12-gdfa4d4208131-dirty/kernel/drivers/hid/hid-pl.ko.zst
  ZSTD    /home/potato/grafene/pomme/upstream/linux-hoolock/out/modules-staging/lib/modules/7.0.12-gdfa4d4208131-dirty/kernel/drivers/hid/hid-penmount.ko.zst
  ZSTD    /home/potato/grafene/pomme/upstream/linux-hoolock/out/modules-staging/lib/modules/7.0.12-gdfa4d4208131-dirty/kernel/drivers/hid/hid-petalynx.ko.zst
  ZSTD    /home/potato/grafene/pomme/upstream/linux-hoolock/out/modules-staging/lib/modules/7.0.12-gdfa4d4208131-dirty/kernel/drivers/hid/hid-picolcd.ko.zst
  ZSTD    /home/potato/grafene/pomme/upstream/linux-hoolock/out/modules-staging/lib/modules/7.0.12-gdfa4d4208131-dirty/kernel/drivers/hid/hid-plantronics.ko.zst
  ZSTD    /home/potato/grafene/pomme/upstream/linux-hoolock/out/modules-staging/lib/modules/7.0.12-gdfa4d4208131-dirty/kernel/drivers/hid/hid-playstation.ko.zst
  ZSTD    /home/potato/grafene/pomme/upstream/linux-hoolock/out/modules-staging/lib/modules/7.0.12-gdfa4d4208131-dirty/kernel/drivers/hid/hid-primax.ko.zst
  ZSTD    /home/potato/grafene/pomme/upstream/linux-hoolock/out/modules-staging/lib/modules/7.0.12-gdfa4d4208131-dirty/kernel/drivers/hid/hid-pxrc.ko.zst
  ZSTD    /home/potato/grafene/pomme/upstream/linux-hoolock/out/modules-staging/lib/modules/7.0.12-gdfa4d4208131-dirty/kernel/drivers/hid/hid-razer.ko.zst
  ZSTD    /home/potato/grafene/pomme/upstream/linux-hoolock/out/modules-staging/lib/modules/7.0.12-gdfa4d4208131-dirty/kernel/drivers/hid/hid-retrode.ko.zst
  ZSTD    /home/potato/grafene/pomme/upstream/linux-hoolock/out/modules-staging/lib/modules/7.0.12-gdfa4d4208131-dirty/kernel/drivers/hid/hid-roccat.ko.zst
  ZSTD    /home/potato/grafene/pomme/upstream/linux-hoolock/out/modules-staging/lib/modules/7.0.12-gdfa4d4208131-dirty/kernel/drivers/hid/hid-roccat-common.ko.zst
  ZSTD    /home/potato/grafene/pomme/upstream/linux-hoolock/out/modules-staging/lib/modules/7.0.12-gdfa4d4208131-dirty/kernel/drivers/hid/hid-roccat-arvo.ko.zst
  ZSTD    /home/potato/grafene/pomme/upstream/linux-hoolock/out/modules-staging/lib/modules/7.0.12-gdfa4d4208131-dirty/kernel/drivers/hid/hid-roccat-isku.ko.zst
  ZSTD    /home/potato/grafene/pomme/upstream/linux-hoolock/out/modules-staging/lib/modules/7.0.12-gdfa4d4208131-dirty/kernel/drivers/hid/hid-roccat-kone.ko.zst
  ZSTD    /home/potato/grafene/pomme/upstream/linux-hoolock/out/modules-staging/lib/modules/7.0.12-gdfa4d4208131-dirty/kernel/drivers/hid/hid-roccat-koneplus.ko.zst
  ZSTD    /home/potato/grafene/pomme/upstream/linux-hoolock/out/modules-staging/lib/modules/7.0.12-gdfa4d4208131-dirty/kernel/drivers/hid/hid-roccat-konepure.ko.zst
  ZSTD    /home/potato/grafene/pomme/upstream/linux-hoolock/out/modules-staging/lib/modules/7.0.12-gdfa4d4208131-dirty/kernel/drivers/hid/hid-roccat-kovaplus.ko.zst
  ZSTD    /home/potato/grafene/pomme/upstream/linux-hoolock/out/modules-staging/lib/modules/7.0.12-gdfa4d4208131-dirty/kernel/drivers/hid/hid-roccat-lua.ko.zst
  ZSTD    /home/potato/grafene/pomme/upstream/linux-hoolock/out/modules-staging/lib/modules/7.0.12-gdfa4d4208131-dirty/kernel/drivers/hid/hid-roccat-pyra.ko.zst
  ZSTD    /home/potato/grafene/pomme/upstream/linux-hoolock/out/modules-staging/lib/modules/7.0.12-gdfa4d4208131-dirty/kernel/drivers/hid/hid-roccat-ryos.ko.zst
  ZSTD    /home/potato/grafene/pomme/upstream/linux-hoolock/out/modules-staging/lib/modules/7.0.12-gdfa4d4208131-dirty/kernel/drivers/hid/hid-roccat-savu.ko.zst
  ZSTD    /home/potato/grafene/pomme/upstream/linux-hoolock/out/modules-staging/lib/modules/7.0.12-gdfa4d4208131-dirty/kernel/drivers/hid/hid-rmi.ko.zst
  ZSTD    /home/potato/grafene/pomme/upstream/linux-hoolock/out/modules-staging/lib/modules/7.0.12-gdfa4d4208131-dirty/kernel/drivers/hid/hid-saitek.ko.zst
  ZSTD    /home/potato/grafene/pomme/upstream/linux-hoolock/out/modules-staging/lib/modules/7.0.12-gdfa4d4208131-dirty/kernel/drivers/hid/hid-samsung.ko.zst
  ZSTD    /home/potato/grafene/pomme/upstream/linux-hoolock/out/modules-staging/lib/modules/7.0.12-gdfa4d4208131-dirty/kernel/drivers/hid/hid-semitek.ko.zst
  ZSTD    /home/potato/grafene/pomme/upstream/linux-hoolock/out/modules-staging/lib/modules/7.0.12-gdfa4d4208131-dirty/kernel/drivers/hid/hid-sigmamicro.ko.zst
  ZSTD    /home/potato/grafene/pomme/upstream/linux-hoolock/out/modules-staging/lib/modules/7.0.12-gdfa4d4208131-dirty/kernel/drivers/hid/hid-sjoy.ko.zst
  ZSTD    /home/potato/grafene/pomme/upstream/linux-hoolock/out/modules-staging/lib/modules/7.0.12-gdfa4d4208131-dirty/kernel/drivers/hid/hid-sony.ko.zst
  ZSTD    /home/potato/grafene/pomme/upstream/linux-hoolock/out/modules-staging/lib/modules/7.0.12-gdfa4d4208131-dirty/kernel/drivers/hid/hid-speedlink.ko.zst
  ZSTD    /home/potato/grafene/pomme/upstream/linux-hoolock/out/modules-staging/lib/modules/7.0.12-gdfa4d4208131-dirty/kernel/drivers/hid/hid-steam.ko.zst
  ZSTD    /home/potato/grafene/pomme/upstream/linux-hoolock/out/modules-staging/lib/modules/7.0.12-gdfa4d4208131-dirty/kernel/drivers/hid/hid-steelseries.ko.zst
  ZSTD    /home/potato/grafene/pomme/upstream/linux-hoolock/out/modules-staging/lib/modules/7.0.12-gdfa4d4208131-dirty/kernel/drivers/hid/hid-sunplus.ko.zst
  ZSTD    /home/potato/grafene/pomme/upstream/linux-hoolock/out/modules-staging/lib/modules/7.0.12-gdfa4d4208131-dirty/kernel/drivers/hid/hid-gaff.ko.zst
  ZSTD    /home/potato/grafene/pomme/upstream/linux-hoolock/out/modules-staging/lib/modules/7.0.12-gdfa4d4208131-dirty/kernel/drivers/hid/hid-tmff.ko.zst
  ZSTD    /home/potato/grafene/pomme/upstream/linux-hoolock/out/modules-staging/lib/modules/7.0.12-gdfa4d4208131-dirty/kernel/drivers/hid/hid-thrustmaster.ko.zst
  ZSTD    /home/potato/grafene/pomme/upstream/linux-hoolock/out/modules-staging/lib/modules/7.0.12-gdfa4d4208131-dirty/kernel/drivers/hid/hid-tivo.ko.zst
  ZSTD    /home/potato/grafene/pomme/upstream/linux-hoolock/out/modules-staging/lib/modules/7.0.12-gdfa4d4208131-dirty/kernel/drivers/hid/hid-topseed.ko.zst
  ZSTD    /home/potato/grafene/pomme/upstream/linux-hoolock/out/modules-staging/lib/modules/7.0.12-gdfa4d4208131-dirty/kernel/drivers/hid/hid-topre.ko.zst
  ZSTD    /home/potato/grafene/pomme/upstream/linux-hoolock/out/modules-staging/lib/modules/7.0.12-gdfa4d4208131-dirty/kernel/drivers/hid/hid-twinhan.ko.zst
  ZSTD    /home/potato/grafene/pomme/upstream/linux-hoolock/out/modules-staging/lib/modules/7.0.12-gdfa4d4208131-dirty/kernel/drivers/hid/hid-u2fzero.ko.zst
  ZSTD    /home/potato/grafene/pomme/upstream/linux-hoolock/out/modules-staging/lib/modules/7.0.12-gdfa4d4208131-dirty/kernel/drivers/hid/hid-uclogic.ko.zst
  ZSTD    /home/potato/grafene/pomme/upstream/linux-hoolock/out/modules-staging/lib/modules/7.0.12-gdfa4d4208131-dirty/kernel/drivers/hid/hid-udraw-ps3.ko.zst
  ZSTD    /home/potato/grafene/pomme/upstream/linux-hoolock/out/modules-staging/lib/modules/7.0.12-gdfa4d4208131-dirty/kernel/drivers/hid/hid-led.ko.zst
  ZSTD    /home/potato/grafene/pomme/upstream/linux-hoolock/out/modules-staging/lib/modules/7.0.12-gdfa4d4208131-dirty/kernel/drivers/hid/hid-xiaomi.ko.zst
  ZSTD    /home/potato/grafene/pomme/upstream/linux-hoolock/out/modules-staging/lib/modules/7.0.12-gdfa4d4208131-dirty/kernel/drivers/hid/hid-xinmo.ko.zst
  ZSTD    /home/potato/grafene/pomme/upstream/linux-hoolock/out/modules-staging/lib/modules/7.0.12-gdfa4d4208131-dirty/kernel/drivers/hid/hid-zpff.ko.zst
  ZSTD    /home/potato/grafene/pomme/upstream/linux-hoolock/out/modules-staging/lib/modules/7.0.12-gdfa4d4208131-dirty/kernel/drivers/hid/hid-zydacron.ko.zst
  ZSTD    /home/potato/grafene/pomme/upstream/linux-hoolock/out/modules-staging/lib/modules/7.0.12-gdfa4d4208131-dirty/kernel/drivers/hid/hid-viewsonic.ko.zst
  ZSTD    /home/potato/grafene/pomme/upstream/linux-hoolock/out/modules-staging/lib/modules/7.0.12-gdfa4d4208131-dirty/kernel/drivers/hid/wacom.ko.zst
  ZSTD    /home/potato/grafene/pomme/upstream/linux-hoolock/out/modules-staging/lib/modules/7.0.12-gdfa4d4208131-dirty/kernel/drivers/hid/hid-waltop.ko.zst
  ZSTD    /home/potato/grafene/pomme/upstream/linux-hoolock/out/modules-staging/lib/modules/7.0.12-gdfa4d4208131-dirty/kernel/drivers/hid/hid-wiimote.ko.zst
  ZSTD    /home/potato/grafene/pomme/upstream/linux-hoolock/out/modules-staging/lib/modules/7.0.12-gdfa4d4208131-dirty/kernel/drivers/hid/hid-winwing.ko.zst
  ZSTD    /home/potato/grafene/pomme/upstream/linux-hoolock/out/modules-staging/lib/modules/7.0.12-gdfa4d4208131-dirty/kernel/drivers/hid/hid-sensor-hub.ko.zst
  ZSTD    /home/potato/grafene/pomme/upstream/linux-hoolock/out/modules-staging/lib/modules/7.0.12-gdfa4d4208131-dirty/kernel/drivers/iio/accel/hid-sensor-accel-3d.ko.zst
  ZSTD    /home/potato/grafene/pomme/upstream/linux-hoolock/out/modules-staging/lib/modules/7.0.12-gdfa4d4208131-dirty/kernel/drivers/iio/buffer/industrialio-triggered-buffer.ko.zst
  ZSTD    /home/potato/grafene/pomme/upstream/linux-hoolock/out/modules-staging/lib/modules/7.0.12-gdfa4d4208131-dirty/kernel/drivers/iio/buffer/kfifo_buf.ko.zst
  ZSTD    /home/potato/grafene/pomme/upstream/linux-hoolock/out/modules-staging/lib/modules/7.0.12-gdfa4d4208131-dirty/kernel/drivers/iio/common/hid-sensors/hid-sensor-iio-common.ko.zst
  ZSTD    /home/potato/grafene/pomme/upstream/linux-hoolock/out/modules-staging/lib/modules/7.0.12-gdfa4d4208131-dirty/kernel/drivers/iio/common/hid-sensors/hid-sensor-trigger.ko.zst
  ZSTD    /home/potato/grafene/pomme/upstream/linux-hoolock/out/modules-staging/lib/modules/7.0.12-gdfa4d4208131-dirty/kernel/drivers/iio/gyro/hid-sensor-gyro-3d.ko.zst
  ZSTD    /home/potato/grafene/pomme/upstream/linux-hoolock/out/modules-staging/lib/modules/7.0.12-gdfa4d4208131-dirty/kernel/drivers/iio/humidity/hid-sensor-humidity.ko.zst
  ZSTD    /home/potato/grafene/pomme/upstream/linux-hoolock/out/modules-staging/lib/modules/7.0.12-gdfa4d4208131-dirty/kernel/drivers/iio/light/hid-sensor-als.ko.zst
  ZSTD    /home/potato/grafene/pomme/upstream/linux-hoolock/out/modules-staging/lib/modules/7.0.12-gdfa4d4208131-dirty/kernel/drivers/iio/magnetometer/hid-sensor-magn-3d.ko.zst
  ZSTD    /home/potato/grafene/pomme/upstream/linux-hoolock/out/modules-staging/lib/modules/7.0.12-gdfa4d4208131-dirty/kernel/drivers/iio/orientation/hid-sensor-incl-3d.ko.zst
  ZSTD    /home/potato/grafene/pomme/upstream/linux-hoolock/out/modules-staging/lib/modules/7.0.12-gdfa4d4208131-dirty/kernel/drivers/iio/orientation/hid-sensor-rotation.ko.zst
  ZSTD    /home/potato/grafene/pomme/upstream/linux-hoolock/out/modules-staging/lib/modules/7.0.12-gdfa4d4208131-dirty/kernel/drivers/iio/position/hid-sensor-custom-intel-hinge.ko.zst
  ZSTD    /home/potato/grafene/pomme/upstream/linux-hoolock/out/modules-staging/lib/modules/7.0.12-gdfa4d4208131-dirty/kernel/drivers/iio/temperature/hid-sensor-temperature.ko.zst
  ZSTD    /home/potato/grafene/pomme/upstream/linux-hoolock/out/modules-staging/lib/modules/7.0.12-gdfa4d4208131-dirty/kernel/drivers/ata/libata.ko.zst
  ZSTD    /home/potato/grafene/pomme/upstream/linux-hoolock/out/modules-staging/lib/modules/7.0.12-gdfa4d4208131-dirty/kernel/drivers/mtd/parsers/ofpart.ko.zst
  ZSTD    /home/potato/grafene/pomme/upstream/linux-hoolock/out/modules-staging/lib/modules/7.0.12-gdfa4d4208131-dirty/kernel/drivers/mtd/chips/chipreg.ko.zst
  ZSTD    /home/potato/grafene/pomme/upstream/linux-hoolock/out/modules-staging/lib/modules/7.0.12-gdfa4d4208131-dirty/kernel/drivers/mtd/devices/phram.ko.zst
  ZSTD    /home/potato/grafene/pomme/upstream/linux-hoolock/out/modules-staging/lib/modules/7.0.12-gdfa4d4208131-dirty/kernel/drivers/mtd/mtd.ko.zst
  ZSTD    /home/potato/grafene/pomme/upstream/linux-hoolock/out/modules-staging/lib/modules/7.0.12-gdfa4d4208131-dirty/kernel/drivers/input/serio/serio.ko.zst
  ZSTD    /home/potato/grafene/pomme/upstream/linux-hoolock/out/modules-staging/lib/modules/7.0.12-gdfa4d4208131-dirty/kernel/drivers/input/serio/serport.ko.zst
  ZSTD    /home/potato/grafene/pomme/upstream/linux-hoolock/out/modules-staging/lib/modules/7.0.12-gdfa4d4208131-dirty/kernel/sound/soundcore.ko.zst
  ZSTD    /home/potato/grafene/pomme/upstream/linux-hoolock/out/modules-staging/lib/modules/7.0.12-gdfa4d4208131-dirty/kernel/sound/core/snd.ko.zst
  ZSTD    /home/potato/grafene/pomme/upstream/linux-hoolock/out/modules-staging/lib/modules/7.0.12-gdfa4d4208131-dirty/kernel/sound/core/snd-hwdep.ko.zst
  ZSTD    /home/potato/grafene/pomme/upstream/linux-hoolock/out/modules-staging/lib/modules/7.0.12-gdfa4d4208131-dirty/kernel/sound/core/snd-timer.ko.zst
  ZSTD    /home/potato/grafene/pomme/upstream/linux-hoolock/out/modules-staging/lib/modules/7.0.12-gdfa4d4208131-dirty/kernel/sound/core/snd-pcm.ko.zst
  ZSTD    /home/potato/grafene/pomme/upstream/linux-hoolock/out/modules-staging/lib/modules/7.0.12-gdfa4d4208131-dirty/kernel/sound/core/snd-rawmidi.ko.zst
  ZSTD    /home/potato/grafene/pomme/upstream/linux-hoolock/out/modules-staging/lib/modules/7.0.12-gdfa4d4208131-dirty/kernel/sound/core/snd-ump.ko.zst
  ZSTD    /home/potato/grafene/pomme/upstream/linux-hoolock/out/modules-staging/lib/modules/7.0.12-gdfa4d4208131-dirty/kernel/sound/usb/snd-usb-audio.ko.zst
  ZSTD    /home/potato/grafene/pomme/upstream/linux-hoolock/out/modules-staging/lib/modules/7.0.12-gdfa4d4208131-dirty/kernel/sound/usb/snd-usbmidi-lib.ko.zst
  ZSTD    /home/potato/grafene/pomme/upstream/linux-hoolock/out/modules-staging/lib/modules/7.0.12-gdfa4d4208131-dirty/kernel/net/core/selftests.ko.zst
  ZSTD    /home/potato/grafene/pomme/upstream/linux-hoolock/out/modules-staging/lib/modules/7.0.12-gdfa4d4208131-dirty/kernel/net/802/psnap.ko.zst
  ZSTD    /home/potato/grafene/pomme/upstream/linux-hoolock/out/modules-staging/lib/modules/7.0.12-gdfa4d4208131-dirty/kernel/net/802/stp.ko.zst
  ZSTD    /home/potato/grafene/pomme/upstream/linux-hoolock/out/modules-staging/lib/modules/7.0.12-gdfa4d4208131-dirty/kernel/net/sched/cls_cgroup.ko.zst
  ZSTD    /home/potato/grafene/pomme/upstream/linux-hoolock/out/modules-staging/lib/modules/7.0.12-gdfa4d4208131-dirty/kernel/net/netfilter/nf_conntrack.ko.zst
  ZSTD    /home/potato/grafene/pomme/upstream/linux-hoolock/out/modules-staging/lib/modules/7.0.12-gdfa4d4208131-dirty/kernel/net/netfilter/nf_nat.ko.zst
  ZSTD    /home/potato/grafene/pomme/upstream/linux-hoolock/out/modules-staging/lib/modules/7.0.12-gdfa4d4208131-dirty/kernel/net/netfilter/nf_synproxy_core.ko.zst
  ZSTD    /home/potato/grafene/pomme/upstream/linux-hoolock/out/modules-staging/lib/modules/7.0.12-gdfa4d4208131-dirty/kernel/net/netfilter/nf_conncount.ko.zst
  ZSTD    /home/potato/grafene/pomme/upstream/linux-hoolock/out/modules-staging/lib/modules/7.0.12-gdfa4d4208131-dirty/kernel/net/netfilter/nf_dup_netdev.ko.zst
  ZSTD    /home/potato/grafene/pomme/upstream/linux-hoolock/out/modules-staging/lib/modules/7.0.12-gdfa4d4208131-dirty/kernel/net/netfilter/nf_tables.ko.zst
  ZSTD    /home/potato/grafene/pomme/upstream/linux-hoolock/out/modules-staging/lib/modules/7.0.12-gdfa4d4208131-dirty/kernel/net/netfilter/nft_compat.ko.zst
  ZSTD    /home/potato/grafene/pomme/upstream/linux-hoolock/out/modules-staging/lib/modules/7.0.12-gdfa4d4208131-dirty/kernel/net/netfilter/nft_connlimit.ko.zst
  ZSTD    /home/potato/grafene/pomme/upstream/linux-hoolock/out/modules-staging/lib/modules/7.0.12-gdfa4d4208131-dirty/kernel/net/netfilter/nft_numgen.ko.zst
  ZSTD    /home/potato/grafene/pomme/upstream/linux-hoolock/out/modules-staging/lib/modules/7.0.12-gdfa4d4208131-dirty/kernel/net/netfilter/nft_ct.ko.zst
  ZSTD    /home/potato/grafene/pomme/upstream/linux-hoolock/out/modules-staging/lib/modules/7.0.12-gdfa4d4208131-dirty/kernel/net/netfilter/nft_limit.ko.zst
  ZSTD    /home/potato/grafene/pomme/upstream/linux-hoolock/out/modules-staging/lib/modules/7.0.12-gdfa4d4208131-dirty/kernel/net/netfilter/nft_nat.ko.zst
  ZSTD    /home/potato/grafene/pomme/upstream/linux-hoolock/out/modules-staging/lib/modules/7.0.12-gdfa4d4208131-dirty/kernel/net/netfilter/nft_quota.ko.zst
  ZSTD    /home/potato/grafene/pomme/upstream/linux-hoolock/out/modules-staging/lib/modules/7.0.12-gdfa4d4208131-dirty/kernel/net/netfilter/nft_reject.ko.zst
  ZSTD    /home/potato/grafene/pomme/upstream/linux-hoolock/out/modules-staging/lib/modules/7.0.12-gdfa4d4208131-dirty/kernel/net/netfilter/nft_reject_inet.ko.zst
  ZSTD    /home/potato/grafene/pomme/upstream/linux-hoolock/out/modules-staging/lib/modules/7.0.12-gdfa4d4208131-dirty/kernel/net/netfilter/nft_reject_netdev.ko.zst
  ZSTD    /home/potato/grafene/pomme/upstream/linux-hoolock/out/modules-staging/lib/modules/7.0.12-gdfa4d4208131-dirty/kernel/net/netfilter/nft_tunnel.ko.zst
  ZSTD    /home/potato/grafene/pomme/upstream/linux-hoolock/out/modules-staging/lib/modules/7.0.12-gdfa4d4208131-dirty/kernel/net/netfilter/nft_log.ko.zst
  ZSTD    /home/potato/grafene/pomme/upstream/linux-hoolock/out/modules-staging/lib/modules/7.0.12-gdfa4d4208131-dirty/kernel/net/netfilter/nft_masq.ko.zst
  ZSTD    /home/potato/grafene/pomme/upstream/linux-hoolock/out/modules-staging/lib/modules/7.0.12-gdfa4d4208131-dirty/kernel/net/netfilter/nft_redir.ko.zst
  ZSTD    /home/potato/grafene/pomme/upstream/linux-hoolock/out/modules-staging/lib/modules/7.0.12-gdfa4d4208131-dirty/kernel/net/netfilter/nft_hash.ko.zst
  ZSTD    /home/potato/grafene/pomme/upstream/linux-hoolock/out/modules-staging/lib/modules/7.0.12-gdfa4d4208131-dirty/kernel/net/netfilter/nft_fib.ko.zst
  ZSTD    /home/potato/grafene/pomme/upstream/linux-hoolock/out/modules-staging/lib/modules/7.0.12-gdfa4d4208131-dirty/kernel/net/netfilter/nft_socket.ko.zst
  ZSTD    /home/potato/grafene/pomme/upstream/linux-hoolock/out/modules-staging/lib/modules/7.0.12-gdfa4d4208131-dirty/kernel/net/netfilter/nft_osf.ko.zst
  ZSTD    /home/potato/grafene/pomme/upstream/linux-hoolock/out/modules-staging/lib/modules/7.0.12-gdfa4d4208131-dirty/kernel/net/netfilter/nft_tproxy.ko.zst
  ZSTD    /home/potato/grafene/pomme/upstream/linux-hoolock/out/modules-staging/lib/modules/7.0.12-gdfa4d4208131-dirty/kernel/net/netfilter/nft_synproxy.ko.zst
  ZSTD    /home/potato/grafene/pomme/upstream/linux-hoolock/out/modules-staging/lib/modules/7.0.12-gdfa4d4208131-dirty/kernel/net/netfilter/nft_chain_nat.ko.zst
  ZSTD    /home/potato/grafene/pomme/upstream/linux-hoolock/out/modules-staging/lib/modules/7.0.12-gdfa4d4208131-dirty/kernel/net/netfilter/nft_dup_netdev.ko.zst
  ZSTD    /home/potato/grafene/pomme/upstream/linux-hoolock/out/modules-staging/lib/modules/7.0.12-gdfa4d4208131-dirty/kernel/net/netfilter/nft_fwd_netdev.ko.zst
  ZSTD    /home/potato/grafene/pomme/upstream/linux-hoolock/out/modules-staging/lib/modules/7.0.12-gdfa4d4208131-dirty/kernel/net/netfilter/nf_flow_table.ko.zst
  ZSTD    /home/potato/grafene/pomme/upstream/linux-hoolock/out/modules-staging/lib/modules/7.0.12-gdfa4d4208131-dirty/kernel/net/netfilter/x_tables.ko.zst
  ZSTD    /home/potato/grafene/pomme/upstream/linux-hoolock/out/modules-staging/lib/modules/7.0.12-gdfa4d4208131-dirty/kernel/net/netfilter/xt_tcpudp.ko.zst
  ZSTD    /home/potato/grafene/pomme/upstream/linux-hoolock/out/modules-staging/lib/modules/7.0.12-gdfa4d4208131-dirty/kernel/net/netfilter/xt_mark.ko.zst
  ZSTD    /home/potato/grafene/pomme/upstream/linux-hoolock/out/modules-staging/lib/modules/7.0.12-gdfa4d4208131-dirty/kernel/net/netfilter/xt_nat.ko.zst
  ZSTD    /home/potato/grafene/pomme/upstream/linux-hoolock/out/modules-staging/lib/modules/7.0.12-gdfa4d4208131-dirty/kernel/net/netfilter/xt_CHECKSUM.ko.zst
  ZSTD    /home/potato/grafene/pomme/upstream/linux-hoolock/out/modules-staging/lib/modules/7.0.12-gdfa4d4208131-dirty/kernel/net/netfilter/xt_LOG.ko.zst
  ZSTD    /home/potato/grafene/pomme/upstream/linux-hoolock/out/modules-staging/lib/modules/7.0.12-gdfa4d4208131-dirty/kernel/net/netfilter/xt_REDIRECT.ko.zst
  ZSTD    /home/potato/grafene/pomme/upstream/linux-hoolock/out/modules-staging/lib/modules/7.0.12-gdfa4d4208131-dirty/kernel/net/netfilter/xt_MASQUERADE.ko.zst
  ZSTD    /home/potato/grafene/pomme/upstream/linux-hoolock/out/modules-staging/lib/modules/7.0.12-gdfa4d4208131-dirty/kernel/net/netfilter/xt_TCPMSS.ko.zst
  ZSTD    /home/potato/grafene/pomme/upstream/linux-hoolock/out/modules-staging/lib/modules/7.0.12-gdfa4d4208131-dirty/kernel/net/netfilter/xt_addrtype.ko.zst
  ZSTD    /home/potato/grafene/pomme/upstream/linux-hoolock/out/modules-staging/lib/modules/7.0.12-gdfa4d4208131-dirty/kernel/net/netfilter/xt_comment.ko.zst
  ZSTD    /home/potato/grafene/pomme/upstream/linux-hoolock/out/modules-staging/lib/modules/7.0.12-gdfa4d4208131-dirty/kernel/net/netfilter/xt_conntrack.ko.zst
  ZSTD    /home/potato/grafene/pomme/upstream/linux-hoolock/out/modules-staging/lib/modules/7.0.12-gdfa4d4208131-dirty/kernel/net/netfilter/xt_ipvs.ko.zst
  ZSTD    /home/potato/grafene/pomme/upstream/linux-hoolock/out/modules-staging/lib/modules/7.0.12-gdfa4d4208131-dirty/kernel/net/netfilter/xt_multiport.ko.zst
  ZSTD    /home/potato/grafene/pomme/upstream/linux-hoolock/out/modules-staging/lib/modules/7.0.12-gdfa4d4208131-dirty/kernel/net/netfilter/xt_statistic.ko.zst
  ZSTD    /home/potato/grafene/pomme/upstream/linux-hoolock/out/modules-staging/lib/modules/7.0.12-gdfa4d4208131-dirty/kernel/net/netfilter/xt_tcpmss.ko.zst
  ZSTD    /home/potato/grafene/pomme/upstream/linux-hoolock/out/modules-staging/lib/modules/7.0.12-gdfa4d4208131-dirty/kernel/net/netfilter/ipvs/ip_vs.ko.zst
  ZSTD    /home/potato/grafene/pomme/upstream/linux-hoolock/out/modules-staging/lib/modules/7.0.12-gdfa4d4208131-dirty/kernel/net/netfilter/ipvs/ip_vs_rr.ko.zst
  ZSTD    /home/potato/grafene/pomme/upstream/linux-hoolock/out/modules-staging/lib/modules/7.0.12-gdfa4d4208131-dirty/kernel/net/ipv4/netfilter/nf_defrag_ipv4.ko.zst
  ZSTD    /home/potato/grafene/pomme/upstream/linux-hoolock/out/modules-staging/lib/modules/7.0.12-gdfa4d4208131-dirty/kernel/net/ipv4/netfilter/nf_reject_ipv4.ko.zst
  ZSTD    /home/potato/grafene/pomme/upstream/linux-hoolock/out/modules-staging/lib/modules/7.0.12-gdfa4d4208131-dirty/kernel/net/ipv4/netfilter/nft_reject_ipv4.ko.zst
  ZSTD    /home/potato/grafene/pomme/upstream/linux-hoolock/out/modules-staging/lib/modules/7.0.12-gdfa4d4208131-dirty/kernel/net/ipv4/netfilter/nft_fib_ipv4.ko.zst
  ZSTD    /home/potato/grafene/pomme/upstream/linux-hoolock/out/modules-staging/lib/modules/7.0.12-gdfa4d4208131-dirty/kernel/net/ipv4/netfilter/ip_tables.ko.zst
  ZSTD    /home/potato/grafene/pomme/upstream/linux-hoolock/out/modules-staging/lib/modules/7.0.12-gdfa4d4208131-dirty/kernel/net/ipv4/netfilter/iptable_filter.ko.zst
  ZSTD    /home/potato/grafene/pomme/upstream/linux-hoolock/out/modules-staging/lib/modules/7.0.12-gdfa4d4208131-dirty/kernel/net/ipv4/netfilter/iptable_mangle.ko.zst
  ZSTD    /home/potato/grafene/pomme/upstream/linux-hoolock/out/modules-staging/lib/modules/7.0.12-gdfa4d4208131-dirty/kernel/net/ipv4/netfilter/iptable_nat.ko.zst
  ZSTD    /home/potato/grafene/pomme/upstream/linux-hoolock/out/modules-staging/lib/modules/7.0.12-gdfa4d4208131-dirty/kernel/net/ipv4/netfilter/iptable_raw.ko.zst
  ZSTD    /home/potato/grafene/pomme/upstream/linux-hoolock/out/modules-staging/lib/modules/7.0.12-gdfa4d4208131-dirty/kernel/net/ipv4/netfilter/ipt_REJECT.ko.zst
  ZSTD    /home/potato/grafene/pomme/upstream/linux-hoolock/out/modules-staging/lib/modules/7.0.12-gdfa4d4208131-dirty/kernel/net/ipv4/udp_tunnel.ko.zst
  ZSTD    /home/potato/grafene/pomme/upstream/linux-hoolock/out/modules-staging/lib/modules/7.0.12-gdfa4d4208131-dirty/kernel/net/ipv6/netfilter/ip6_tables.ko.zst
  ZSTD    /home/potato/grafene/pomme/upstream/linux-hoolock/out/modules-staging/lib/modules/7.0.12-gdfa4d4208131-dirty/kernel/net/ipv6/netfilter/ip6table_filter.ko.zst
  ZSTD    /home/potato/grafene/pomme/upstream/linux-hoolock/out/modules-staging/lib/modules/7.0.12-gdfa4d4208131-dirty/kernel/net/ipv6/netfilter/ip6table_mangle.ko.zst
  ZSTD    /home/potato/grafene/pomme/upstream/linux-hoolock/out/modules-staging/lib/modules/7.0.12-gdfa4d4208131-dirty/kernel/net/ipv6/netfilter/ip6table_raw.ko.zst
  ZSTD    /home/potato/grafene/pomme/upstream/linux-hoolock/out/modules-staging/lib/modules/7.0.12-gdfa4d4208131-dirty/kernel/net/ipv6/netfilter/ip6table_nat.ko.zst
  ZSTD    /home/potato/grafene/pomme/upstream/linux-hoolock/out/modules-staging/lib/modules/7.0.12-gdfa4d4208131-dirty/kernel/net/ipv6/netfilter/nf_defrag_ipv6.ko.zst
  ZSTD    /home/potato/grafene/pomme/upstream/linux-hoolock/out/modules-staging/lib/modules/7.0.12-gdfa4d4208131-dirty/kernel/net/ipv6/netfilter/nf_reject_ipv6.ko.zst
  ZSTD    /home/potato/grafene/pomme/upstream/linux-hoolock/out/modules-staging/lib/modules/7.0.12-gdfa4d4208131-dirty/kernel/net/ipv6/netfilter/nft_reject_ipv6.ko.zst
  ZSTD    /home/potato/grafene/pomme/upstream/linux-hoolock/out/modules-staging/lib/modules/7.0.12-gdfa4d4208131-dirty/kernel/net/ipv6/netfilter/nft_fib_ipv6.ko.zst
  ZSTD    /home/potato/grafene/pomme/upstream/linux-hoolock/out/modules-staging/lib/modules/7.0.12-gdfa4d4208131-dirty/kernel/net/ipv6/netfilter/ip6t_REJECT.ko.zst
  ZSTD    /home/potato/grafene/pomme/upstream/linux-hoolock/out/modules-staging/lib/modules/7.0.12-gdfa4d4208131-dirty/kernel/net/ipv6/ip6_udp_tunnel.ko.zst
  ZSTD    /home/potato/grafene/pomme/upstream/linux-hoolock/out/modules-staging/lib/modules/7.0.12-gdfa4d4208131-dirty/kernel/net/8021q/8021q.ko.zst
  ZSTD    /home/potato/grafene/pomme/upstream/linux-hoolock/out/modules-staging/lib/modules/7.0.12-gdfa4d4208131-dirty/kernel/net/llc/llc.ko.zst
  ZSTD    /home/potato/grafene/pomme/upstream/linux-hoolock/out/modules-staging/lib/modules/7.0.12-gdfa4d4208131-dirty/kernel/net/bridge/bridge.ko.zst
  ZSTD    /home/potato/grafene/pomme/upstream/linux-hoolock/out/modules-staging/lib/modules/7.0.12-gdfa4d4208131-dirty/kernel/net/bridge/br_netfilter.ko.zst
  ZSTD    /home/potato/grafene/pomme/upstream/linux-hoolock/out/modules-staging/lib/modules/7.0.12-gdfa4d4208131-dirty/kernel/net/bluetooth/bluetooth.ko.zst
  ZSTD    /home/potato/grafene/pomme/upstream/linux-hoolock/out/modules-staging/lib/modules/7.0.12-gdfa4d4208131-dirty/kernel/net/bluetooth/hidp/hidp.ko.zst
  ZSTD    /home/potato/grafene/pomme/upstream/linux-hoolock/out/modules-staging/lib/modules/7.0.12-gdfa4d4208131-dirty/kernel/net/sunrpc/sunrpc.ko.zst
  ZSTD    /home/potato/grafene/pomme/upstream/linux-hoolock/out/modules-staging/lib/modules/7.0.12-gdfa4d4208131-dirty/kernel/net/sunrpc/auth_gss/auth_rpcgss.ko.zst
  ZSTD    /home/potato/grafene/pomme/upstream/linux-hoolock/out/modules-staging/lib/modules/7.0.12-gdfa4d4208131-dirty/kernel/net/sunrpc/auth_gss/rpcsec_gss_krb5.ko.zst
  ZSTD    /home/potato/grafene/pomme/upstream/linux-hoolock/out/modules-staging/lib/modules/7.0.12-gdfa4d4208131-dirty/kernel/net/rfkill/rfkill.ko.zst
  DEPMOD  /home/potato/grafene/pomme/upstream/linux-hoolock/out/modules-staging/lib/modules/7.0.12-gdfa4d4208131-dirty
make[2]: Leaving directory '/home/potato/grafene/pomme/upstream/linux-hoolock/out'
make[1]: Leaving directory '/home/potato/grafene/pomme/upstream/linux-hoolock'
[kernel-build] packaging artifacts into /home/potato/grafene/pomme/artifacts/kernel
[kernel-build] modules in tarball: 353
[kernel-build] assert OK: bare Image reports 16K pages
[kernel-build] assert OK: apple dtb count == 92
[kernel-build] building Image.initramfs (initramfs source: /home/potato/grafene/pomme/artifacts/images/initramfs.cpio.gz, sha256 39f349e94c6c2ba6d1ff1bd166cd0402ad8e861bd721e1560db87f2ef7c180ac)
make[1]: Entering directory '/home/potato/grafene/pomme/upstream/linux-hoolock'
make[2]: Entering directory '/home/potato/grafene/pomme/upstream/linux-hoolock/out-initramfs'
  GEN     Makefile
#
# configuration written to .config
#
make[2]: Leaving directory '/home/potato/grafene/pomme/upstream/linux-hoolock/out-initramfs'
make[1]: Leaving directory '/home/potato/grafene/pomme/upstream/linux-hoolock'
make[1]: Entering directory '/home/potato/grafene/pomme/upstream/linux-hoolock'
make[2]: Entering directory '/home/potato/grafene/pomme/upstream/linux-hoolock/out-initramfs'
  SYNC    include/config/auto.conf.cmd
  GEN     Makefile
  GEN     Makefile
  CALL    ../scripts/checksyscalls.sh
  COPY    usr/initramfs_inc_data
  AS      usr/initramfs_data.o
  AR      usr/built-in.a
  AR      built-in.a
  AR      vmlinux.a
  LD      vmlinux.o
  MODPOST vmlinux.symvers
  KSYMS   .tmp_vmlinux0.kallsyms.S
  AS      .tmp_vmlinux0.kallsyms.o
  LD      .tmp_vmlinux1
  NM      .tmp_vmlinux1.syms
  KSYMS   .tmp_vmlinux1.kallsyms.S
  AS      .tmp_vmlinux1.kallsyms.o
  LD      .tmp_vmlinux2
  NM      .tmp_vmlinux2.syms
  KSYMS   .tmp_vmlinux2.kallsyms.S
  AS      .tmp_vmlinux2.kallsyms.o
  LD      vmlinux.unstripped
  NM      System.map
  SORTTAB vmlinux.unstripped
  OBJCOPY vmlinux
  GEN     modules.builtin.modinfo
  GEN     modules.builtin
  OBJCOPY arch/arm64/boot/Image
make[2]: Leaving directory '/home/potato/grafene/pomme/upstream/linux-hoolock/out-initramfs'
make[1]: Leaving directory '/home/potato/grafene/pomme/upstream/linux-hoolock'
[kernel-build] assert OK: Image.initramfs reports 16K pages
[kernel-build] Image.initramfs sha256: 473660c05084058489fb0d7a0a2241aba21ab8af24256880624172064f597b49
[kernel-build] --- sanity checks ---
/home/potato/grafene/pomme/artifacts/kernel/Image: Linux kernel ARM64 boot executable Image, little-endian, 16K pages
[kernel-build] fdtdump not available; skipping dtb model check (strings fallback):
[kernel-build] t8010-d10.dtb: DApple iPhone 7 (Qualcomm) 
[kernel-build] iPhone 7 / 7+ DTBs present (t8010-d10.dtb, t8010-d101.dtb)
[kernel-build] toolchain tarball sha256: 0213efac9b5577f20d58de9431960a191347ffc2257b27ffe7250522bf1f7867  (/home/potato/toolchains/aarch64-toolchain.tar.xz)
[kernel-build] wall time: 38s
[kernel-build] --- sha256sums of everything produced ---
fe673f45a21b1ba0b3b57ff4c0d1537f513c86be1f64750ab719b919d1cd1333  /home/potato/grafene/pomme/tooling/kernel/config-postmarketos-apple-16k.aarch64
922cd70de047576bd1b2d12982e9d0750134c415d2921d5a1afa0f592a6a0de6  /home/potato/grafene/pomme/tooling/kernel/config-settled.aarch64
57ef480e84829bf69e2bf96b05f932c3a1d8bbf12784657f075513a84aadb4c8  /home/potato/grafene/pomme/artifacts/kernel/Image
fb480afd29fb53b62759c4cb3f2c933b36d00e25aff2921e97f9debc27618594  /home/potato/grafene/pomme/artifacts/kernel/modules.tar.gz
473660c05084058489fb0d7a0a2241aba21ab8af24256880624172064f597b49  /home/potato/grafene/pomme/artifacts/kernel/Image.initramfs
c5c0c14e70b95da5bd96ee2d08407781d2fd746cd141de09c46374a538f1b1bd  /home/potato/grafene/pomme/artifacts/kernel/dtbs/s5l8960x-j71.dtb
af9b4c5a1f6e5b3ac89ab7dee238f10d49802e26b9c4287f0e7134f42600c7ba  /home/potato/grafene/pomme/artifacts/kernel/dtbs/s5l8960x-j72.dtb
29855ff6fc3212d11aa5a82767f4afc4d18f594bf6913a5fdb88ab6b85ba2a8d  /home/potato/grafene/pomme/artifacts/kernel/dtbs/s5l8960x-j73.dtb
6b6b7c8e424baac43892eb12ced67fc3440e5d0b8faf0c3694c3507c44f399d4  /home/potato/grafene/pomme/artifacts/kernel/dtbs/s5l8960x-j85.dtb
23a55a0cac3e543c00741f36ce0d1b3550d99e1248a5ef77f5d9b89b1cd12239  /home/potato/grafene/pomme/artifacts/kernel/dtbs/s5l8960x-j85m.dtb
8e08d68be5a48dc98d9974b8333ba0d5cc9448426eda89852e7c80be3caf37b2  /home/potato/grafene/pomme/artifacts/kernel/dtbs/s5l8960x-j86.dtb
8df83a87fd08180cdaca99c62caff2a70c56cee830aa3b75b4d7e0bd776c4bcf  /home/potato/grafene/pomme/artifacts/kernel/dtbs/s5l8960x-j86m.dtb
0bdd3b5311a88fd58800bd9a6c937381e12875ac2425e04bd2f4a7043d14428c  /home/potato/grafene/pomme/artifacts/kernel/dtbs/s5l8960x-j87.dtb
ac8cf0a64eab98cbe62493dea6a9be8596d29253d56247f71c836d7766fd1ed4  /home/potato/grafene/pomme/artifacts/kernel/dtbs/s5l8960x-j87m.dtb
9f3e48ab5fd2b072aa06cdfe4ae245866a3ed57e517fcf6204bab2d49067fdb3  /home/potato/grafene/pomme/artifacts/kernel/dtbs/s5l8960x-n51.dtb
cb3037be494a2b052355987cae496d20fe6eda0500154cfaefb30f0d5c5f17d5  /home/potato/grafene/pomme/artifacts/kernel/dtbs/s5l8960x-n53.dtb
a26458413d7a486a0cb1293f16518c989768ce3e0a2bcd83128542ac507cbc47  /home/potato/grafene/pomme/artifacts/kernel/dtbs/s8000-j71s.dtb
62b58f2a2d7bf1653a5bdb9873ab8774c1b6d723b78e0ae670b7c670c48d89cd  /home/potato/grafene/pomme/artifacts/kernel/dtbs/s8000-j72s.dtb
0d7dc2ae3003b80c22008790dc4c627877bdf37c8c4fe0a2396fd0e978f0486d  /home/potato/grafene/pomme/artifacts/kernel/dtbs/s8000-n66.dtb
2d699e7e9a77cd1bdfe512a52335d05863c9a5389c838dffffaf2e7b9ca877a0  /home/potato/grafene/pomme/artifacts/kernel/dtbs/s8000-n69u.dtb
b25b2b748d6f934d3b4ed51d9906ae86ae5e031756bfe9009073a4dea7537f58  /home/potato/grafene/pomme/artifacts/kernel/dtbs/s8000-n71.dtb
1d2b53a7a2c0b05646e69a792e101a8e2952dafdf9619c23ba2fa3a8a0df9ee4  /home/potato/grafene/pomme/artifacts/kernel/dtbs/s8001-j127.dtb
17034e8651bb850aaee4db1bdf87e5e9a81976378fd89946e862bdce46e31a0f  /home/potato/grafene/pomme/artifacts/kernel/dtbs/s8001-j128.dtb
2df6456f7360e0376c1b59251cf008b96e15156752683f7b5f9f52117cf028f3  /home/potato/grafene/pomme/artifacts/kernel/dtbs/s8001-j98a.dtb
84e88f3cf8a25a916f54d2407bff707525e8f4a0fbbc495e75e1a0095f0bea83  /home/potato/grafene/pomme/artifacts/kernel/dtbs/s8001-j99a.dtb
3cdd5077e2e5b5f0f883ad4ac705f2ad718778ede30c8c7affd8d89862b8e9d8  /home/potato/grafene/pomme/artifacts/kernel/dtbs/s8003-j71t.dtb
17588448873eb681cfbeb13acea4f27471155c9c13b187371f7889ad2c368dfc  /home/potato/grafene/pomme/artifacts/kernel/dtbs/s8003-j72t.dtb
89f9fa2ad15cc2ffe3f6bcf8df2c56154510e5182e585e2ad40f8f00b4b1dc15  /home/potato/grafene/pomme/artifacts/kernel/dtbs/s8003-n66m.dtb
cbb79a148fec1377b7187a4c9514a968e519f3c2ee796818d41f08fde1dc1dfc  /home/potato/grafene/pomme/artifacts/kernel/dtbs/s8003-n69.dtb
8d8efbec8af5bd99ddfd5d2d89480c9c51de749470bd75c5198cac795765756a  /home/potato/grafene/pomme/artifacts/kernel/dtbs/s8003-n71m.dtb
95b8c2529a694e1cccbb06e91437b2a4533fd35956859829b7a13dbf9cfe9262  /home/potato/grafene/pomme/artifacts/kernel/dtbs/t6000-j314s.dtb
b999cdcebdc3d0c464090f21fa5dd75abd00fc41967cb09b19b2b878cdfd4d89  /home/potato/grafene/pomme/artifacts/kernel/dtbs/t6000-j316s.dtb
6098d0ed72a3d7c8c6b8417065fe8bdb9c940549a2eb2caee6dd78e7d3d19a17  /home/potato/grafene/pomme/artifacts/kernel/dtbs/t6001-j314c.dtb
485b4d5841e45f4b3ba49625d5398a3358c8c163eae1fc82950e3b4f5d661490  /home/potato/grafene/pomme/artifacts/kernel/dtbs/t6001-j316c.dtb
d15c8348526f4a687bd0784d196534295bd711bdffb930c619cbf667c51ba65e  /home/potato/grafene/pomme/artifacts/kernel/dtbs/t6001-j375c.dtb
84f6db8ac40cfd4dada0e812cd65a1d1a8c5d044c04e045336f8455b78cd879a  /home/potato/grafene/pomme/artifacts/kernel/dtbs/t6002-j375d.dtb
9892ce0911b6e1a092fb881c1d8a3bfbe36175eaf3b4cf51190b185fbd3c9712  /home/potato/grafene/pomme/artifacts/kernel/dtbs/t6020-j414s.dtb
8c8f0938a542e98baf3377225671707d9ec1e8ebc7dc374890e421a7d761cde1  /home/potato/grafene/pomme/artifacts/kernel/dtbs/t6020-j416s.dtb
b1014cba72f44f77e9a39fc11c8a93e22a1ed4cdb449242a72824217d62c5401  /home/potato/grafene/pomme/artifacts/kernel/dtbs/t6020-j474s.dtb
6ef13d2bb84b5c018255ac01bce334aedb906876ae82cf7fa70da4a3f4a403a4  /home/potato/grafene/pomme/artifacts/kernel/dtbs/t6021-j414c.dtb
ee669bf9ae22d5d1c59fa942e215e5790c5c2a1c7b74705d48d0e28ff4ae40d9  /home/potato/grafene/pomme/artifacts/kernel/dtbs/t6021-j416c.dtb
a204260796bb90dd61435df469f881d1b4fd32b39a3818a1a4cd770f7d79722a  /home/potato/grafene/pomme/artifacts/kernel/dtbs/t6021-j475c.dtb
5346b3eb344f7d645439036e604d303d3be983e461cb839641f98335a3afcb81  /home/potato/grafene/pomme/artifacts/kernel/dtbs/t6022-j180d.dtb
3a9199eb8374749c154015aa17e4c2449f93f4f699cf7396357d7f8f0152a559  /home/potato/grafene/pomme/artifacts/kernel/dtbs/t6022-j475d.dtb
e632798cd56bdc4ceec2d107a4c437386789bf2794b37677706b53b99fce06b0  /home/potato/grafene/pomme/artifacts/kernel/dtbs/t7000-j42d.dtb
7b1b9e0a19167388b002b02d8b25ff89a899bf53bd76e9448f6cd79b3a79dd5c  /home/potato/grafene/pomme/artifacts/kernel/dtbs/t7000-j96.dtb
cca1e54739f97e70e0a2a9e55f3e8feefb2bc40abed87e3a22ba3833bcba60e8  /home/potato/grafene/pomme/artifacts/kernel/dtbs/t7000-j97.dtb
217110fcaf8d5ce599f10c3bd0c1b94d08d2b3b229eda7f6bea33509b8da21cd  /home/potato/grafene/pomme/artifacts/kernel/dtbs/t7000-n102.dtb
9514566388f85316af6a46740dfdea9c93582c728e8c2a0b50446e8f02ec587d  /home/potato/grafene/pomme/artifacts/kernel/dtbs/t7000-n56.dtb
90dd355d8f950b286b45d4197372b5174f2b8014e7a1dd0f5932d46d01b491eb  /home/potato/grafene/pomme/artifacts/kernel/dtbs/t7000-n61.dtb
577866e307baef4686f5dbd2c3639d050a16cc9117f7f9b78ecfde9dc02795bc  /home/potato/grafene/pomme/artifacts/kernel/dtbs/t7001-j81.dtb
2d20e152ee5308464c75e1a74d59f01cf764e461e58b247851687ab029fdc883  /home/potato/grafene/pomme/artifacts/kernel/dtbs/t7001-j82.dtb
a5bf042656b7749de5f1fc655a17de5f9ca91b6940d04e1f65b42c9b34262d69  /home/potato/grafene/pomme/artifacts/kernel/dtbs/t8010-d10.dtb
bbec66db2b973eff3a65c949c6c65a6d256a2b75d058d6a8a1b400d3c3634f24  /home/potato/grafene/pomme/artifacts/kernel/dtbs/t8010-d101.dtb
f03448b32bc82825cc4a803d76beafc18a1214ca137c6ff05a0ea2d361c97d24  /home/potato/grafene/pomme/artifacts/kernel/dtbs/t8010-d11.dtb
2dae39e230608d77305b96c33274efcdf1bb63a9e6382db9ce19e7b50899f33f  /home/potato/grafene/pomme/artifacts/kernel/dtbs/t8010-d111.dtb
067883636160e6bb4494c69ce4efb62e3b2d413438a476e3fab0b42cf2eda251  /home/potato/grafene/pomme/artifacts/kernel/dtbs/t8010-j171.dtb
8c0c0dee2d1717091cb2bbe2aee5e454aedf11360e564bd718d3b626fac85e4d  /home/potato/grafene/pomme/artifacts/kernel/dtbs/t8010-j172.dtb
3097f80c9085161173440469c5b7bfda209caafba435cfe7f7d7697cfc47ae5e  /home/potato/grafene/pomme/artifacts/kernel/dtbs/t8010-j71b.dtb
b7173f3f1b6ae3b7d30dae5a68dbf6ebce845cd38424cc0fba2f6b4a647e50a6  /home/potato/grafene/pomme/artifacts/kernel/dtbs/t8010-j72b.dtb
eb3038a4a2f9ef12be68e732eec448c597366c2787911fc731924f2ae00ee5ef  /home/potato/grafene/pomme/artifacts/kernel/dtbs/t8010-n112.dtb
987cd0d72aa05fb6bfde0a883ebb9512fd0704ba306269cc5e082d5c84761f3e  /home/potato/grafene/pomme/artifacts/kernel/dtbs/t8011-j105a.dtb
45476d6b671dd201aceabd79d143d5829f420d46cfa5439665c60dd35f831aff  /home/potato/grafene/pomme/artifacts/kernel/dtbs/t8011-j120.dtb
9b02cd0e210893952ba6466030bcdf02ea9ded8256048cd89886c53f43c00556  /home/potato/grafene/pomme/artifacts/kernel/dtbs/t8011-j121.dtb
d4a7c4d408c12b19821605b100d8fae3980eda602c1bcabe1d508873ad548d43  /home/potato/grafene/pomme/artifacts/kernel/dtbs/t8011-j207.dtb
62c05d57603778bedf28e6fb98dc79e33b8056b65159a1ffb3f3e8464fae7904  /home/potato/grafene/pomme/artifacts/kernel/dtbs/t8011-j208.dtb
309798a007dcf733ad797a5b68c9a9e467f879e00f216b266a28c749aeca2fb7  /home/potato/grafene/pomme/artifacts/kernel/dtbs/t8012-j132.dtb
bf9097886c128222796d82ac24df1a1ac3543e562e508b992e1b4ff9f1966cc2  /home/potato/grafene/pomme/artifacts/kernel/dtbs/t8012-j137.dtb
446957eadc04552fe8383b728b657d9015f898dc703290410eb3328cc9893faa  /home/potato/grafene/pomme/artifacts/kernel/dtbs/t8012-j140a.dtb
8df08ba5ab56502cee13d9d7616031739d8be4ddaf4f88901cf1cf9aba0b171b  /home/potato/grafene/pomme/artifacts/kernel/dtbs/t8012-j140k.dtb
139012c12ca6dae59b0c26bcfccaf5d6a46eb15c37cf7e92f6bea7a5b2e1a038  /home/potato/grafene/pomme/artifacts/kernel/dtbs/t8012-j152f.dtb
a4633bc3f048512e659071667993abafcf5941084c27a33d4c56b38bb49be2fb  /home/potato/grafene/pomme/artifacts/kernel/dtbs/t8012-j160.dtb
8d90a30c9d7f0671b77b71711fa35ce71d53a95255d99b81f9bcdd9f1aaef4a4  /home/potato/grafene/pomme/artifacts/kernel/dtbs/t8012-j174.dtb
09d54a05bcd13c0412292c46de1a09e52f05e8c0fe94857316bb698eea96f132  /home/potato/grafene/pomme/artifacts/kernel/dtbs/t8012-j185.dtb
0b4a525e5790770bc7c63f39ab652c254d4c6c9c6dd41f76b385cadb1a30b2cc  /home/potato/grafene/pomme/artifacts/kernel/dtbs/t8012-j185f.dtb
a47a918a01c5ffcbd853935f65f5aa930e1b13083b05e30447e9ee5eed0534b2  /home/potato/grafene/pomme/artifacts/kernel/dtbs/t8012-j213.dtb
84c2e71da4640d846e25f8039d172312c2756db3882c39fbc330bf4540efffd5  /home/potato/grafene/pomme/artifacts/kernel/dtbs/t8012-j214k.dtb
77b351ebcd99ee0b41d969422094756c7fc1d19b62afaa53edad84c09e8bcc5a  /home/potato/grafene/pomme/artifacts/kernel/dtbs/t8012-j215.dtb
c5b18d32f8ca2baa6c27f1b3024328f39cdf7cb7c7964a830c9e5b9b74b77a19  /home/potato/grafene/pomme/artifacts/kernel/dtbs/t8012-j223.dtb
ba2e6b86511c82f39ab120702fc4697df6a70179a7ac15c218bbf690267e42ad  /home/potato/grafene/pomme/artifacts/kernel/dtbs/t8012-j230k.dtb
8ac0c49a52e38cfd481808faa1fcda3196c59571eafa23a345e16be60e5b9f35  /home/potato/grafene/pomme/artifacts/kernel/dtbs/t8012-j680.dtb
29be7e445d5f1276737818a9569f9d9da818c9873942faf3b8a3f3f78909c865  /home/potato/grafene/pomme/artifacts/kernel/dtbs/t8012-j780.dtb
1d2edbcd1d01095d9c4ab71b42f43b6bd56e0b5362d97bd9e9f11db5aced520b  /home/potato/grafene/pomme/artifacts/kernel/dtbs/t8015-d20.dtb
a780d8acfe4c75a0fc852d429ead345958a29150f401535aacddb93bc0f90d90  /home/potato/grafene/pomme/artifacts/kernel/dtbs/t8015-d201.dtb
34c92c8a1c9d5bb3dfecc287dcf355b4517086a9668b05d11abf668c162eb5d8  /home/potato/grafene/pomme/artifacts/kernel/dtbs/t8015-d21.dtb
c79047608c47113b1951ea6c7cd644896c545c1655c86e5bb315b926eb5467e7  /home/potato/grafene/pomme/artifacts/kernel/dtbs/t8015-d211.dtb
418e4e14206f3f572be9fedd0955c944fb02cd3449270890f3f938903776ea7f  /home/potato/grafene/pomme/artifacts/kernel/dtbs/t8015-d22.dtb
aa9a8566b321a5f17a89cc0b5ae15dc9e0077332bbc6bea88d7de781c7329361  /home/potato/grafene/pomme/artifacts/kernel/dtbs/t8015-d221.dtb
bdcc6d002f95832bed2730abd444bcccc10e2737156bfeff8e927b48f2e97b71  /home/potato/grafene/pomme/artifacts/kernel/dtbs/t8103-j274.dtb
12497d976569e1ee1918a65c2552fcf4f486395347afe337dc033c95e96702a9  /home/potato/grafene/pomme/artifacts/kernel/dtbs/t8103-j293.dtb
14bcbf24acf531055a11ad2ac67ed34a8c64e64961a98a106825e5ecf02fc56d  /home/potato/grafene/pomme/artifacts/kernel/dtbs/t8103-j313.dtb
0a59f063407fa5451125b1c80b7d46be1203103968c7cc58518dc5f29f8786d6  /home/potato/grafene/pomme/artifacts/kernel/dtbs/t8103-j456.dtb
16269e33c58b8b1cf650c9351d9b46fab7bb7572bab945fefb37bacc7f6627c2  /home/potato/grafene/pomme/artifacts/kernel/dtbs/t8103-j457.dtb
f3230412d111adff4519d7fba90158916abc2f201ccc67fe99ce56e18fd2a288  /home/potato/grafene/pomme/artifacts/kernel/dtbs/t8112-j413.dtb
d9cac72c0ac35a17de0a10c326221f61a60adc67ed25baee47ec1d33b3e75f6c  /home/potato/grafene/pomme/artifacts/kernel/dtbs/t8112-j415.dtb
74ca2b47ce5853f88d50c53e4f4b5ddb9e25e08eb4b8910c6434d26d1481bdc6  /home/potato/grafene/pomme/artifacts/kernel/dtbs/t8112-j473.dtb
e80ac371c51c0a57442aff0fc9ea19644125d7bbcab17291ed05f3237a9a5acc  /home/potato/grafene/pomme/artifacts/kernel/dtbs/t8112-j493.dtb
[kernel-build] artifact sizes:
-rw-rw-r-- 1 potato potato 20220416 Sep 29 19:33 /home/potato/grafene/pomme/artifacts/kernel/Image
-rw-rw-r-- 1 potato potato  6305739 Sep 29 19:33 /home/potato/grafene/pomme/artifacts/kernel/modules.tar.gz
-rw-rw-r-- 1 potato potato 20941312 Sep 29 19:33 /home/potato/grafene/pomme/artifacts/kernel/Image.initramfs
3237665	/home/potato/grafene/pomme/artifacts/kernel/dtbs
[kernel-build] DONE stage=kernel release=7.0.12-gdfa4d4208131-dirty wall=38s
ci-local: PASS: kernel: build completed
ci-local: PASS: kernel: success marker found in evidence/builds/kernel_20260929_193316.log (pattern: \[kernel-build\] DONE stage=kernel)

═══ stage: images ═══
ci-local: building images: make images (log: evidence/builds/images_<ts>.log)
[images-build] stage=images version=3.24.2 started=2026-09-29T16:33:54Z
[images-build] repo=/home/potato/grafene/pomme
[images-build] host busybox: BusyBox v1.36.1 (Ubuntu 1:1.36.1-6ubuntu3.1) multi-call binary.
[images-build] mke2fs: mke2fs 1.47.0 (5-Feb-2023)
[images-build] cpio:   cpio (GNU cpio) 2.15
[images-build] gzip:   gzip 1.12
[images-build] depmod: kmod version 31
[images-build] qemu-user not available: busybox binary-class smoke test will be SKIPPED with a note
[images-build] alpine-minirootfs: reusing cached alpine-minirootfs-3.24.2-aarch64.tar.gz (sha256 OK)
[images-build] alpine-minirootfs: matches mirror-published .sha256 sidecar
[images-build] busybox-static: reusing cached busybox-static-1.37.0-r31.apk (sha256 OK)
[images-build] alpine-minirootfs: 4028030 bytes; busybox-static apk: 661032 bytes
[images-build] busybox.static: /home/potato/grafene/pomme/out/images/apk-scratch/bin/busybox.static: ELF 64-bit LSB pie executable, ARM aarch64, version 1 (SYSV), static-pie linked, BuildID[sha1]=89e025448d2719b7af524db0fa141e9c1fa9c1f4, stripped
[images-build] busybox.static binary class: aarch64 (as pinned)
[images-build] busybox.static: all init-critical applets present in applet table
[images-build] staging initramfs at /home/potato/grafene/pomme/out/images/initramfs
[images-build] busybox applet symlinks installed (70 links)
[images-build] kernel modules tarball found (6305739 bytes); integrating
[images-build] modules tarball unpacked (stable at sha256 fb480afd29fb…)
[images-build] kernel release: 7.0.12-gdfa4d4208131-dirty
[images-build] rootfs: full modules tree copied to /lib/modules/7.0.12-gdfa4d4208131-dirty
[images-build] initramfs module closure: present=(usb_f_ncm usb_f_fs nbd) builtin=(configfs libcomposite usb_f_acm) missing=(none)
[images-build] initramfs: depmod regenerated modules.dep for 7.0.12-gdfa4d4208131-dirty
[images-build] packing initramfs (newc cpio --reproducible, gzip -9 -n, entries forced to uid/gid 0:0, mtimes pinned)
[images-build] initramfs.cpio.gz: 724900 bytes sha256=39f349e94c6c2ba6d1ff1bd166cd0402ad8e861bd721e1560db87f2ef7c180ac
[images-build] staging rootfs at /home/potato/grafene/pomme/out/images/rootfs (Alpine minirootfs + overlays)
[images-build] rootfs: added ttyGS0 getty to /etc/inittab
[images-build] rootfs: overlays written (interfaces, inittab ttyGS0, motd, ROOTFS.txt)
[images-build] rootfs: depmod OK for 7.0.12-gdfa4d4208131-dirty
[images-build] staged rootfs: 16904 KiB; image size 256MB
[images-build] creating ext4 image with mke2fs -d (no root needed, fakeroot for 0:0)
Creating regular file /home/potato/grafene/pomme/artifacts/images/rootfs.img
[images-build] rootfs.img (pre-e2fsck): 06e4315d37c796a1d1c4038ca957bc4afd998e22cbf987ce591543148d9e56d1
[images-build] ---------------------------------------- smoke tests
[images-build] smoke 1 PASS: sh -n (host /bin/sh + busybox ash) on tooling/images/initramfs/init
[images-build] smoke 2 PASS: gzip -t on initramfs.cpio.gz
[images-build] smoke 3 PASS: cpio -t listing: 112 entries; top-level: . bin dev etc init lib proc root run sbin sys tmp 
[images-build] smoke 3 head of listing:
[images-build]   .
[images-build]   lib
[images-build]   lib/modules
[images-build]   lib/modules/7.0.12-gdfa4d4208131-dirty
[images-build]   lib/modules/7.0.12-gdfa4d4208131-dirty/modules.dep.bin
[images-build]   lib/modules/7.0.12-gdfa4d4208131-dirty/modules.alias.bin
[images-build]   lib/modules/7.0.12-gdfa4d4208131-dirty/modules.builtin.alias.bin
[images-build]   lib/modules/7.0.12-gdfa4d4208131-dirty/modules.dep
[images-build]   lib/modules/7.0.12-gdfa4d4208131-dirty/modules.symbols
[images-build]   lib/modules/7.0.12-gdfa4d4208131-dirty/modules.symbols.bin
[images-build]   lib/modules/7.0.12-gdfa4d4208131-dirty/modules.devname
[images-build]   lib/modules/7.0.12-gdfa4d4208131-dirty/kernel
[images-build] smoke 4 file(initramfs): /home/potato/grafene/pomme/artifacts/images/initramfs.cpio.gz: gzip compressed data, max compression, from Unix, original size modulo 2^32 1201152
[images-build] smoke 4 file(rootfs):    /home/potato/grafene/pomme/artifacts/images/rootfs.img: Linux rev 1.0 ext4 filesystem data, UUID=024374a7-f01f-4802-9657-52769e62762a, volume name "pomme-rootfs" (extents) (64bit) (large files) (huge files)
[images-build] smoke 4 PASS: file(1) classes correct
[images-build] smoke 5 PASS: e2fsck -f exit 0
[images-build] e2fsck summary: Pass 5: Checking group summary information pomme-rootfs: 1001/65536 files (0.0% non-contiguous), 12336/65536 blocks 
[images-build] smoke 6 rootfs /etc/passwd ownership: uid=0 gid=0
[images-build] smoke 6 PASS: rootfs files owned by root:root inside the image
[images-build] smoke 7 PASS: /ROOTFS.txt and usb0 interfaces present inside rootfs.img
[images-build] smoke 8 SKIP: qemu-user unavailable on this host: skipped the run-the-binary-class smoke test (binary verified by file(1) as statically linked aarch64 ELF instead)
[images-build] smoke note: qemu-user unavailable on this host: skipped the run-the-binary-class smoke test (binary verified by file(1) as statically linked aarch64 ELF instead)
[images-build] rootfs.img (shipped, post-e2fsck): 268435456 bytes sha256=a0f2f79c34c6930ac56ea9b871d58e83b1eeeab2cf653f9bc93d923a24954336
[images-build] writing provenance.json
[images-build] provenance.json: valid JSON
[images-build] ---------------------------------------- final artifact listing
39f349e94c6c2ba6d1ff1bd166cd0402ad8e861bd721e1560db87f2ef7c180ac  724900 bytes  artifacts/images/initramfs.cpio.gz
a0f2f79c34c6930ac56ea9b871d58e83b1eeeab2cf653f9bc93d923a24954336  268435456 bytes  artifacts/images/rootfs.img
c98b4d7897db4af3c13b1c12aa35babd0dbc534ab13afcce5ff7ce20ace63a3a  3655 bytes  artifacts/images/provenance.json
[images-build] reproducibility check PASS: re-packed initramfs sha256 identical (39f349e94c6c…)
[images-build] done (stage=images version=3.24.2)
ci-local: PASS: images: build completed
ci-local: PASS: images: success marker found in evidence/builds/images_20260929_193354.log (pattern: done \(stage=images version=)

═══ manifest + verify ═══
manifest: internal validation OK (4 stage entries)

== artifacts/manifest.json summary ==
STAGE      FILES                        BYTES        UPSTREAM COMMIT                                BUILD LOG
gaster     1                            47032        20958256a470                                   evidence/builds/gaster_2095825+pomme1_20260929.log [OK]
pongoos    3                            705308       e98323f8a09a, f9ea5054de8f                     evidence/builds/pongoos_2.6.3-e98323f8_20260929.log [OK]
kernel     95                           50705132     dfa4d4208131                                   evidence/builds/kernel_7.0.12-hoolock_20260929.log [OK]
images     2                            269160356    -                                              evidence/builds/images_3.24.2_20260929.log [OK]

manifest: wrote /home/potato/grafene/pomme/artifacts/manifest.json
ci-local: PASS: manifest: artifacts/manifest.json generated
PASS: VERSION present (0.1.0)
PASS: docs/pipeline-conventions.md present
PASS: artifacts/manifest.json parses as JSON
PASS: manifest version matches VERSION file (0.1.0)
PASS: gaster: artifacts/gaster/provenance.json present
PASS: gaster: sha256 OK: artifacts/gaster/gaster
PASS: gaster: build_log present: evidence/builds/gaster_2095825+pomme1_20260929.log
PASS: gaster: upstream pin resolves: gaster.json (20958256a470)
PASS: pongoos: artifacts/pongoos/provenance.json present
PASS: pongoos: sha256 OK: artifacts/pongoos/Pongo.bin
PASS: pongoos: sha256 OK: artifacts/pongoos/Pongo.macho
PASS: pongoos: sha256 OK: artifacts/pongoos/checkra1n-kpf-pongo.macho
PASS: pongoos: build_log present: evidence/builds/pongoos_2.6.3-e98323f8_20260929.log
PASS: pongoos: upstream pin resolves: pongoos.json (e98323f8a09a)
PASS: pongoos: upstream pin resolves (submodule of pongoos.json): https://github.com/checkra1n/newlib (f9ea5054de8f)
PASS: kernel: artifacts/kernel/provenance.json present
PASS: kernel: sha256 OK: artifacts/kernel/Image
PASS: kernel: sha256 OK: artifacts/kernel/Image.initramfs
PASS: kernel: sha256 OK: artifacts/kernel/modules.tar.gz
PASS: kernel: sha256 OK: artifacts/kernel/dtbs/s5l8960x-j71.dtb
PASS: kernel: sha256 OK: artifacts/kernel/dtbs/s5l8960x-j72.dtb
PASS: kernel: sha256 OK: artifacts/kernel/dtbs/s5l8960x-j73.dtb
PASS: kernel: sha256 OK: artifacts/kernel/dtbs/s5l8960x-j85.dtb
PASS: kernel: sha256 OK: artifacts/kernel/dtbs/s5l8960x-j85m.dtb
PASS: kernel: sha256 OK: artifacts/kernel/dtbs/s5l8960x-j86.dtb
PASS: kernel: sha256 OK: artifacts/kernel/dtbs/s5l8960x-j86m.dtb
PASS: kernel: sha256 OK: artifacts/kernel/dtbs/s5l8960x-j87.dtb
PASS: kernel: sha256 OK: artifacts/kernel/dtbs/s5l8960x-j87m.dtb
PASS: kernel: sha256 OK: artifacts/kernel/dtbs/s5l8960x-n51.dtb
PASS: kernel: sha256 OK: artifacts/kernel/dtbs/s5l8960x-n53.dtb
PASS: kernel: sha256 OK: artifacts/kernel/dtbs/s8000-j71s.dtb
PASS: kernel: sha256 OK: artifacts/kernel/dtbs/s8000-j72s.dtb
PASS: kernel: sha256 OK: artifacts/kernel/dtbs/s8000-n66.dtb
PASS: kernel: sha256 OK: artifacts/kernel/dtbs/s8000-n69u.dtb
PASS: kernel: sha256 OK: artifacts/kernel/dtbs/s8000-n71.dtb
PASS: kernel: sha256 OK: artifacts/kernel/dtbs/s8001-j127.dtb
PASS: kernel: sha256 OK: artifacts/kernel/dtbs/s8001-j128.dtb
PASS: kernel: sha256 OK: artifacts/kernel/dtbs/s8001-j98a.dtb
PASS: kernel: sha256 OK: artifacts/kernel/dtbs/s8001-j99a.dtb
PASS: kernel: sha256 OK: artifacts/kernel/dtbs/s8003-j71t.dtb
PASS: kernel: sha256 OK: artifacts/kernel/dtbs/s8003-j72t.dtb
PASS: kernel: sha256 OK: artifacts/kernel/dtbs/s8003-n66m.dtb
PASS: kernel: sha256 OK: artifacts/kernel/dtbs/s8003-n69.dtb
PASS: kernel: sha256 OK: artifacts/kernel/dtbs/s8003-n71m.dtb
PASS: kernel: sha256 OK: artifacts/kernel/dtbs/t6000-j314s.dtb
PASS: kernel: sha256 OK: artifacts/kernel/dtbs/t6000-j316s.dtb
PASS: kernel: sha256 OK: artifacts/kernel/dtbs/t6001-j314c.dtb
PASS: kernel: sha256 OK: artifacts/kernel/dtbs/t6001-j316c.dtb
PASS: kernel: sha256 OK: artifacts/kernel/dtbs/t6001-j375c.dtb
PASS: kernel: sha256 OK: artifacts/kernel/dtbs/t6002-j375d.dtb
PASS: kernel: sha256 OK: artifacts/kernel/dtbs/t6020-j414s.dtb
PASS: kernel: sha256 OK: artifacts/kernel/dtbs/t6020-j416s.dtb
PASS: kernel: sha256 OK: artifacts/kernel/dtbs/t6020-j474s.dtb
PASS: kernel: sha256 OK: artifacts/kernel/dtbs/t6021-j414c.dtb
PASS: kernel: sha256 OK: artifacts/kernel/dtbs/t6021-j416c.dtb
PASS: kernel: sha256 OK: artifacts/kernel/dtbs/t6021-j475c.dtb
PASS: kernel: sha256 OK: artifacts/kernel/dtbs/t6022-j180d.dtb
PASS: kernel: sha256 OK: artifacts/kernel/dtbs/t6022-j475d.dtb
PASS: kernel: sha256 OK: artifacts/kernel/dtbs/t7000-j42d.dtb
PASS: kernel: sha256 OK: artifacts/kernel/dtbs/t7000-j96.dtb
PASS: kernel: sha256 OK: artifacts/kernel/dtbs/t7000-j97.dtb
PASS: kernel: sha256 OK: artifacts/kernel/dtbs/t7000-n102.dtb
PASS: kernel: sha256 OK: artifacts/kernel/dtbs/t7000-n56.dtb
PASS: kernel: sha256 OK: artifacts/kernel/dtbs/t7000-n61.dtb
PASS: kernel: sha256 OK: artifacts/kernel/dtbs/t7001-j81.dtb
PASS: kernel: sha256 OK: artifacts/kernel/dtbs/t7001-j82.dtb
PASS: kernel: sha256 OK: artifacts/kernel/dtbs/t8010-d10.dtb
PASS: kernel: sha256 OK: artifacts/kernel/dtbs/t8010-d101.dtb
PASS: kernel: sha256 OK: artifacts/kernel/dtbs/t8010-d11.dtb
PASS: kernel: sha256 OK: artifacts/kernel/dtbs/t8010-d111.dtb
PASS: kernel: sha256 OK: artifacts/kernel/dtbs/t8010-j171.dtb
PASS: kernel: sha256 OK: artifacts/kernel/dtbs/t8010-j172.dtb
PASS: kernel: sha256 OK: artifacts/kernel/dtbs/t8010-j71b.dtb
PASS: kernel: sha256 OK: artifacts/kernel/dtbs/t8010-j72b.dtb
PASS: kernel: sha256 OK: artifacts/kernel/dtbs/t8010-n112.dtb
PASS: kernel: sha256 OK: artifacts/kernel/dtbs/t8011-j105a.dtb
PASS: kernel: sha256 OK: artifacts/kernel/dtbs/t8011-j120.dtb
PASS: kernel: sha256 OK: artifacts/kernel/dtbs/t8011-j121.dtb
PASS: kernel: sha256 OK: artifacts/kernel/dtbs/t8011-j207.dtb
PASS: kernel: sha256 OK: artifacts/kernel/dtbs/t8011-j208.dtb
PASS: kernel: sha256 OK: artifacts/kernel/dtbs/t8012-j132.dtb
PASS: kernel: sha256 OK: artifacts/kernel/dtbs/t8012-j137.dtb
PASS: kernel: sha256 OK: artifacts/kernel/dtbs/t8012-j140a.dtb
PASS: kernel: sha256 OK: artifacts/kernel/dtbs/t8012-j140k.dtb
PASS: kernel: sha256 OK: artifacts/kernel/dtbs/t8012-j152f.dtb
PASS: kernel: sha256 OK: artifacts/kernel/dtbs/t8012-j160.dtb
PASS: kernel: sha256 OK: artifacts/kernel/dtbs/t8012-j174.dtb
PASS: kernel: sha256 OK: artifacts/kernel/dtbs/t8012-j185.dtb
PASS: kernel: sha256 OK: artifacts/kernel/dtbs/t8012-j185f.dtb
PASS: kernel: sha256 OK: artifacts/kernel/dtbs/t8012-j213.dtb
PASS: kernel: sha256 OK: artifacts/kernel/dtbs/t8012-j214k.dtb
PASS: kernel: sha256 OK: artifacts/kernel/dtbs/t8012-j215.dtb
PASS: kernel: sha256 OK: artifacts/kernel/dtbs/t8012-j223.dtb
PASS: kernel: sha256 OK: artifacts/kernel/dtbs/t8012-j230k.dtb
PASS: kernel: sha256 OK: artifacts/kernel/dtbs/t8012-j680.dtb
PASS: kernel: sha256 OK: artifacts/kernel/dtbs/t8012-j780.dtb
PASS: kernel: sha256 OK: artifacts/kernel/dtbs/t8015-d20.dtb
PASS: kernel: sha256 OK: artifacts/kernel/dtbs/t8015-d201.dtb
PASS: kernel: sha256 OK: artifacts/kernel/dtbs/t8015-d21.dtb
PASS: kernel: sha256 OK: artifacts/kernel/dtbs/t8015-d211.dtb
PASS: kernel: sha256 OK: artifacts/kernel/dtbs/t8015-d22.dtb
PASS: kernel: sha256 OK: artifacts/kernel/dtbs/t8015-d221.dtb
PASS: kernel: sha256 OK: artifacts/kernel/dtbs/t8103-j274.dtb
PASS: kernel: sha256 OK: artifacts/kernel/dtbs/t8103-j293.dtb
PASS: kernel: sha256 OK: artifacts/kernel/dtbs/t8103-j313.dtb
PASS: kernel: sha256 OK: artifacts/kernel/dtbs/t8103-j456.dtb
PASS: kernel: sha256 OK: artifacts/kernel/dtbs/t8103-j457.dtb
PASS: kernel: sha256 OK: artifacts/kernel/dtbs/t8112-j413.dtb
PASS: kernel: sha256 OK: artifacts/kernel/dtbs/t8112-j415.dtb
PASS: kernel: sha256 OK: artifacts/kernel/dtbs/t8112-j473.dtb
PASS: kernel: sha256 OK: artifacts/kernel/dtbs/t8112-j493.dtb
PASS: kernel: build_log present: evidence/builds/kernel_7.0.12-hoolock_20260929.log
PASS: kernel: upstream pin resolves: linux-hoolock.json (dfa4d4208131)
PASS: images: artifacts/images/provenance.json present
PASS: images: sha256 OK: artifacts/images/initramfs.cpio.gz
PASS: images: sha256 OK: artifacts/images/rootfs.img
PASS: images: build_log present: evidence/builds/images_3.24.2_20260929.log
PASS: upstream pin parses: gaster.json
PASS: upstream pin parses: linux-hoolock.json
PASS: upstream pin parses: linux-sandcastle.json
PASS: upstream pin parses: m1n1-apple-idevice.json
PASS: upstream pin parses: palera1n.json
PASS: upstream pin parses: pmaports.json
PASS: upstream pin parses: pongoos-checkra1n.json
PASS: upstream pin parses: pongoos.json
PASS: upstream pin parses: projectsandcastle.json
__VERIFY_RC__ 0

== verify summary ==
checks: 2, failures: 0
RESULT: PASS
ci-local: PASS: verify: scripts/verify.sh PASS

═══ summary ═══
  PASS: gaster: build completed
  PASS: gaster: success marker found in evidence/builds/gaster_20260929_193308.log (pattern: smoke_test_result: PASS)
  PASS: pongoos: build completed
  PASS: pongoos: success marker found in evidence/builds/pongoos_20260929_193315.log (pattern: \[pongoos-build\] OK)
  PASS: kernel: build completed
  PASS: kernel: success marker found in evidence/builds/kernel_20260929_193316.log (pattern: \[kernel-build\] DONE stage=kernel)
  PASS: images: build completed
  PASS: images: success marker found in evidence/builds/images_20260929_193354.log (pattern: done \(stage=images version=)
  PASS: manifest: artifacts/manifest.json generated
  PASS: verify: scripts/verify.sh PASS
ci-local: RESULT: PASS
